rm -f ../bin/*.o ../bin/*.mod ../bin/main_serial.x ../bin/main_parallel_replicas.x
rm -f *.o *.mod
MPI wrapper       : mpif90
Wrapper backend   : ifort -I/aplic/MPI/OpenMPI/3.1.3_ics-2015.0/include -I/aplic/MPI/OpenMPI/3.1.3_ics-2015.0/lib -Wl,-rpath -Wl,/aplic/MPI/OpenMPI/3.1.3_ics-2015.0/lib -Wl,--enable-new-dtags -L/aplic/MPI/OpenMPI/3.1.3_ics-2015.0/lib -lmpi_usempif08 -lmpi_usempi_ignore_tkr -lmpi_mpifh -lmpi
Compiler family   : intel
FFLAGS            : -O2 -warn all -fpp -I../bin
OMP_THREADS       : 1
NP                : 3
mpif90 -O2 -warn all -fpp -I../bin -module ../bin -c lib/parameters.f90 -o ../bin/parameters.o
mpif90 -O2 -warn all -fpp -I../bin -module ../bin -c lib/io.f90 -o ../bin/io.o
mpif90 -O2 -warn all -fpp -I../bin -module ../bin -c lib/initial-conf.f90 -o ../bin/initial-conf.o
mpif90 -O2 -warn all -fpp -I../bin -module ../bin -c lib/energy.f90 -o ../bin/energy.o
mpif90 -O2 -warn all -fpp -I../bin -module ../bin -c lib/energy_all_atoms.f90 -o ../bin/energy_all_atoms.o
mpif90 -O2 -warn all -fpp -I../bin -module ../bin -c lib/monte_carlo.f90 -o ../bin/monte_carlo.o
mpif90 -O2 -warn all -fpp -I../bin -module ../bin -c lib/observables.f90 -o ../bin/observables.o
mpif90 -O2 -warn all -fpp -I../bin -module ../bin -c main_serial.f90 -o ../bin/main_serial.o
mpif90 -O2 -warn all -fpp -I../bin -o ../bin/main_serial.x ../bin/parameters.o ../bin/io.o ../bin/initial-conf.o ../bin/energy.o ../bin/energy_all_atoms.o ../bin/monte_carlo.o ../bin/observables.o ../bin/main_serial.o
Running serial: nc=20, conf=1, steps=1000000
 [MC Simulation] Initialization Complete
 [MC Simulation] Carbons: 20
 [MC Simulation] Total Steps: 1000000
 [MC Simulation] T_ini (K):   300.0000  T_fin (K):   300.0000
 [MC Simulation] Cooling factor per step:   0.0000E+00
 ------------------------------------------------------------
 Step:         1 | Energy:     -0.8365 | Acc:  0.00%
 Step:     10000 | Energy:      5.4639 | Acc: 33.55%
 Step:     20000 | Energy:      9.7804 | Acc: 32.34%
 Step:     30000 | Energy:      4.3025 | Acc: 33.96%
 Step:     40000 | Energy:      9.7758 | Acc: 33.22%
 Step:     50000 | Energy:      8.9854 | Acc: 32.95%
 Step:     60000 | Energy:      5.1108 | Acc: 33.94%
 Step:     70000 | Energy:      8.8430 | Acc: 33.81%
 Step:     80000 | Energy:      7.5331 | Acc: 33.37%
 Step:     90000 | Energy:      7.4173 | Acc: 32.99%
 Step:    100000 | Energy:      9.3768 | Acc: 32.94%
 Step:    110000 | Energy:      8.0188 | Acc: 32.41%
 Step:    120000 | Energy:      8.5804 | Acc: 32.33%
 Step:    130000 | Energy:      3.8459 | Acc: 32.75%
 Step:    140000 | Energy:     10.1445 | Acc: 32.67%
 Step:    150000 | Energy:     11.9568 | Acc: 33.00%
 Step:    160000 | Energy:     11.5099 | Acc: 33.27%
 Step:    170000 | Energy:     11.2198 | Acc: 33.19%
 Step:    180000 | Energy:     12.9036 | Acc: 33.31%
 Step:    190000 | Energy:      8.5840 | Acc: 33.41%
 Step:    200000 | Energy:      8.1285 | Acc: 33.39%
 Step:    210000 | Energy:      8.9546 | Acc: 33.29%
 Step:    220000 | Energy:      9.5497 | Acc: 33.44%
 Step:    230000 | Energy:     10.4381 | Acc: 33.55%
 Step:    240000 | Energy:     11.5425 | Acc: 33.74%
 Step:    250000 | Energy:      9.0659 | Acc: 33.78%
 Step:    260000 | Energy:      9.1550 | Acc: 33.91%
 Step:    270000 | Energy:     12.3237 | Acc: 33.95%
 Step:    280000 | Energy:      6.8140 | Acc: 34.01%
 Step:    290000 | Energy:      8.5818 | Acc: 34.01%
 Step:    300000 | Energy:      4.6865 | Acc: 34.00%
 Step:    310000 | Energy:      6.5517 | Acc: 33.86%
 Step:    320000 | Energy:      5.8175 | Acc: 33.65%
 Step:    330000 | Energy:      8.6914 | Acc: 33.39%
 Step:    340000 | Energy:      4.9999 | Acc: 33.55%
 Step:    350000 | Energy:      7.8482 | Acc: 33.45%
 Step:    360000 | Energy:      8.8900 | Acc: 33.38%
 Step:    370000 | Energy:     11.0475 | Acc: 33.34%
 Step:    380000 | Energy:      7.9149 | Acc: 33.14%
 Step:    390000 | Energy:     10.2842 | Acc: 33.17%
 Step:    400000 | Energy:      6.6436 | Acc: 33.32%
 Step:    410000 | Energy:      6.8032 | Acc: 33.46%
 Step:    420000 | Energy:      9.5139 | Acc: 33.44%
 Step:    430000 | Energy:      5.5870 | Acc: 33.30%
 Step:    440000 | Energy:     10.5369 | Acc: 33.18%
 Step:    450000 | Energy:     12.5670 | Acc: 33.20%
 Step:    460000 | Energy:     11.1703 | Acc: 33.28%
 Step:    470000 | Energy:      9.3860 | Acc: 33.40%
 Step:    480000 | Energy:      7.8239 | Acc: 33.48%
 Step:    490000 | Energy:      5.8356 | Acc: 33.51%
 Step:    500000 | Energy:      4.9999 | Acc: 33.37%
 Step:    510000 | Energy:      6.7523 | Acc: 33.23%
 Step:    520000 | Energy:     13.1235 | Acc: 33.23%
 Step:    530000 | Energy:      4.9998 | Acc: 33.28%
 Step:    540000 | Energy:      9.7113 | Acc: 33.24%
 Step:    550000 | Energy:      7.7596 | Acc: 33.10%
 Step:    560000 | Energy:      6.5014 | Acc: 33.13%
 Step:    570000 | Energy:     10.6952 | Acc: 33.22%
 Step:    580000 | Energy:      7.4761 | Acc: 33.24%
 Step:    590000 | Energy:      7.4914 | Acc: 33.29%
 Step:    600000 | Energy:      8.8870 | Acc: 33.32%
 Step:    610000 | Energy:     11.1835 | Acc: 33.40%
 Step:    620000 | Energy:     10.8881 | Acc: 33.43%
 Step:    630000 | Energy:      3.8845 | Acc: 33.29%
 Step:    640000 | Energy:      3.3725 | Acc: 33.20%
 Step:    650000 | Energy:      8.5765 | Acc: 33.15%
 Step:    660000 | Energy:      9.3367 | Acc: 33.23%
 Step:    670000 | Energy:      6.1668 | Acc: 33.27%
 Step:    680000 | Energy:      4.1320 | Acc: 33.15%
 Step:    690000 | Energy:      7.1367 | Acc: 33.18%
 Step:    700000 | Energy:      4.6668 | Acc: 33.16%
 Step:    710000 | Energy:     12.6951 | Acc: 33.14%
 Step:    720000 | Energy:      7.7652 | Acc: 33.21%
 Step:    730000 | Energy:      5.0418 | Acc: 33.20%
 Step:    740000 | Energy:      4.7483 | Acc: 33.20%
 Step:    750000 | Energy:      7.0551 | Acc: 33.27%
 Step:    760000 | Energy:      8.4053 | Acc: 33.23%
 Step:    770000 | Energy:     10.2490 | Acc: 33.21%
 Step:    780000 | Energy:      9.8013 | Acc: 33.21%
 Step:    790000 | Energy:      8.4010 | Acc: 33.19%
 Step:    800000 | Energy:     10.2179 | Acc: 33.25%
 Step:    810000 | Energy:      7.5503 | Acc: 33.28%
 Step:    820000 | Energy:      7.8231 | Acc: 33.30%
 Step:    830000 | Energy:     15.5051 | Acc: 33.36%
 Step:    840000 | Energy:     12.3444 | Acc: 33.39%
 Step:    850000 | Energy:      8.8723 | Acc: 33.44%
 Step:    860000 | Energy:      9.3754 | Acc: 33.49%
 Step:    870000 | Energy:      7.6736 | Acc: 33.49%
 Step:    880000 | Energy:     11.6823 | Acc: 33.49%
 Step:    890000 | Energy:      8.2084 | Acc: 33.53%
 Step:    900000 | Energy:     12.9303 | Acc: 33.46%
 Step:    910000 | Energy:      9.9438 | Acc: 33.51%
 Step:    920000 | Energy:     13.8185 | Acc: 33.56%
 Step:    930000 | Energy:      6.7115 | Acc: 33.59%
 Step:    940000 | Energy:      5.4615 | Acc: 33.52%
 Step:    950000 | Energy:     10.0361 | Acc: 33.49%
 Step:    960000 | Energy:     11.4215 | Acc: 33.52%
 Step:    970000 | Energy:      6.7543 | Acc: 33.49%
 Step:    980000 | Energy:      4.2581 | Acc: 33.42%
 Step:    990000 | Energy:      4.3161 | Acc: 33.34%
 Step:   1000000 | Energy:     10.2092 | Acc: 33.28%
 ------------------------------------------------------------
 [MC Simulation] WALL TIME:      14.4543 s
 [MC Simulation] Finished Successfully
Running serial: nc=20, conf=4, steps=1000000
 [MC Simulation] Initialization Complete
 [MC Simulation] Carbons: 20
 [MC Simulation] Total Steps: 1000000
 [MC Simulation] T_ini (K):   300.0000  T_fin (K):   300.0000
 [MC Simulation] Cooling factor per step:   0.0000E+00
 ------------------------------------------------------------
 Step:         1 | Energy:      6.5429 | Acc:100.00%
 Step:     10000 | Energy:     11.2416 | Acc: 38.62%
 Step:     20000 | Energy:      7.6056 | Acc: 36.74%
 Step:     30000 | Energy:      6.9217 | Acc: 34.43%
 Step:     40000 | Energy:      6.2132 | Acc: 33.75%
 Step:     50000 | Energy:      8.9457 | Acc: 34.59%
 Step:     60000 | Energy:      7.5830 | Acc: 35.25%
 Step:     70000 | Energy:      5.3499 | Acc: 35.66%
 Step:     80000 | Energy:      6.8332 | Acc: 35.08%
 Step:     90000 | Energy:      9.4462 | Acc: 34.52%
 Step:    100000 | Energy:      9.0410 | Acc: 34.80%
 Step:    110000 | Energy:      9.4219 | Acc: 34.84%
 Step:    120000 | Energy:     13.2923 | Acc: 34.60%
 Step:    130000 | Energy:      3.2657 | Acc: 34.14%
 Step:    140000 | Energy:     13.2083 | Acc: 33.56%
 Step:    150000 | Energy:     17.4325 | Acc: 33.77%
 Step:    160000 | Energy:      1.8232 | Acc: 33.73%
 Step:    170000 | Energy:      8.6722 | Acc: 33.54%
 Step:    180000 | Energy:      7.4113 | Acc: 33.81%
 Step:    190000 | Energy:      4.3810 | Acc: 34.04%
 Step:    200000 | Energy:     13.6386 | Acc: 33.98%
 Step:    210000 | Energy:      8.7159 | Acc: 33.85%
 Step:    220000 | Energy:      7.0502 | Acc: 34.04%
 Step:    230000 | Energy:      5.9719 | Acc: 34.19%
 Step:    240000 | Energy:     15.0031 | Acc: 34.34%
 Step:    250000 | Energy:      8.6439 | Acc: 34.37%
 Step:    260000 | Energy:     10.5853 | Acc: 34.29%
 Step:    270000 | Energy:      8.8176 | Acc: 34.34%
 Step:    280000 | Energy:      6.0252 | Acc: 34.25%
 Step:    290000 | Energy:     15.6267 | Acc: 34.32%
 Step:    300000 | Energy:      8.8462 | Acc: 34.31%
 Step:    310000 | Energy:      6.4839 | Acc: 34.38%
 Step:    320000 | Energy:      9.9630 | Acc: 34.46%
 Step:    330000 | Energy:     13.4872 | Acc: 34.55%
 Step:    340000 | Energy:      3.0230 | Acc: 34.55%
 Step:    350000 | Energy:     13.4225 | Acc: 34.40%
 Step:    360000 | Energy:     11.1991 | Acc: 34.39%
 Step:    370000 | Energy:     15.2342 | Acc: 34.48%
 Step:    380000 | Energy:      7.7079 | Acc: 34.54%
 Step:    390000 | Energy:      5.7512 | Acc: 34.50%
 Step:    400000 | Energy:      6.0021 | Acc: 34.58%
 Step:    410000 | Energy:      9.7185 | Acc: 34.62%
 Step:    420000 | Energy:     11.4953 | Acc: 34.71%
 Step:    430000 | Energy:      9.5908 | Acc: 34.77%
 Step:    440000 | Energy:      7.1950 | Acc: 34.65%
 Step:    450000 | Energy:      9.7813 | Acc: 34.53%
 Step:    460000 | Energy:     13.0417 | Acc: 34.57%
 Step:    470000 | Energy:      5.8140 | Acc: 34.61%
 Step:    480000 | Energy:      6.3740 | Acc: 34.68%
 Step:    490000 | Energy:      4.3502 | Acc: 34.73%
 Step:    500000 | Energy:      7.8940 | Acc: 34.73%
 Step:    510000 | Energy:      6.5438 | Acc: 34.79%
 Step:    520000 | Energy:      8.9863 | Acc: 34.85%
 Step:    530000 | Energy:      7.1389 | Acc: 34.92%
 Step:    540000 | Energy:     12.3038 | Acc: 34.90%
 Step:    550000 | Energy:     14.7663 | Acc: 34.92%
 Step:    560000 | Energy:      6.2637 | Acc: 34.82%
 Step:    570000 | Energy:      8.9564 | Acc: 34.86%
 Step:    580000 | Energy:      7.4219 | Acc: 34.92%
 Step:    590000 | Energy:      5.9807 | Acc: 34.94%
 Step:    600000 | Energy:     11.0656 | Acc: 34.96%
 Step:    610000 | Energy:     13.2100 | Acc: 34.98%
 Step:    620000 | Energy:      7.2471 | Acc: 35.03%
 Step:    630000 | Energy:      7.1013 | Acc: 35.02%
 Step:    640000 | Energy:     11.2583 | Acc: 34.94%
 Step:    650000 | Energy:      9.7252 | Acc: 34.92%
 Step:    660000 | Energy:      7.6568 | Acc: 34.95%
 Step:    670000 | Energy:      6.2620 | Acc: 34.87%
 Step:    680000 | Energy:      7.9287 | Acc: 34.81%
 Step:    690000 | Energy:     10.5970 | Acc: 34.73%
 Step:    700000 | Energy:      7.9323 | Acc: 34.70%
 Step:    710000 | Energy:      9.4752 | Acc: 34.73%
 Step:    720000 | Energy:      4.7773 | Acc: 34.77%
 Step:    730000 | Energy:     10.7508 | Acc: 34.75%
 Step:    740000 | Energy:      6.0958 | Acc: 34.78%
 Step:    750000 | Energy:      9.0047 | Acc: 34.83%
 Step:    760000 | Energy:     11.4804 | Acc: 34.87%
 Step:    770000 | Energy:      2.8900 | Acc: 34.83%
 Step:    780000 | Energy:      8.4816 | Acc: 34.72%
 Step:    790000 | Energy:      4.4299 | Acc: 34.63%
 Step:    800000 | Energy:     12.7503 | Acc: 34.64%
 Step:    810000 | Energy:     13.2592 | Acc: 34.67%
 Step:    820000 | Energy:     11.1405 | Acc: 34.70%
 Step:    830000 | Energy:     10.8841 | Acc: 34.72%
 Step:    840000 | Energy:      9.2852 | Acc: 34.76%
 Step:    850000 | Energy:     10.6631 | Acc: 34.77%
 Step:    860000 | Energy:      9.7798 | Acc: 34.78%
 Step:    870000 | Energy:      7.3929 | Acc: 34.81%
 Step:    880000 | Energy:      6.9343 | Acc: 34.81%
 Step:    890000 | Energy:      6.2489 | Acc: 34.82%
 Step:    900000 | Energy:      6.2661 | Acc: 34.75%
 Step:    910000 | Energy:     10.3951 | Acc: 34.64%
 Step:    920000 | Energy:      4.6130 | Acc: 34.64%
 Step:    930000 | Energy:      7.3835 | Acc: 34.63%
 Step:    940000 | Energy:      8.7461 | Acc: 34.56%
 Step:    950000 | Energy:      9.2011 | Acc: 34.60%
 Step:    960000 | Energy:     10.9805 | Acc: 34.60%
 Step:    970000 | Energy:      9.2562 | Acc: 34.63%
 Step:    980000 | Energy:      6.1217 | Acc: 34.65%
 Step:    990000 | Energy:      7.9621 | Acc: 34.67%
 Step:   1000000 | Energy:      5.9222 | Acc: 34.66%
 ------------------------------------------------------------
 [MC Simulation] WALL TIME:      14.0331 s
 [MC Simulation] Finished Successfully
Running serial: nc=20, conf=5, steps=1000000
 [MC Simulation] Initialization Complete
 [MC Simulation] Carbons: 20
 [MC Simulation] Total Steps: 1000000
 [MC Simulation] T_ini (K):   300.0000  T_fin (K):   300.0000
 [MC Simulation] Cooling factor per step:   0.0000E+00
 ------------------------------------------------------------
 Step:         1 | Energy:     -0.1779 | Acc:  0.00%
 Step:     10000 | Energy:      6.5457 | Acc: 37.05%
 Step:     20000 | Energy:      4.6216 | Acc: 32.15%
 Step:     30000 | Energy:      8.3339 | Acc: 30.50%
 Step:     40000 | Energy:      9.4074 | Acc: 31.18%
 Step:     50000 | Energy:      8.0571 | Acc: 31.15%
 Step:     60000 | Energy:      7.4141 | Acc: 32.20%
 Step:     70000 | Energy:      8.9444 | Acc: 33.04%
 Step:     80000 | Energy:      6.2802 | Acc: 32.64%
 Step:     90000 | Energy:      5.3222 | Acc: 32.84%
 Step:    100000 | Energy:      9.4185 | Acc: 32.63%
 Step:    110000 | Energy:      8.1993 | Acc: 32.52%
 Step:    120000 | Energy:     13.6927 | Acc: 32.63%
 Step:    130000 | Energy:      6.5672 | Acc: 32.83%
 Step:    140000 | Energy:      4.2142 | Acc: 32.67%
 Step:    150000 | Energy:      8.1833 | Acc: 32.79%
 Step:    160000 | Energy:     10.1265 | Acc: 32.73%
 Step:    170000 | Energy:      9.0377 | Acc: 32.88%
 Step:    180000 | Energy:      5.3892 | Acc: 33.08%
 Step:    190000 | Energy:      8.3656 | Acc: 33.36%
 Step:    200000 | Energy:     12.0375 | Acc: 33.30%
 Step:    210000 | Energy:      7.7792 | Acc: 33.10%
 Step:    220000 | Energy:      7.6922 | Acc: 32.78%
 Step:    230000 | Energy:     11.9401 | Acc: 32.66%
 Step:    240000 | Energy:     10.0907 | Acc: 32.60%
 Step:    250000 | Energy:      9.5104 | Acc: 32.49%
 Step:    260000 | Energy:      5.2491 | Acc: 32.60%
 Step:    270000 | Energy:     14.2048 | Acc: 32.79%
 Step:    280000 | Energy:      6.4042 | Acc: 32.86%
 Step:    290000 | Energy:      9.5885 | Acc: 32.93%
 Step:    300000 | Energy:      3.5256 | Acc: 32.88%
 Step:    310000 | Energy:      3.9594 | Acc: 33.06%
 Step:    320000 | Energy:      8.1553 | Acc: 33.16%
 Step:    330000 | Energy:      7.1228 | Acc: 33.12%
 Step:    340000 | Energy:      6.9359 | Acc: 33.21%
 Step:    350000 | Energy:     13.6321 | Acc: 33.32%
 Step:    360000 | Energy:      6.5368 | Acc: 33.44%
 Step:    370000 | Energy:     14.3806 | Acc: 33.54%
 Step:    380000 | Energy:     11.6499 | Acc: 33.53%
 Step:    390000 | Energy:      6.9866 | Acc: 33.48%
 Step:    400000 | Energy:      6.7893 | Acc: 33.61%
 Step:    410000 | Energy:      6.9973 | Acc: 33.58%
 Step:    420000 | Energy:      9.0241 | Acc: 33.61%
 Step:    430000 | Energy:      8.0062 | Acc: 33.71%
 Step:    440000 | Energy:     11.3007 | Acc: 33.77%
 Step:    450000 | Energy:     11.5456 | Acc: 33.86%
 Step:    460000 | Energy:      7.4291 | Acc: 33.93%
 Step:    470000 | Energy:     10.0627 | Acc: 34.00%
 Step:    480000 | Energy:      6.7607 | Acc: 34.08%
 Step:    490000 | Energy:      8.5917 | Acc: 34.03%
 Step:    500000 | Energy:      7.1503 | Acc: 34.05%
 Step:    510000 | Energy:      5.6470 | Acc: 34.11%
 Step:    520000 | Energy:      7.9557 | Acc: 34.18%
 Step:    530000 | Energy:      5.7755 | Acc: 34.23%
 Step:    540000 | Energy:      9.3632 | Acc: 34.23%
 Step:    550000 | Energy:     13.2301 | Acc: 34.29%
 Step:    560000 | Energy:      9.2999 | Acc: 34.28%
 Step:    570000 | Energy:      8.0679 | Acc: 34.29%
 Step:    580000 | Energy:      8.1699 | Acc: 34.33%
 Step:    590000 | Energy:      4.2858 | Acc: 34.32%
 Step:    600000 | Energy:      7.8029 | Acc: 34.26%
 Step:    610000 | Energy:     15.3192 | Acc: 34.24%
 Step:    620000 | Energy:      7.1886 | Acc: 34.30%
 Step:    630000 | Energy:      8.7345 | Acc: 34.35%
 Step:    640000 | Energy:     12.0548 | Acc: 34.40%
 Step:    650000 | Energy:      6.4887 | Acc: 34.37%
 Step:    660000 | Energy:      9.3135 | Acc: 34.35%
 Step:    670000 | Energy:     11.1898 | Acc: 34.28%
 Step:    680000 | Energy:     10.4603 | Acc: 34.31%
 Step:    690000 | Energy:     10.0762 | Acc: 34.27%
 Step:    700000 | Energy:      5.5367 | Acc: 34.32%
 Step:    710000 | Energy:      9.4789 | Acc: 34.36%
 Step:    720000 | Energy:      7.5066 | Acc: 34.40%
 Step:    730000 | Energy:      7.3928 | Acc: 34.32%
 Step:    740000 | Energy:      6.0065 | Acc: 34.26%
 Step:    750000 | Energy:     12.8768 | Acc: 34.17%
 Step:    760000 | Energy:      9.3245 | Acc: 34.14%
 Step:    770000 | Energy:     10.0436 | Acc: 34.16%
 Step:    780000 | Energy:      8.9020 | Acc: 34.20%
 Step:    790000 | Energy:      6.4043 | Acc: 34.20%
 Step:    800000 | Energy:     13.5931 | Acc: 34.22%
 Step:    810000 | Energy:      6.3617 | Acc: 34.20%
 Step:    820000 | Energy:      7.3575 | Acc: 34.21%
 Step:    830000 | Energy:     10.4189 | Acc: 34.23%
 Step:    840000 | Energy:      8.4657 | Acc: 34.22%
 Step:    850000 | Energy:     11.1707 | Acc: 34.11%
 Step:    860000 | Energy:      7.7759 | Acc: 34.14%
 Step:    870000 | Energy:      6.9707 | Acc: 34.07%
 Step:    880000 | Energy:      7.7347 | Acc: 34.10%
 Step:    890000 | Energy:      8.6482 | Acc: 34.11%
 Step:    900000 | Energy:      9.8829 | Acc: 34.13%
 Step:    910000 | Energy:      7.9102 | Acc: 34.17%
 Step:    920000 | Energy:      7.3966 | Acc: 34.20%
 Step:    930000 | Energy:      8.3603 | Acc: 34.16%
 Step:    940000 | Energy:      7.6687 | Acc: 34.11%
 Step:    950000 | Energy:      7.0716 | Acc: 34.09%
 Step:    960000 | Energy:     11.1547 | Acc: 34.11%
 Step:    970000 | Energy:     14.0596 | Acc: 34.14%
 Step:    980000 | Energy:     12.4423 | Acc: 34.17%
 Step:    990000 | Energy:      7.9213 | Acc: 34.20%
 Step:   1000000 | Energy:      9.9323 | Acc: 34.22%
 ------------------------------------------------------------
 [MC Simulation] WALL TIME:      14.1789 s
 [MC Simulation] Finished Successfully
Running serial: nc=50, conf=1, steps=1000000
 [MC Simulation] Initialization Complete
 [MC Simulation] Carbons: 50
 [MC Simulation] Total Steps: 1000000
 [MC Simulation] T_ini (K):   300.0000  T_fin (K):   300.0000
 [MC Simulation] Cooling factor per step:   0.0000E+00
 ------------------------------------------------------------
 Step:         1 | Energy:     -2.4184 | Acc:100.00%
 Step:     10000 | Energy:     32.2090 | Acc: 34.07%
 Step:     20000 | Energy:     12.7568 | Acc: 29.25%
 Step:     30000 | Energy:     14.9204 | Acc: 27.00%
 Step:     40000 | Energy:     13.5187 | Acc: 24.50%
 Step:     50000 | Energy:     11.0312 | Acc: 22.58%
 Step:     60000 | Energy:     11.7936 | Acc: 21.41%
 Step:     70000 | Energy:      9.0529 | Acc: 20.67%
 Step:     80000 | Energy:      7.5156 | Acc: 19.56%
 Step:     90000 | Energy:      4.9184 | Acc: 18.70%
 Step:    100000 | Energy:      6.6300 | Acc: 17.88%
 Step:    110000 | Energy:      5.9352 | Acc: 17.10%
 Step:    120000 | Energy:      1.4655 | Acc: 16.53%
 Step:    130000 | Energy:      2.0654 | Acc: 16.07%
 Step:    140000 | Energy:     11.8220 | Acc: 15.83%
 Step:    150000 | Energy:      6.9857 | Acc: 15.73%
 Step:    160000 | Energy:      7.9456 | Acc: 15.60%
 Step:    170000 | Energy:      6.7161 | Acc: 15.45%
 Step:    180000 | Energy:      9.0662 | Acc: 15.29%
 Step:    190000 | Energy:     10.4573 | Acc: 15.10%
 Step:    200000 | Energy:     13.5889 | Acc: 15.00%
 Step:    210000 | Energy:      8.6635 | Acc: 14.88%
 Step:    220000 | Energy:      7.1422 | Acc: 14.81%
 Step:    230000 | Energy:      3.6084 | Acc: 14.76%
 Step:    240000 | Energy:     10.5056 | Acc: 14.77%
 Step:    250000 | Energy:      7.8728 | Acc: 14.66%
 Step:    260000 | Energy:      6.7287 | Acc: 14.60%
 Step:    270000 | Energy:      9.7900 | Acc: 14.48%
 Step:    280000 | Energy:      9.9576 | Acc: 14.43%
 Step:    290000 | Energy:      9.6468 | Acc: 14.35%
 Step:    300000 | Energy:      3.5979 | Acc: 14.36%
 Step:    310000 | Energy:      5.8402 | Acc: 14.22%
 Step:    320000 | Energy:      1.3706 | Acc: 14.08%
 Step:    330000 | Energy:      6.2446 | Acc: 13.97%
 Step:    340000 | Energy:      8.8118 | Acc: 13.86%
 Step:    350000 | Energy:      9.3311 | Acc: 13.77%
 Step:    360000 | Energy:      4.9018 | Acc: 13.68%
 Step:    370000 | Energy:      7.2787 | Acc: 13.59%
 Step:    380000 | Energy:      7.9695 | Acc: 13.50%
 Step:    390000 | Energy:     12.0014 | Acc: 13.46%
 Step:    400000 | Energy:     12.1249 | Acc: 13.42%
 Step:    410000 | Energy:     17.7895 | Acc: 13.37%
 Step:    420000 | Energy:     13.0903 | Acc: 13.35%
 Step:    430000 | Energy:     12.6031 | Acc: 13.31%
 Step:    440000 | Energy:      5.8438 | Acc: 13.27%
 Step:    450000 | Energy:      1.8476 | Acc: 13.20%
 Step:    460000 | Energy:      6.2999 | Acc: 13.14%
 Step:    470000 | Energy:     12.5392 | Acc: 13.12%
 Step:    480000 | Energy:      5.6897 | Acc: 13.08%
 Step:    490000 | Energy:     12.5454 | Acc: 13.05%
 Step:    500000 | Energy:     17.3688 | Acc: 13.02%
 Step:    510000 | Energy:     18.3669 | Acc: 13.03%
 Step:    520000 | Energy:     19.1392 | Acc: 13.04%
 Step:    530000 | Energy:     10.6247 | Acc: 13.05%
 Step:    540000 | Energy:      7.5263 | Acc: 13.04%
 Step:    550000 | Energy:     18.3956 | Acc: 13.03%
 Step:    560000 | Energy:     13.1576 | Acc: 13.03%
 Step:    570000 | Energy:     16.1744 | Acc: 13.01%
 Step:    580000 | Energy:     10.5032 | Acc: 12.96%
 Step:    590000 | Energy:      9.7359 | Acc: 12.93%
 Step:    600000 | Energy:      6.7541 | Acc: 12.92%
 Step:    610000 | Energy:      7.5732 | Acc: 12.91%
 Step:    620000 | Energy:     12.5482 | Acc: 12.90%
 Step:    630000 | Energy:      8.1912 | Acc: 12.88%
 Step:    640000 | Energy:      7.8691 | Acc: 12.86%
 Step:    650000 | Energy:      6.3693 | Acc: 12.85%
 Step:    660000 | Energy:      4.4020 | Acc: 12.80%
 Step:    670000 | Energy:      7.1271 | Acc: 12.77%
 Step:    680000 | Energy:      5.8487 | Acc: 12.74%
 Step:    690000 | Energy:      2.4637 | Acc: 12.70%
 Step:    700000 | Energy:      6.3491 | Acc: 12.66%
 Step:    710000 | Energy:      3.8874 | Acc: 12.65%
 Step:    720000 | Energy:      3.2818 | Acc: 12.63%
 Step:    730000 | Energy:      4.8259 | Acc: 12.59%
 Step:    740000 | Energy:      6.2835 | Acc: 12.56%
 Step:    750000 | Energy:      4.5484 | Acc: 12.53%
 Step:    760000 | Energy:      5.1229 | Acc: 12.53%
 Step:    770000 | Energy:      9.0289 | Acc: 12.51%
 Step:    780000 | Energy:      8.5547 | Acc: 12.49%
 Step:    790000 | Energy:      4.3758 | Acc: 12.46%
 Step:    800000 | Energy:      9.9387 | Acc: 12.44%
 Step:    810000 | Energy:      4.7746 | Acc: 12.42%
 Step:    820000 | Energy:      7.5137 | Acc: 12.40%
 Step:    830000 | Energy:      4.9682 | Acc: 12.39%
 Step:    840000 | Energy:     14.7799 | Acc: 12.38%
 Step:    850000 | Energy:     14.3868 | Acc: 12.36%
 Step:    860000 | Energy:      4.6233 | Acc: 12.35%
 Step:    870000 | Energy:     10.3932 | Acc: 12.33%
 Step:    880000 | Energy:      9.3324 | Acc: 12.32%
 Step:    890000 | Energy:     13.9593 | Acc: 12.32%
 Step:    900000 | Energy:      5.2181 | Acc: 12.29%
 Step:    910000 | Energy:     16.8896 | Acc: 12.29%
 Step:    920000 | Energy:     14.6534 | Acc: 12.27%
 Step:    930000 | Energy:     16.2708 | Acc: 12.27%
 Step:    940000 | Energy:      9.7879 | Acc: 12.28%
 Step:    950000 | Energy:      8.5769 | Acc: 12.26%
 Step:    960000 | Energy:      7.8807 | Acc: 12.26%
 Step:    970000 | Energy:     11.3359 | Acc: 12.25%
 Step:    980000 | Energy:     10.8903 | Acc: 12.25%
 Step:    990000 | Energy:      7.0534 | Acc: 12.23%
 Step:   1000000 | Energy:      6.0402 | Acc: 12.23%
 ------------------------------------------------------------
 [MC Simulation] WALL TIME:      82.0062 s
 [MC Simulation] Finished Successfully
Running serial: nc=50, conf=4, steps=1000000
 [MC Simulation] Initialization Complete
 [MC Simulation] Carbons: 50
 [MC Simulation] Total Steps: 1000000
 [MC Simulation] T_ini (K):   300.0000  T_fin (K):   300.0000
 [MC Simulation] Cooling factor per step:   0.0000E+00
 ------------------------------------------------------------
 Step:         1 | Energy:     19.2286 | Acc:100.00%
 Step:     10000 | Energy:     27.3674 | Acc: 27.47%
 Step:     20000 | Energy:     19.1475 | Acc: 22.93%
 Step:     30000 | Energy:     21.5661 | Acc: 20.89%
 Step:     40000 | Energy:     15.2211 | Acc: 20.11%
 Step:     50000 | Energy:     13.5765 | Acc: 18.73%
 Step:     60000 | Energy:     15.0078 | Acc: 17.81%
 Step:     70000 | Energy:     17.7845 | Acc: 17.29%
 Step:     80000 | Energy:     11.8707 | Acc: 16.70%
 Step:     90000 | Energy:     14.8736 | Acc: 16.29%
 Step:    100000 | Energy:     17.3087 | Acc: 15.96%
 Step:    110000 | Energy:     25.7742 | Acc: 15.73%
 Step:    120000 | Energy:      8.4912 | Acc: 15.54%
 Step:    130000 | Energy:      8.1316 | Acc: 15.33%
 Step:    140000 | Energy:      4.6960 | Acc: 14.95%
 Step:    150000 | Energy:      6.5330 | Acc: 14.62%
 Step:    160000 | Energy:     14.5781 | Acc: 14.37%
 Step:    170000 | Energy:      8.0403 | Acc: 14.21%
 Step:    180000 | Energy:      6.7716 | Acc: 14.07%
 Step:    190000 | Energy:     12.0295 | Acc: 13.97%
 Step:    200000 | Energy:      7.2953 | Acc: 13.80%
 Step:    210000 | Energy:      9.8095 | Acc: 13.63%
 Step:    220000 | Energy:     12.4580 | Acc: 13.46%
 Step:    230000 | Energy:     14.2402 | Acc: 13.33%
 Step:    240000 | Energy:     12.4065 | Acc: 13.21%
 Step:    250000 | Energy:      5.9546 | Acc: 13.11%
 Step:    260000 | Energy:     12.7540 | Acc: 13.14%
 Step:    270000 | Energy:      5.1224 | Acc: 13.14%
 Step:    280000 | Energy:      3.4500 | Acc: 13.13%
 Step:    290000 | Energy:      5.5512 | Acc: 13.13%
 Step:    300000 | Energy:      7.3012 | Acc: 13.11%
 Step:    310000 | Energy:      6.1365 | Acc: 13.10%
 Step:    320000 | Energy:      5.4623 | Acc: 13.10%
 Step:    330000 | Energy:      6.6002 | Acc: 13.08%
 Step:    340000 | Energy:     13.9182 | Acc: 13.08%
 Step:    350000 | Energy:     11.7966 | Acc: 13.06%
 Step:    360000 | Energy:     17.3748 | Acc: 13.05%
 Step:    370000 | Energy:      6.5167 | Acc: 12.99%
 Step:    380000 | Energy:      4.0398 | Acc: 12.94%
 Step:    390000 | Energy:      7.2784 | Acc: 12.90%
 Step:    400000 | Energy:     12.2285 | Acc: 12.92%
 Step:    410000 | Energy:     12.8094 | Acc: 12.96%
 Step:    420000 | Energy:      6.7504 | Acc: 13.01%
 Step:    430000 | Energy:     -0.4252 | Acc: 12.97%
 Step:    440000 | Energy:      9.4319 | Acc: 12.96%
 Step:    450000 | Energy:      4.0638 | Acc: 12.93%
 Step:    460000 | Energy:      5.3576 | Acc: 12.87%
 Step:    470000 | Energy:      2.8695 | Acc: 12.84%
 Step:    480000 | Energy:      0.7636 | Acc: 12.78%
 Step:    490000 | Energy:     -3.4644 | Acc: 12.71%
 Step:    500000 | Energy:      2.6788 | Acc: 12.67%
 Step:    510000 | Energy:      3.9820 | Acc: 12.63%
 Step:    520000 | Energy:      1.6899 | Acc: 12.59%
 Step:    530000 | Energy:     -1.3504 | Acc: 12.56%
 Step:    540000 | Energy:      2.8799 | Acc: 12.53%
 Step:    550000 | Energy:      8.6505 | Acc: 12.50%
 Step:    560000 | Energy:      9.1213 | Acc: 12.47%
 Step:    570000 | Energy:      5.8250 | Acc: 12.42%
 Step:    580000 | Energy:      5.8920 | Acc: 12.38%
 Step:    590000 | Energy:      5.1323 | Acc: 12.32%
 Step:    600000 | Energy:     11.1327 | Acc: 12.31%
 Step:    610000 | Energy:      4.9146 | Acc: 12.28%
 Step:    620000 | Energy:     15.1127 | Acc: 12.28%
 Step:    630000 | Energy:     12.2642 | Acc: 12.30%
 Step:    640000 | Energy:      7.1229 | Acc: 12.28%
 Step:    650000 | Energy:      4.5177 | Acc: 12.26%
 Step:    660000 | Energy:      7.4345 | Acc: 12.26%
 Step:    670000 | Energy:      9.1134 | Acc: 12.27%
 Step:    680000 | Energy:     11.8308 | Acc: 12.26%
 Step:    690000 | Energy:     11.7445 | Acc: 12.25%
 Step:    700000 | Energy:     12.0054 | Acc: 12.26%
 Step:    710000 | Energy:     12.9052 | Acc: 12.25%
 Step:    720000 | Energy:      8.7379 | Acc: 12.26%
 Step:    730000 | Energy:      7.0101 | Acc: 12.26%
 Step:    740000 | Energy:      8.5030 | Acc: 12.27%
 Step:    750000 | Energy:     10.7168 | Acc: 12.27%
 Step:    760000 | Energy:      5.8771 | Acc: 12.25%
 Step:    770000 | Energy:      9.9243 | Acc: 12.24%
 Step:    780000 | Energy:     12.8013 | Acc: 12.24%
 Step:    790000 | Energy:      4.8284 | Acc: 12.25%
 Step:    800000 | Energy:      9.7430 | Acc: 12.23%
 Step:    810000 | Energy:     14.4308 | Acc: 12.25%
 Step:    820000 | Energy:      8.6751 | Acc: 12.24%
 Step:    830000 | Energy:      7.9061 | Acc: 12.22%
 Step:    840000 | Energy:      3.7781 | Acc: 12.23%
 Step:    850000 | Energy:      5.5961 | Acc: 12.23%
 Step:    860000 | Energy:      5.3304 | Acc: 12.23%
 Step:    870000 | Energy:      3.9129 | Acc: 12.23%
 Step:    880000 | Energy:      5.4985 | Acc: 12.24%
 Step:    890000 | Energy:     13.1836 | Acc: 12.24%
 Step:    900000 | Energy:     11.1718 | Acc: 12.22%
 Step:    910000 | Energy:     20.1155 | Acc: 12.22%
 Step:    920000 | Energy:     13.0371 | Acc: 12.24%
 Step:    930000 | Energy:     18.5676 | Acc: 12.25%
 Step:    940000 | Energy:     16.5399 | Acc: 12.25%
 Step:    950000 | Energy:     12.1230 | Acc: 12.25%
 Step:    960000 | Energy:     13.6399 | Acc: 12.24%
 Step:    970000 | Energy:     11.5614 | Acc: 12.22%
 Step:    980000 | Energy:     12.8272 | Acc: 12.21%
 Step:    990000 | Energy:      4.3131 | Acc: 12.21%
 Step:   1000000 | Energy:      8.8059 | Acc: 12.20%
 ------------------------------------------------------------
 [MC Simulation] WALL TIME:      80.4725 s
 [MC Simulation] Finished Successfully
Running serial: nc=50, conf=5, steps=1000000
 [MC Simulation] Initialization Complete
 [MC Simulation] Carbons: 50
 [MC Simulation] Total Steps: 1000000
 [MC Simulation] T_ini (K):   300.0000  T_fin (K):   300.0000
 [MC Simulation] Cooling factor per step:   0.0000E+00
 ------------------------------------------------------------
 Step:         1 | Energy:     -0.8889 | Acc:100.00%
 Step:     10000 | Energy:     22.5959 | Acc: 25.90%
 Step:     20000 | Energy:     10.7712 | Acc: 22.48%
 Step:     30000 | Energy:     11.9971 | Acc: 20.35%
 Step:     40000 | Energy:     16.0200 | Acc: 19.43%
 Step:     50000 | Energy:     12.6641 | Acc: 18.41%
 Step:     60000 | Energy:     10.2142 | Acc: 18.01%
 Step:     70000 | Energy:     13.8847 | Acc: 17.67%
 Step:     80000 | Energy:     10.9668 | Acc: 17.48%
 Step:     90000 | Energy:      6.1743 | Acc: 16.92%
 Step:    100000 | Energy:      5.0233 | Acc: 16.50%
 Step:    110000 | Energy:     14.3089 | Acc: 16.27%
 Step:    120000 | Energy:     14.8208 | Acc: 16.21%
 Step:    130000 | Energy:     16.2296 | Acc: 16.30%
 Step:    140000 | Energy:      9.2677 | Acc: 16.24%
 Step:    150000 | Energy:     11.8058 | Acc: 16.13%
 Step:    160000 | Energy:     14.1108 | Acc: 16.18%
 Step:    170000 | Energy:     12.6151 | Acc: 16.05%
 Step:    180000 | Energy:      8.5064 | Acc: 15.86%
 Step:    190000 | Energy:     14.3818 | Acc: 15.76%
 Step:    200000 | Energy:     10.7433 | Acc: 15.76%
 Step:    210000 | Energy:      8.2133 | Acc: 15.78%
 Step:    220000 | Energy:     13.4913 | Acc: 15.78%
 Step:    230000 | Energy:     13.6000 | Acc: 15.82%
 Step:    240000 | Energy:     10.0455 | Acc: 15.94%
 Step:    250000 | Energy:      6.4462 | Acc: 15.92%
 Step:    260000 | Energy:     11.0896 | Acc: 15.87%
 Step:    270000 | Energy:     14.3773 | Acc: 15.78%
 Step:    280000 | Energy:      7.4845 | Acc: 15.76%
 Step:    290000 | Energy:     11.9616 | Acc: 15.74%
 Step:    300000 | Energy:      8.4971 | Acc: 15.71%
 Step:    310000 | Energy:      6.9449 | Acc: 15.66%
 Step:    320000 | Energy:      6.3424 | Acc: 15.62%
 Step:    330000 | Energy:      3.1191 | Acc: 15.56%
 Step:    340000 | Energy:      6.9535 | Acc: 15.48%
 Step:    350000 | Energy:      2.6170 | Acc: 15.44%
 Step:    360000 | Energy:      7.2826 | Acc: 15.41%
 Step:    370000 | Energy:      4.7639 | Acc: 15.33%
 Step:    380000 | Energy:      7.9984 | Acc: 15.23%
 Step:    390000 | Energy:     11.7356 | Acc: 15.18%
 Step:    400000 | Energy:      8.9994 | Acc: 15.15%
 Step:    410000 | Energy:     11.2894 | Acc: 15.12%
 Step:    420000 | Energy:      5.4012 | Acc: 15.08%
 Step:    430000 | Energy:      9.8265 | Acc: 15.04%
 Step:    440000 | Energy:     13.0612 | Acc: 15.04%
 Step:    450000 | Energy:     10.2869 | Acc: 15.05%
 Step:    460000 | Energy:     11.0533 | Acc: 15.04%
 Step:    470000 | Energy:      9.0394 | Acc: 15.02%
 Step:    480000 | Energy:      8.0835 | Acc: 15.00%
 Step:    490000 | Energy:     10.1617 | Acc: 15.00%
 Step:    500000 | Energy:     10.7432 | Acc: 15.02%
 Step:    510000 | Energy:     18.5693 | Acc: 15.04%
 Step:    520000 | Energy:     11.7978 | Acc: 15.04%
 Step:    530000 | Energy:     11.0167 | Acc: 15.04%
 Step:    540000 | Energy:      9.9127 | Acc: 15.08%
 Step:    550000 | Energy:     18.8622 | Acc: 15.11%
 Step:    560000 | Energy:     11.1340 | Acc: 15.14%
 Step:    570000 | Energy:      9.2927 | Acc: 15.14%
 Step:    580000 | Energy:      5.3985 | Acc: 15.14%
 Step:    590000 | Energy:      4.1477 | Acc: 15.13%
 Step:    600000 | Energy:      7.9172 | Acc: 15.12%
 Step:    610000 | Energy:      8.8315 | Acc: 15.10%
 Step:    620000 | Energy:     12.1497 | Acc: 15.09%
 Step:    630000 | Energy:     13.2545 | Acc: 15.10%
 Step:    640000 | Energy:     11.9808 | Acc: 15.13%
 Step:    650000 | Energy:     18.9291 | Acc: 15.19%
 Step:    660000 | Energy:     18.7650 | Acc: 15.21%
 Step:    670000 | Energy:     18.8210 | Acc: 15.22%
 Step:    680000 | Energy:      7.6996 | Acc: 15.19%
 Step:    690000 | Energy:      8.2322 | Acc: 15.16%
 Step:    700000 | Energy:      9.9109 | Acc: 15.14%
 Step:    710000 | Energy:      3.6645 | Acc: 15.09%
 Step:    720000 | Energy:      9.0210 | Acc: 15.04%
 Step:    730000 | Energy:     17.7568 | Acc: 15.02%
 Step:    740000 | Energy:     16.5256 | Acc: 14.94%
 Step:    750000 | Energy:     17.7196 | Acc: 14.87%
 Step:    760000 | Energy:     15.0837 | Acc: 14.86%
 Step:    770000 | Energy:     12.3913 | Acc: 14.89%
 Step:    780000 | Energy:     11.5037 | Acc: 14.87%
 Step:    790000 | Energy:     14.0513 | Acc: 14.87%
 Step:    800000 | Energy:      6.5611 | Acc: 14.87%
 Step:    810000 | Energy:      9.5270 | Acc: 14.86%
 Step:    820000 | Energy:     11.3707 | Acc: 14.84%
 Step:    830000 | Energy:     17.0431 | Acc: 14.84%
 Step:    840000 | Energy:     12.2281 | Acc: 14.83%
 Step:    850000 | Energy:     10.0646 | Acc: 14.79%
 Step:    860000 | Energy:      8.4563 | Acc: 14.77%
 Step:    870000 | Energy:      8.9814 | Acc: 14.74%
 Step:    880000 | Energy:     18.4341 | Acc: 14.74%
 Step:    890000 | Energy:     12.1652 | Acc: 14.74%
 Step:    900000 | Energy:     14.8449 | Acc: 14.74%
 Step:    910000 | Energy:     16.2752 | Acc: 14.71%
 Step:    920000 | Energy:     17.0096 | Acc: 14.72%
 Step:    930000 | Energy:     15.5791 | Acc: 14.73%
 Step:    940000 | Energy:     12.7369 | Acc: 14.71%
 Step:    950000 | Energy:     10.1857 | Acc: 14.71%
 Step:    960000 | Energy:      5.4405 | Acc: 14.70%
 Step:    970000 | Energy:      7.2601 | Acc: 14.69%
 Step:    980000 | Energy:     10.0761 | Acc: 14.69%
 Step:    990000 | Energy:      4.5140 | Acc: 14.69%
 Step:   1000000 | Energy:      5.2995 | Acc: 14.66%
 ------------------------------------------------------------
 [MC Simulation] WALL TIME:      77.3546 s
 [MC Simulation] Finished Successfully
Running serial: nc=100, conf=1, steps=1000000
 [MC Simulation] Initialization Complete
 [MC Simulation] Carbons: 100
 [MC Simulation] Total Steps: 1000000
 [MC Simulation] T_ini (K):   300.0000  T_fin (K):   300.0000
 [MC Simulation] Cooling factor per step:   0.0000E+00
 ------------------------------------------------------------
 Step:         1 | Energy:     -5.0531 | Acc:  0.00%
 Step:     10000 | Energy:     40.1411 | Acc: 34.66%
 Step:     20000 | Energy:     29.6157 | Acc: 24.69%
 Step:     30000 | Energy:     32.4751 | Acc: 19.52%
 Step:     40000 | Energy:     28.0769 | Acc: 17.10%
 Step:     50000 | Energy:     33.2372 | Acc: 15.63%
 Step:     60000 | Energy:     28.3295 | Acc: 14.61%
 Step:     70000 | Energy:     32.3432 | Acc: 13.84%
 Step:     80000 | Energy:     38.8376 | Acc: 13.25%
 Step:     90000 | Energy:     33.1127 | Acc: 12.80%
 Step:    100000 | Energy:     30.2891 | Acc: 12.49%
 Step:    110000 | Energy:     39.3785 | Acc: 12.12%
 Step:    120000 | Energy:     33.6216 | Acc: 11.78%
 Step:    130000 | Energy:     28.1330 | Acc: 11.42%
 Step:    140000 | Energy:     28.5920 | Acc: 11.19%
 Step:    150000 | Energy:     33.1062 | Acc: 10.98%
 Step:    160000 | Energy:     30.6894 | Acc: 10.78%
 Step:    170000 | Energy:     34.5336 | Acc: 10.62%
 Step:    180000 | Energy:     27.5046 | Acc: 10.49%
 Step:    190000 | Energy:     26.3660 | Acc: 10.38%
 Step:    200000 | Energy:     26.8016 | Acc: 10.21%
 Step:    210000 | Energy:     25.4656 | Acc: 10.02%
 Step:    220000 | Energy:     22.7084 | Acc:  9.89%
 Step:    230000 | Energy:     34.9200 | Acc:  9.75%
 Step:    240000 | Energy:     27.1459 | Acc:  9.63%
 Step:    250000 | Energy:     19.2377 | Acc:  9.51%
 Step:    260000 | Energy:     21.8403 | Acc:  9.41%
 Step:    270000 | Energy:     24.3126 | Acc:  9.34%
 Step:    280000 | Energy:     19.6189 | Acc:  9.21%
 Step:    290000 | Energy:     21.5603 | Acc:  9.10%
 Step:    300000 | Energy:     26.0049 | Acc:  8.98%
 Step:    310000 | Energy:     21.8810 | Acc:  8.84%
 Step:    320000 | Energy:     27.9030 | Acc:  8.76%
 Step:    330000 | Energy:     28.8867 | Acc:  8.67%
 Step:    340000 | Energy:     30.6099 | Acc:  8.61%
 Step:    350000 | Energy:     30.0509 | Acc:  8.57%
 Step:    360000 | Energy:     25.6369 | Acc:  8.50%
 Step:    370000 | Energy:     23.4657 | Acc:  8.43%
 Step:    380000 | Energy:     28.2405 | Acc:  8.37%
 Step:    390000 | Energy:     20.9350 | Acc:  8.31%
 Step:    400000 | Energy:     15.7875 | Acc:  8.23%
 Step:    410000 | Energy:     18.8241 | Acc:  8.16%
 Step:    420000 | Energy:     18.2862 | Acc:  8.09%
 Step:    430000 | Energy:     23.5303 | Acc:  8.01%
 Step:    440000 | Energy:     26.0013 | Acc:  7.95%
 Step:    450000 | Energy:     30.5579 | Acc:  7.90%
 Step:    460000 | Energy:     31.4092 | Acc:  7.87%
 Step:    470000 | Energy:     29.5453 | Acc:  7.85%
 Step:    480000 | Energy:     27.5386 | Acc:  7.85%
 Step:    490000 | Energy:     30.4985 | Acc:  7.85%
 Step:    500000 | Energy:     25.4966 | Acc:  7.83%
 Step:    510000 | Energy:     28.8384 | Acc:  7.81%
 Step:    520000 | Energy:     26.6497 | Acc:  7.77%
 Step:    530000 | Energy:     26.2803 | Acc:  7.73%
 Step:    540000 | Energy:     26.5170 | Acc:  7.70%
 Step:    550000 | Energy:     33.5281 | Acc:  7.66%
 Step:    560000 | Energy:     25.5294 | Acc:  7.64%
 Step:    570000 | Energy:     25.4728 | Acc:  7.61%
 Step:    580000 | Energy:     27.4585 | Acc:  7.59%
 Step:    590000 | Energy:     29.1180 | Acc:  7.59%
 Step:    600000 | Energy:     33.8877 | Acc:  7.60%
 Step:    610000 | Energy:     29.6221 | Acc:  7.60%
 Step:    620000 | Energy:     44.5549 | Acc:  7.59%
 Step:    630000 | Energy:     41.5415 | Acc:  7.59%
 Step:    640000 | Energy:     36.2406 | Acc:  7.59%
 Step:    650000 | Energy:     35.6467 | Acc:  7.58%
 Step:    660000 | Energy:     32.8535 | Acc:  7.55%
 Step:    670000 | Energy:     25.6061 | Acc:  7.52%
 Step:    680000 | Energy:     27.9495 | Acc:  7.50%
 Step:    690000 | Energy:     24.9850 | Acc:  7.47%
 Step:    700000 | Energy:     28.5999 | Acc:  7.45%
 Step:    710000 | Energy:     22.3302 | Acc:  7.42%
 Step:    720000 | Energy:     26.6092 | Acc:  7.39%
 Step:    730000 | Energy:     25.9792 | Acc:  7.36%
 Step:    740000 | Energy:     28.3419 | Acc:  7.36%
 Step:    750000 | Energy:     29.4413 | Acc:  7.35%
 Step:    760000 | Energy:     28.5478 | Acc:  7.33%
 Step:    770000 | Energy:     26.6642 | Acc:  7.32%
 Step:    780000 | Energy:     30.1285 | Acc:  7.30%
 Step:    790000 | Energy:     33.2819 | Acc:  7.27%
 Step:    800000 | Energy:     33.0380 | Acc:  7.26%
 Step:    810000 | Energy:     32.3499 | Acc:  7.24%
 Step:    820000 | Energy:     28.1060 | Acc:  7.23%
 Step:    830000 | Energy:     28.5438 | Acc:  7.20%
 Step:    840000 | Energy:     32.1328 | Acc:  7.17%
 Step:    850000 | Energy:     38.3402 | Acc:  7.15%
 Step:    860000 | Energy:     29.0808 | Acc:  7.13%
 Step:    870000 | Energy:     28.8272 | Acc:  7.11%
 Step:    880000 | Energy:     36.5035 | Acc:  7.09%
 Step:    890000 | Energy:     32.2571 | Acc:  7.08%
 Step:    900000 | Energy:     37.6454 | Acc:  7.08%
 Step:    910000 | Energy:     34.9993 | Acc:  7.06%
 Step:    920000 | Energy:     40.4397 | Acc:  7.06%
 Step:    930000 | Energy:     32.4975 | Acc:  7.06%
 Step:    940000 | Energy:     27.3004 | Acc:  7.05%
 Step:    950000 | Energy:     31.8421 | Acc:  7.04%
 Step:    960000 | Energy:     30.7011 | Acc:  7.04%
 Step:    970000 | Energy:     36.0162 | Acc:  7.02%
 Step:    980000 | Energy:     30.0309 | Acc:  7.01%
 Step:    990000 | Energy:     30.3486 | Acc:  7.00%
 Step:   1000000 | Energy:     31.1530 | Acc:  7.00%
 ------------------------------------------------------------
 [MC Simulation] WALL TIME:     270.8537 s
 [MC Simulation] Finished Successfully
Running serial: nc=100, conf=4, steps=1000000
 [MC Simulation] Initialization Complete
 [MC Simulation] Carbons: 100
 [MC Simulation] Total Steps: 1000000
 [MC Simulation] T_ini (K):   300.0000  T_fin (K):   300.0000
 [MC Simulation] Cooling factor per step:   0.0000E+00
 ------------------------------------------------------------
 Step:         1 | Energy:     39.6214 | Acc:  0.00%
 Step:     10000 | Energy:     46.4495 | Acc: 34.55%
 Step:     20000 | Energy:     29.7293 | Acc: 30.04%
 Step:     30000 | Energy:     22.7467 | Acc: 23.41%
 Step:     40000 | Energy:     28.8165 | Acc: 19.53%
 Step:     50000 | Energy:     27.3793 | Acc: 17.27%
 Step:     60000 | Energy:     33.0950 | Acc: 15.61%
 Step:     70000 | Energy:     32.5053 | Acc: 14.29%
 Step:     80000 | Energy:     31.4601 | Acc: 13.42%
 Step:     90000 | Energy:     31.9401 | Acc: 12.73%
 Step:    100000 | Energy:     30.8182 | Acc: 12.24%
 Step:    110000 | Energy:     29.1555 | Acc: 11.87%
 Step:    120000 | Energy:     26.2283 | Acc: 11.73%
 Step:    130000 | Energy:     26.9288 | Acc: 11.35%
 Step:    140000 | Energy:     27.6762 | Acc: 11.11%
 Step:    150000 | Energy:     29.2173 | Acc: 10.78%
 Step:    160000 | Energy:     29.1997 | Acc: 10.60%
 Step:    170000 | Energy:     29.4807 | Acc: 10.41%
 Step:    180000 | Energy:     25.2648 | Acc: 10.32%
 Step:    190000 | Energy:     29.0772 | Acc: 10.19%
 Step:    200000 | Energy:     32.3811 | Acc: 10.08%
 Step:    210000 | Energy:     33.1936 | Acc:  9.97%
 Step:    220000 | Energy:     30.0666 | Acc:  9.98%
 Step:    230000 | Energy:     28.7535 | Acc:  9.97%
 Step:    240000 | Energy:     39.2703 | Acc:  9.89%
 Step:    250000 | Energy:     15.8098 | Acc:  9.77%
 Step:    260000 | Energy:     17.8560 | Acc:  9.66%
 Step:    270000 | Energy:     16.9770 | Acc:  9.53%
 Step:    280000 | Energy:     19.0851 | Acc:  9.41%
 Step:    290000 | Energy:     20.7707 | Acc:  9.32%
 Step:    300000 | Energy:     15.2192 | Acc:  9.27%
 Step:    310000 | Energy:     15.1650 | Acc:  9.21%
 Step:    320000 | Energy:     23.0285 | Acc:  9.19%
 Step:    330000 | Energy:     21.0926 | Acc:  9.12%
 Step:    340000 | Energy:     26.0294 | Acc:  9.06%
 Step:    350000 | Energy:     20.5012 | Acc:  9.00%
 Step:    360000 | Energy:     22.6949 | Acc:  8.95%
 Step:    370000 | Energy:     22.3294 | Acc:  8.88%
 Step:    380000 | Energy:     16.5439 | Acc:  8.83%
 Step:    390000 | Energy:     18.8151 | Acc:  8.77%
 Step:    400000 | Energy:     25.8440 | Acc:  8.69%
 Step:    410000 | Energy:     18.2377 | Acc:  8.64%
 Step:    420000 | Energy:     16.0412 | Acc:  8.58%
 Step:    430000 | Energy:     18.8073 | Acc:  8.52%
 Step:    440000 | Energy:     27.1890 | Acc:  8.47%
 Step:    450000 | Energy:     21.7672 | Acc:  8.39%
 Step:    460000 | Energy:     28.2322 | Acc:  8.33%
 Step:    470000 | Energy:     24.7805 | Acc:  8.29%
 Step:    480000 | Energy:     24.2532 | Acc:  8.27%
 Step:    490000 | Energy:     25.1990 | Acc:  8.24%
 Step:    500000 | Energy:     27.6745 | Acc:  8.21%
 Step:    510000 | Energy:     19.7328 | Acc:  8.20%
 Step:    520000 | Energy:     26.3198 | Acc:  8.18%
 Step:    530000 | Energy:     20.8094 | Acc:  8.15%
 Step:    540000 | Energy:     15.5355 | Acc:  8.13%
 Step:    550000 | Energy:     15.8211 | Acc:  8.09%
 Step:    560000 | Energy:     19.8594 | Acc:  8.07%
 Step:    570000 | Energy:     24.7140 | Acc:  8.04%
 Step:    580000 | Energy:     19.3278 | Acc:  8.02%
 Step:    590000 | Energy:     20.9192 | Acc:  7.99%
 Step:    600000 | Energy:     22.6298 | Acc:  7.98%
 Step:    610000 | Energy:     23.6656 | Acc:  7.97%
 Step:    620000 | Energy:     19.5499 | Acc:  7.97%
 Step:    630000 | Energy:     17.6648 | Acc:  7.95%
 Step:    640000 | Energy:     14.2056 | Acc:  7.93%
 Step:    650000 | Energy:     18.0942 | Acc:  7.90%
 Step:    660000 | Energy:     18.0569 | Acc:  7.88%
 Step:    670000 | Energy:     17.4753 | Acc:  7.85%
 Step:    680000 | Energy:     14.0991 | Acc:  7.83%
 Step:    690000 | Energy:     15.6805 | Acc:  7.81%
 Step:    700000 | Energy:     23.2369 | Acc:  7.80%
 Step:    710000 | Energy:     15.6808 | Acc:  7.80%
 Step:    720000 | Energy:     15.5058 | Acc:  7.80%
 Step:    730000 | Energy:     14.1712 | Acc:  7.80%
 Step:    740000 | Energy:     14.3855 | Acc:  7.80%
 Step:    750000 | Energy:     17.9454 | Acc:  7.80%
 Step:    760000 | Energy:     19.0347 | Acc:  7.81%
 Step:    770000 | Energy:     12.0289 | Acc:  7.81%
 Step:    780000 | Energy:     18.3685 | Acc:  7.79%
 Step:    790000 | Energy:     21.9115 | Acc:  7.78%
 Step:    800000 | Energy:     20.9665 | Acc:  7.77%
 Step:    810000 | Energy:     21.7336 | Acc:  7.76%
 Step:    820000 | Energy:     24.2428 | Acc:  7.76%
 Step:    830000 | Energy:     20.8069 | Acc:  7.75%
 Step:    840000 | Energy:     18.4171 | Acc:  7.73%
 Step:    850000 | Energy:     24.7240 | Acc:  7.72%
 Step:    860000 | Energy:     22.7055 | Acc:  7.72%
 Step:    870000 | Energy:     13.6909 | Acc:  7.70%
 Step:    880000 | Energy:     14.5047 | Acc:  7.68%
 Step:    890000 | Energy:     19.5895 | Acc:  7.67%
 Step:    900000 | Energy:     13.9238 | Acc:  7.65%
 Step:    910000 | Energy:     17.4135 | Acc:  7.62%
 Step:    920000 | Energy:     19.9432 | Acc:  7.60%
 Step:    930000 | Energy:     15.5301 | Acc:  7.58%
 Step:    940000 | Energy:     13.3019 | Acc:  7.56%
 Step:    950000 | Energy:     18.9920 | Acc:  7.55%
 Step:    960000 | Energy:     13.4994 | Acc:  7.54%
 Step:    970000 | Energy:     21.9000 | Acc:  7.52%
 Step:    980000 | Energy:     12.6885 | Acc:  7.50%
 Step:    990000 | Energy:      9.9461 | Acc:  7.48%
 Step:   1000000 | Energy:     10.7105 | Acc:  7.46%
 ------------------------------------------------------------
 [MC Simulation] WALL TIME:     258.7149 s
 [MC Simulation] Finished Successfully
Running serial: nc=100, conf=5, steps=1000000
 [MC Simulation] Initialization Complete
 [MC Simulation] Carbons: 100
 [MC Simulation] Total Steps: 1000000
 [MC Simulation] T_ini (K):   300.0000  T_fin (K):   300.0000
 [MC Simulation] Cooling factor per step:   0.0000E+00
 ------------------------------------------------------------
 Step:         1 | Energy:     -1.9478 | Acc:  0.00%
 Step:     10000 | Energy:     37.7140 | Acc: 24.28%
 Step:     20000 | Energy:     37.6416 | Acc: 19.46%
 Step:     30000 | Energy:     32.5069 | Acc: 17.15%
 Step:     40000 | Energy:     38.5444 | Acc: 16.77%
 Step:     50000 | Energy:     31.6606 | Acc: 15.72%
 Step:     60000 | Energy:     27.2118 | Acc: 14.59%
 Step:     70000 | Energy:     27.6132 | Acc: 13.49%
 Step:     80000 | Energy:     31.7873 | Acc: 12.72%
 Step:     90000 | Energy:     30.9272 | Acc: 12.27%
 Step:    100000 | Energy:     37.7286 | Acc: 11.95%
 Step:    110000 | Energy:     35.2284 | Acc: 11.77%
 Step:    120000 | Energy:     36.4594 | Acc: 11.57%
 Step:    130000 | Energy:     29.6984 | Acc: 11.34%
 Step:    140000 | Energy:     25.9900 | Acc: 11.11%
 Step:    150000 | Energy:     26.6018 | Acc: 11.00%
 Step:    160000 | Energy:     33.3804 | Acc: 10.76%
 Step:    170000 | Energy:     32.3591 | Acc: 10.59%
 Step:    180000 | Energy:     32.4580 | Acc: 10.50%
 Step:    190000 | Energy:     30.0041 | Acc: 10.42%
 Step:    200000 | Energy:     28.6894 | Acc: 10.35%
 Step:    210000 | Energy:     20.3630 | Acc: 10.19%
 Step:    220000 | Energy:     28.2015 | Acc: 10.05%
 Step:    230000 | Energy:     24.8749 | Acc:  9.93%
 Step:    240000 | Energy:     20.4482 | Acc:  9.84%
 Step:    250000 | Energy:     22.0017 | Acc:  9.75%
 Step:    260000 | Energy:     20.4816 | Acc:  9.65%
 Step:    270000 | Energy:     19.7974 | Acc:  9.55%
 Step:    280000 | Energy:     22.9532 | Acc:  9.45%
 Step:    290000 | Energy:     18.2858 | Acc:  9.36%
 Step:    300000 | Energy:     17.4377 | Acc:  9.28%
 Step:    310000 | Energy:     16.3662 | Acc:  9.20%
 Step:    320000 | Energy:     20.9851 | Acc:  9.12%
 Step:    330000 | Energy:     17.3521 | Acc:  9.06%
 Step:    340000 | Energy:     23.5972 | Acc:  9.00%
 Step:    350000 | Energy:     14.2650 | Acc:  8.93%
 Step:    360000 | Energy:     16.7080 | Acc:  8.86%
 Step:    370000 | Energy:     22.2345 | Acc:  8.82%
 Step:    380000 | Energy:     22.6285 | Acc:  8.77%
 Step:    390000 | Energy:     20.1306 | Acc:  8.72%
 Step:    400000 | Energy:     19.0632 | Acc:  8.65%
 Step:    410000 | Energy:     17.2067 | Acc:  8.60%
 Step:    420000 | Energy:     22.5089 | Acc:  8.59%
 Step:    430000 | Energy:     25.8689 | Acc:  8.55%
 Step:    440000 | Energy:     20.1487 | Acc:  8.50%
 Step:    450000 | Energy:     22.1314 | Acc:  8.45%
 Step:    460000 | Energy:     21.8283 | Acc:  8.42%
 Step:    470000 | Energy:     20.2036 | Acc:  8.37%
 Step:    480000 | Energy:     24.2006 | Acc:  8.32%
 Step:    490000 | Energy:     24.9690 | Acc:  8.29%
 Step:    500000 | Energy:     23.0787 | Acc:  8.25%
 Step:    510000 | Energy:     17.6592 | Acc:  8.22%
 Step:    520000 | Energy:     14.0651 | Acc:  8.20%
 Step:    530000 | Energy:     11.5146 | Acc:  8.17%
 Step:    540000 | Energy:      8.7814 | Acc:  8.14%
 Step:    550000 | Energy:     18.3039 | Acc:  8.11%
 Step:    560000 | Energy:     18.9574 | Acc:  8.09%
 Step:    570000 | Energy:     15.7052 | Acc:  8.08%
 Step:    580000 | Energy:     15.1551 | Acc:  8.05%
 Step:    590000 | Energy:     18.6027 | Acc:  8.03%
 Step:    600000 | Energy:     21.0477 | Acc:  8.01%
 Step:    610000 | Energy:     14.6486 | Acc:  8.01%
 Step:    620000 | Energy:     29.8375 | Acc:  8.00%
 Step:    630000 | Energy:     27.9420 | Acc:  7.99%
 Step:    640000 | Energy:     22.8972 | Acc:  8.00%
 Step:    650000 | Energy:     21.8843 | Acc:  7.99%
 Step:    660000 | Energy:     15.5584 | Acc:  7.97%
 Step:    670000 | Energy:     17.6461 | Acc:  7.97%
 Step:    680000 | Energy:     18.9418 | Acc:  7.97%
 Step:    690000 | Energy:     16.1343 | Acc:  7.94%
 Step:    700000 | Energy:     23.4295 | Acc:  7.94%
 Step:    710000 | Energy:     18.9106 | Acc:  7.92%
 Step:    720000 | Energy:     29.8452 | Acc:  7.91%
 Step:    730000 | Energy:     21.8256 | Acc:  7.93%
 Step:    740000 | Energy:     23.5914 | Acc:  7.92%
 Step:    750000 | Energy:     29.0286 | Acc:  7.93%
 Step:    760000 | Energy:     27.3549 | Acc:  7.93%
 Step:    770000 | Energy:     26.2462 | Acc:  7.96%
 Step:    780000 | Energy:     18.0723 | Acc:  7.93%
 Step:    790000 | Energy:     21.6092 | Acc:  7.90%
 Step:    800000 | Energy:     21.7228 | Acc:  7.88%
 Step:    810000 | Energy:     18.2439 | Acc:  7.85%
 Step:    820000 | Energy:     21.1543 | Acc:  7.83%
 Step:    830000 | Energy:     22.9151 | Acc:  7.80%
 Step:    840000 | Energy:     23.4288 | Acc:  7.79%
 Step:    850000 | Energy:     19.0202 | Acc:  7.77%
 Step:    860000 | Energy:     18.6811 | Acc:  7.75%
 Step:    870000 | Energy:     25.3976 | Acc:  7.72%
 Step:    880000 | Energy:     18.2494 | Acc:  7.71%
 Step:    890000 | Energy:     23.7858 | Acc:  7.69%
 Step:    900000 | Energy:     20.9611 | Acc:  7.67%
 Step:    910000 | Energy:     29.5267 | Acc:  7.66%
 Step:    920000 | Energy:     23.0913 | Acc:  7.64%
 Step:    930000 | Energy:     16.7987 | Acc:  7.63%
 Step:    940000 | Energy:     18.9837 | Acc:  7.62%
 Step:    950000 | Energy:     18.2984 | Acc:  7.60%
 Step:    960000 | Energy:     19.0008 | Acc:  7.58%
 Step:    970000 | Energy:     23.1428 | Acc:  7.56%
 Step:    980000 | Energy:     21.4386 | Acc:  7.54%
 Step:    990000 | Energy:     21.4298 | Acc:  7.53%
 Step:   1000000 | Energy:     26.4395 | Acc:  7.52%
 ------------------------------------------------------------
 [MC Simulation] WALL TIME:     260.5293 s
 [MC Simulation] Finished Successfully
Running serial: nc=200, conf=1, steps=1000000
 [MC Simulation] Initialization Complete
 [MC Simulation] Carbons: 200
 [MC Simulation] Total Steps: 1000000
 [MC Simulation] T_ini (K):   300.0000  T_fin (K):   300.0000
 [MC Simulation] Cooling factor per step:   0.0000E+00
 ------------------------------------------------------------
 Step:         1 | Energy:    -10.3239 | Acc:  0.00%
 Step:     10000 | Energy:     75.0592 | Acc: 30.88%
 Step:     20000 | Energy:     64.8387 | Acc: 18.99%
 Step:     30000 | Energy:     60.8867 | Acc: 14.20%
 Step:     40000 | Energy:     62.7386 | Acc: 11.86%
 Step:     50000 | Energy:     60.5995 | Acc: 10.46%
 Step:     60000 | Energy:     53.9661 | Acc:  9.54%
 Step:     70000 | Energy:     58.8204 | Acc:  8.96%
 Step:     80000 | Energy:     66.9593 | Acc:  8.58%
 Step:     90000 | Energy:     59.6217 | Acc:  8.20%
 Step:    100000 | Energy:     64.4002 | Acc:  7.89%
 Step:    110000 | Energy:     59.8193 | Acc:  7.60%
 Step:    120000 | Energy:     66.8779 | Acc:  7.36%
 Step:    130000 | Energy:     64.2471 | Acc:  7.17%
 Step:    140000 | Energy:     61.9253 | Acc:  7.02%
 Step:    150000 | Energy:     62.5774 | Acc:  6.87%
 Step:    160000 | Energy:     64.7789 | Acc:  6.77%
 Step:    170000 | Energy:     64.8310 | Acc:  6.63%
 Step:    180000 | Energy:     63.6447 | Acc:  6.53%
 Step:    190000 | Energy:     67.0988 | Acc:  6.47%
 Step:    200000 | Energy:     70.2363 | Acc:  6.41%
 Step:    210000 | Energy:     64.7948 | Acc:  6.32%
 Step:    220000 | Energy:     66.2812 | Acc:  6.24%
 Step:    230000 | Energy:     65.0587 | Acc:  6.17%
 Step:    240000 | Energy:     60.4740 | Acc:  6.09%
 Step:    250000 | Energy:     65.2118 | Acc:  6.01%
 Step:    260000 | Energy:     58.9213 | Acc:  5.92%
 Step:    270000 | Energy:     56.5000 | Acc:  5.83%
 Step:    280000 | Energy:     55.6075 | Acc:  5.73%
 Step:    290000 | Energy:     57.7221 | Acc:  5.67%
 Step:    300000 | Energy:     54.4053 | Acc:  5.60%
 Step:    310000 | Energy:     55.0894 | Acc:  5.54%
 Step:    320000 | Energy:     55.7514 | Acc:  5.47%
 Step:    330000 | Energy:     57.8351 | Acc:  5.42%
 Step:    340000 | Energy:     54.6626 | Acc:  5.38%
 Step:    350000 | Energy:     55.6913 | Acc:  5.33%
 Step:    360000 | Energy:     59.3832 | Acc:  5.29%
 Step:    370000 | Energy:     59.1702 | Acc:  5.27%
 Step:    380000 | Energy:     59.6010 | Acc:  5.22%
 Step:    390000 | Energy:     61.1756 | Acc:  5.18%
 Step:    400000 | Energy:     61.9811 | Acc:  5.16%
 Step:    410000 | Energy:     60.8019 | Acc:  5.13%
 Step:    420000 | Energy:     59.5408 | Acc:  5.10%
 Step:    430000 | Energy:     54.8388 | Acc:  5.06%
 Step:    440000 | Energy:     56.6945 | Acc:  5.02%
 Step:    450000 | Energy:     58.9076 | Acc:  4.97%
 Step:    460000 | Energy:     55.9872 | Acc:  4.92%
 Step:    470000 | Energy:     55.1708 | Acc:  4.89%
 Step:    480000 | Energy:     54.7954 | Acc:  4.85%
 Step:    490000 | Energy:     56.9571 | Acc:  4.82%
 Step:    500000 | Energy:     49.8878 | Acc:  4.78%
 Step:    510000 | Energy:     58.7759 | Acc:  4.75%
 Step:    520000 | Energy:     55.6319 | Acc:  4.73%
 Step:    530000 | Energy:     55.2858 | Acc:  4.69%
 Step:    540000 | Energy:     52.3701 | Acc:  4.67%
 Step:    550000 | Energy:     58.6353 | Acc:  4.67%
 Step:    560000 | Energy:     61.5516 | Acc:  4.64%
 Step:    570000 | Energy:     55.4396 | Acc:  4.61%
 Step:    580000 | Energy:     58.1309 | Acc:  4.60%
 Step:    590000 | Energy:     55.6260 | Acc:  4.57%
 Step:    600000 | Energy:     56.2065 | Acc:  4.55%
 Step:    610000 | Energy:     56.6875 | Acc:  4.54%
 Step:    620000 | Energy:     62.3545 | Acc:  4.52%
 Step:    630000 | Energy:     54.8900 | Acc:  4.51%
 Step:    640000 | Energy:     50.1869 | Acc:  4.50%
 Step:    650000 | Energy:     52.9217 | Acc:  4.48%
 Step:    660000 | Energy:     57.2198 | Acc:  4.48%
 Step:    670000 | Energy:     54.4039 | Acc:  4.47%
 Step:    680000 | Energy:     53.5098 | Acc:  4.47%
 Step:    690000 | Energy:     55.9207 | Acc:  4.46%
 Step:    700000 | Energy:     52.6096 | Acc:  4.45%
 Step:    710000 | Energy:     53.9786 | Acc:  4.44%
 Step:    720000 | Energy:     60.0146 | Acc:  4.43%
 Step:    730000 | Energy:     56.8860 | Acc:  4.42%
 Step:    740000 | Energy:     55.3508 | Acc:  4.41%
 Step:    750000 | Energy:     56.1007 | Acc:  4.40%
 Step:    760000 | Energy:     64.9794 | Acc:  4.39%
 Step:    770000 | Energy:     56.9345 | Acc:  4.37%
 Step:    780000 | Energy:     62.9384 | Acc:  4.36%
 Step:    790000 | Energy:     57.5571 | Acc:  4.35%
 Step:    800000 | Energy:     58.5095 | Acc:  4.34%
 Step:    810000 | Energy:     61.7659 | Acc:  4.35%
 Step:    820000 | Energy:     55.9696 | Acc:  4.34%
 Step:    830000 | Energy:     51.4289 | Acc:  4.34%
 Step:    840000 | Energy:     52.1065 | Acc:  4.33%
 Step:    850000 | Energy:     54.1538 | Acc:  4.32%
 Step:    860000 | Energy:     52.5787 | Acc:  4.31%
 Step:    870000 | Energy:     58.2206 | Acc:  4.30%
 Step:    880000 | Energy:     62.5506 | Acc:  4.29%
 Step:    890000 | Energy:     60.0012 | Acc:  4.28%
 Step:    900000 | Energy:     63.6500 | Acc:  4.28%
 Step:    910000 | Energy:     68.6553 | Acc:  4.27%
 Step:    920000 | Energy:     64.7351 | Acc:  4.27%
 Step:    930000 | Energy:     63.7061 | Acc:  4.26%
 Step:    940000 | Energy:     58.9007 | Acc:  4.26%
 Step:    950000 | Energy:     61.4783 | Acc:  4.26%
 Step:    960000 | Energy:     53.9721 | Acc:  4.25%
 Step:    970000 | Energy:     59.6623 | Acc:  4.25%
 Step:    980000 | Energy:     56.8490 | Acc:  4.24%
 Step:    990000 | Energy:     56.1131 | Acc:  4.24%
 Step:   1000000 | Energy:     64.0743 | Acc:  4.24%
 ------------------------------------------------------------
 [MC Simulation] WALL TIME:    1148.8149 s
 [MC Simulation] Finished Successfully
Running serial: nc=200, conf=4, steps=1000000
 [MC Simulation] Initialization Complete
 [MC Simulation] Carbons: 200
 [MC Simulation] Total Steps: 1000000
 [MC Simulation] T_ini (K):   300.0000  T_fin (K):   300.0000
 [MC Simulation] Cooling factor per step:   0.0000E+00
 ------------------------------------------------------------
 Step:         1 | Energy:     80.4060 | Acc:  0.00%
 Step:     10000 | Energy:     77.3045 | Acc: 34.10%
 Step:     20000 | Energy:     53.9069 | Acc: 21.17%
 Step:     30000 | Energy:     54.0031 | Acc: 15.53%
 Step:     40000 | Energy:     51.8494 | Acc: 12.68%
 Step:     50000 | Energy:     51.6664 | Acc: 11.00%
 Step:     60000 | Energy:     54.8217 | Acc:  9.84%
 Step:     70000 | Energy:     52.1468 | Acc:  9.02%
 Step:     80000 | Energy:     51.7399 | Acc:  8.40%
 Step:     90000 | Energy:     47.8745 | Acc:  7.91%
 Step:    100000 | Energy:     51.6110 | Acc:  7.56%
 Step:    110000 | Energy:     45.6534 | Acc:  7.22%
 Step:    120000 | Energy:     46.8031 | Acc:  6.93%
 Step:    130000 | Energy:     45.9315 | Acc:  6.72%
 Step:    140000 | Energy:     51.9107 | Acc:  6.58%
 Step:    150000 | Energy:     49.4385 | Acc:  6.40%
 Step:    160000 | Energy:     44.6422 | Acc:  6.25%
 Step:    170000 | Energy:     50.1786 | Acc:  6.13%
 Step:    180000 | Energy:     41.4259 | Acc:  6.01%
 Step:    190000 | Energy:     43.6125 | Acc:  5.91%
 Step:    200000 | Energy:     53.3680 | Acc:  5.85%
 Step:    210000 | Energy:     46.5355 | Acc:  5.83%
 Step:    220000 | Energy:     43.0308 | Acc:  5.75%
 Step:    230000 | Energy:     42.6129 | Acc:  5.70%
 Step:    240000 | Energy:     50.1628 | Acc:  5.62%
 Step:    250000 | Energy:     49.2552 | Acc:  5.56%
 Step:    260000 | Energy:     45.5241 | Acc:  5.53%
 Step:    270000 | Energy:     46.6615 | Acc:  5.48%
 Step:    280000 | Energy:     55.0556 | Acc:  5.44%
 Step:    290000 | Energy:     53.9760 | Acc:  5.39%
 Step:    300000 | Energy:     43.9709 | Acc:  5.33%
 Step:    310000 | Energy:     46.0833 | Acc:  5.28%
 Step:    320000 | Energy:     46.0054 | Acc:  5.22%
 Step:    330000 | Energy:     46.9334 | Acc:  5.19%
 Step:    340000 | Energy:     46.7701 | Acc:  5.15%
 Step:    350000 | Energy:     43.7871 | Acc:  5.10%
 Step:    360000 | Energy:     47.0052 | Acc:  5.08%
 Step:    370000 | Energy:     42.7888 | Acc:  5.04%
 Step:    380000 | Energy:     46.4227 | Acc:  5.00%
 Step:    390000 | Energy:     43.5853 | Acc:  4.95%
 Step:    400000 | Energy:     48.1670 | Acc:  4.93%
 Step:    410000 | Energy:     48.8625 | Acc:  4.90%
 Step:    420000 | Energy:     41.5977 | Acc:  4.88%
 Step:    430000 | Energy:     47.8436 | Acc:  4.86%
 Step:    440000 | Energy:     43.5278 | Acc:  4.86%
 Step:    450000 | Energy:     49.8444 | Acc:  4.84%
 Step:    460000 | Energy:     44.6777 | Acc:  4.81%
 Step:    470000 | Energy:     44.2968 | Acc:  4.78%
 Step:    480000 | Energy:     48.6189 | Acc:  4.77%
 Step:    490000 | Energy:     47.2904 | Acc:  4.75%
 Step:    500000 | Energy:     47.5281 | Acc:  4.73%
 Step:    510000 | Energy:     63.1321 | Acc:  4.72%
 Step:    520000 | Energy:     51.8868 | Acc:  4.71%
 Step:    530000 | Energy:     51.7497 | Acc:  4.70%
 Step:    540000 | Energy:     45.7252 | Acc:  4.68%
 Step:    550000 | Energy:     46.9169 | Acc:  4.67%
 Step:    560000 | Energy:     44.6462 | Acc:  4.66%
 Step:    570000 | Energy:     35.9114 | Acc:  4.64%
 Step:    580000 | Energy:     45.2208 | Acc:  4.62%
 Step:    590000 | Energy:     45.4169 | Acc:  4.60%
 Step:    600000 | Energy:     46.7760 | Acc:  4.59%
 Step:    610000 | Energy:     44.8024 | Acc:  4.58%
 Step:    620000 | Energy:     47.2560 | Acc:  4.57%
 Step:    630000 | Energy:     47.4670 | Acc:  4.55%
 Step:    640000 | Energy:     47.1198 | Acc:  4.54%
 Step:    650000 | Energy:     51.3354 | Acc:  4.53%
 Step:    660000 | Energy:     47.8322 | Acc:  4.52%
 Step:    670000 | Energy:     50.3580 | Acc:  4.51%
 Step:    680000 | Energy:     45.2013 | Acc:  4.49%
 Step:    690000 | Energy:     45.9405 | Acc:  4.48%
 Step:    700000 | Energy:     49.5399 | Acc:  4.46%
 Step:    710000 | Energy:     44.5904 | Acc:  4.45%
 Step:    720000 | Energy:     44.5440 | Acc:  4.44%
 Step:    730000 | Energy:     43.8928 | Acc:  4.43%
 Step:    740000 | Energy:     44.2565 | Acc:  4.42%
 Step:    750000 | Energy:     48.6359 | Acc:  4.41%
 Step:    760000 | Energy:     44.8133 | Acc:  4.40%
 Step:    770000 | Energy:     45.4555 | Acc:  4.38%
 Step:    780000 | Energy:     45.0915 | Acc:  4.37%
 Step:    790000 | Energy:     45.4301 | Acc:  4.36%
 Step:    800000 | Energy:     44.0320 | Acc:  4.35%
 Step:    810000 | Energy:     47.5005 | Acc:  4.34%
 Step:    820000 | Energy:     42.1939 | Acc:  4.33%
 Step:    830000 | Energy:     49.6057 | Acc:  4.32%
 Step:    840000 | Energy:     42.3332 | Acc:  4.31%
 Step:    850000 | Energy:     42.5253 | Acc:  4.29%
 Step:    860000 | Energy:     43.1893 | Acc:  4.28%
 Step:    870000 | Energy:     44.9639 | Acc:  4.27%
 Step:    880000 | Energy:     43.0526 | Acc:  4.26%
 Step:    890000 | Energy:     38.3896 | Acc:  4.26%
 Step:    900000 | Energy:     41.9149 | Acc:  4.24%
 Step:    910000 | Energy:     45.7685 | Acc:  4.24%
 Step:    920000 | Energy:     39.2402 | Acc:  4.23%
 Step:    930000 | Energy:     42.9671 | Acc:  4.21%
 Step:    940000 | Energy:     45.1600 | Acc:  4.20%
 Step:    950000 | Energy:     42.1157 | Acc:  4.19%
 Step:    960000 | Energy:     42.1887 | Acc:  4.19%
 Step:    970000 | Energy:     37.6269 | Acc:  4.18%
 Step:    980000 | Energy:     40.4482 | Acc:  4.17%
 Step:    990000 | Energy:     41.1509 | Acc:  4.16%
 Step:   1000000 | Energy:     47.8283 | Acc:  4.16%
 ------------------------------------------------------------
 [MC Simulation] WALL TIME:    1129.2945 s
 [MC Simulation] Finished Successfully
Running serial: nc=200, conf=5, steps=1000000
 [MC Simulation] Initialization Complete
 [MC Simulation] Carbons: 200
 [MC Simulation] Total Steps: 1000000
 [MC Simulation] T_ini (K):   300.0000  T_fin (K):   300.0000
 [MC Simulation] Cooling factor per step:   0.0000E+00
 ------------------------------------------------------------
 Step:         1 | Energy:     -4.4516 | Acc:  0.00%
 Step:     10000 | Energy:     67.9639 | Acc: 22.21%
 Step:     20000 | Energy:     55.6512 | Acc: 16.85%
 Step:     30000 | Energy:     56.5442 | Acc: 13.25%
 Step:     40000 | Energy:     55.6349 | Acc: 11.64%
 Step:     50000 | Energy:     47.2891 | Acc: 10.28%
 Step:     60000 | Energy:     55.5431 | Acc:  9.37%
 Step:     70000 | Energy:     51.5874 | Acc:  8.66%
 Step:     80000 | Energy:     53.8993 | Acc:  8.08%
 Step:     90000 | Energy:     51.9785 | Acc:  7.57%
 Step:    100000 | Energy:     51.0226 | Acc:  7.15%
 Step:    110000 | Energy:     47.8140 | Acc:  6.78%
 Step:    120000 | Energy:     46.4130 | Acc:  6.50%
 Step:    130000 | Energy:     49.4870 | Acc:  6.27%
 Step:    140000 | Energy:     52.5277 | Acc:  6.06%
 Step:    150000 | Energy:     47.7298 | Acc:  5.86%
 Step:    160000 | Energy:     47.2305 | Acc:  5.69%
 Step:    170000 | Energy:     41.5616 | Acc:  5.55%
 Step:    180000 | Energy:     36.6616 | Acc:  5.41%
 Step:    190000 | Energy:     36.1986 | Acc:  5.27%
 Step:    200000 | Energy:     40.4652 | Acc:  5.15%
 Step:    210000 | Energy:     39.9458 | Acc:  5.06%
 Step:    220000 | Energy:     41.8059 | Acc:  4.96%
 Step:    230000 | Energy:     45.1848 | Acc:  4.90%
 Step:    240000 | Energy:     48.7609 | Acc:  4.81%
 Step:    250000 | Energy:     49.5274 | Acc:  4.76%
 Step:    260000 | Energy:     47.7348 | Acc:  4.69%
 Step:    270000 | Energy:     46.0237 | Acc:  4.64%
 Step:    280000 | Energy:     46.0154 | Acc:  4.59%
 Step:    290000 | Energy:     41.6459 | Acc:  4.55%
 Step:    300000 | Energy:     39.9314 | Acc:  4.51%
 Step:    310000 | Energy:     43.7630 | Acc:  4.45%
 Step:    320000 | Energy:     38.3070 | Acc:  4.41%
 Step:    330000 | Energy:     41.6941 | Acc:  4.37%
 Step:    340000 | Energy:     46.9311 | Acc:  4.35%
 Step:    350000 | Energy:     39.2593 | Acc:  4.32%
 Step:    360000 | Energy:     37.4850 | Acc:  4.28%
 Step:    370000 | Energy:     39.8862 | Acc:  4.22%
 Step:    380000 | Energy:     39.5698 | Acc:  4.18%
 Step:    390000 | Energy:     40.1566 | Acc:  4.15%
 Step:    400000 | Energy:     38.3473 | Acc:  4.13%
 Step:    410000 | Energy:     34.1357 | Acc:  4.11%
 Step:    420000 | Energy:     36.0984 | Acc:  4.08%
 Step:    430000 | Energy:     41.5758 | Acc:  4.05%
 Step:    440000 | Energy:     40.8121 | Acc:  4.03%
 Step:    450000 | Energy:     43.5549 | Acc:  4.00%
 Step:    460000 | Energy:     43.6212 | Acc:  3.99%
 Step:    470000 | Energy:     48.2323 | Acc:  3.97%
 Step:    480000 | Energy:     53.0066 | Acc:  3.95%
 Step:    490000 | Energy:     49.2352 | Acc:  3.92%
 Step:    500000 | Energy:     45.7941 | Acc:  3.91%
 Step:    510000 | Energy:     48.6587 | Acc:  3.90%
 Step:    520000 | Energy:     42.0521 | Acc:  3.88%
 Step:    530000 | Energy:     41.7870 | Acc:  3.85%
 Step:    540000 | Energy:     45.4787 | Acc:  3.83%
 Step:    550000 | Energy:     39.6509 | Acc:  3.82%
 Step:    560000 | Energy:     43.9526 | Acc:  3.80%
 Step:    570000 | Energy:     42.5399 | Acc:  3.79%
 Step:    580000 | Energy:     46.8326 | Acc:  3.77%
 Step:    590000 | Energy:     42.0287 | Acc:  3.75%
 Step:    600000 | Energy:     53.7581 | Acc:  3.75%
 Step:    610000 | Energy:     44.5333 | Acc:  3.74%
 Step:    620000 | Energy:     44.8057 | Acc:  3.72%
 Step:    630000 | Energy:     40.9901 | Acc:  3.71%
 Step:    640000 | Energy:     39.8471 | Acc:  3.70%
 Step:    650000 | Energy:     38.4587 | Acc:  3.68%
 Step:    660000 | Energy:     41.2390 | Acc:  3.67%
 Step:    670000 | Energy:     40.7500 | Acc:  3.66%
 Step:    680000 | Energy:     46.5285 | Acc:  3.65%
 Step:    690000 | Energy:     42.5696 | Acc:  3.64%
 Step:    700000 | Energy:     46.4159 | Acc:  3.64%
 Step:    710000 | Energy:     53.0284 | Acc:  3.64%
 Step:    720000 | Energy:     54.6947 | Acc:  3.65%
 Step:    730000 | Energy:     55.5264 | Acc:  3.64%
 Step:    740000 | Energy:     45.1746 | Acc:  3.64%
 Step:    750000 | Energy:     44.0444 | Acc:  3.63%
 Step:    760000 | Energy:     44.2943 | Acc:  3.64%
 Step:    770000 | Energy:     43.6698 | Acc:  3.63%
 Step:    780000 | Energy:     42.5906 | Acc:  3.62%
 Step:    790000 | Energy:     41.9677 | Acc:  3.62%
 Step:    800000 | Energy:     45.3852 | Acc:  3.62%
 Step:    810000 | Energy:     45.0550 | Acc:  3.62%
 Step:    820000 | Energy:     38.5223 | Acc:  3.62%
 Step:    830000 | Energy:     41.3329 | Acc:  3.61%
 Step:    840000 | Energy:     43.3787 | Acc:  3.61%
 Step:    850000 | Energy:     42.4377 | Acc:  3.61%
 Step:    860000 | Energy:     50.2064 | Acc:  3.61%
 Step:    870000 | Energy:     46.4395 | Acc:  3.61%
 Step:    880000 | Energy:     46.9229 | Acc:  3.61%
 Step:    890000 | Energy:     46.5080 | Acc:  3.61%
 Step:    900000 | Energy:     42.8565 | Acc:  3.61%
 Step:    910000 | Energy:     44.7333 | Acc:  3.61%
 Step:    920000 | Energy:     44.9831 | Acc:  3.61%
 Step:    930000 | Energy:     42.7733 | Acc:  3.61%
 Step:    940000 | Energy:     46.1180 | Acc:  3.61%
 Step:    950000 | Energy:     51.7512 | Acc:  3.61%
 Step:    960000 | Energy:     47.6316 | Acc:  3.61%
 Step:    970000 | Energy:     44.8235 | Acc:  3.61%
 Step:    980000 | Energy:     42.3262 | Acc:  3.60%
 Step:    990000 | Energy:     40.6342 | Acc:  3.59%
 Step:   1000000 | Energy:     41.3326 | Acc:  3.58%
 ------------------------------------------------------------
 [MC Simulation] WALL TIME:    1134.9538 s
 [MC Simulation] Finished Successfully
Running serial: nc=100, conf=1, steps=100000
 [MC Simulation] Initialization Complete
 [MC Simulation] Carbons: 100
 [MC Simulation] Total Steps: 100000
 [MC Simulation] T_ini (K):   300.0000  T_fin (K):   300.0000
 [MC Simulation] Cooling factor per step:   0.0000E+00
 ------------------------------------------------------------
 Step:         1 | Energy:     -5.0531 | Acc:  0.00%
 Step:     10000 | Energy:     40.1411 | Acc: 34.66%
 Step:     20000 | Energy:     29.6157 | Acc: 24.69%
 Step:     30000 | Energy:     32.4751 | Acc: 19.52%
 Step:     40000 | Energy:     28.0769 | Acc: 17.10%
 Step:     50000 | Energy:     33.2372 | Acc: 15.63%
 Step:     60000 | Energy:     28.3295 | Acc: 14.61%
 Step:     70000 | Energy:     32.3432 | Acc: 13.84%
 Step:     80000 | Energy:     38.8376 | Acc: 13.25%
 Step:     90000 | Energy:     33.1127 | Acc: 12.80%
 Step:    100000 | Energy:     30.2891 | Acc: 12.49%
 ------------------------------------------------------------
 [MC Simulation] WALL TIME:      25.1313 s
 [MC Simulation] Finished Successfully
Running serial: nc=100, conf=4, steps=100000
 [MC Simulation] Initialization Complete
 [MC Simulation] Carbons: 100
 [MC Simulation] Total Steps: 100000
 [MC Simulation] T_ini (K):   300.0000  T_fin (K):   300.0000
 [MC Simulation] Cooling factor per step:   0.0000E+00
 ------------------------------------------------------------
 Step:         1 | Energy:     39.6214 | Acc:  0.00%
 Step:     10000 | Energy:     46.4495 | Acc: 34.55%
 Step:     20000 | Energy:     29.7293 | Acc: 30.04%
 Step:     30000 | Energy:     22.7467 | Acc: 23.41%
 Step:     40000 | Energy:     28.8165 | Acc: 19.53%
 Step:     50000 | Energy:     27.3793 | Acc: 17.27%
 Step:     60000 | Energy:     33.0950 | Acc: 15.61%
 Step:     70000 | Energy:     32.5053 | Acc: 14.29%
 Step:     80000 | Energy:     31.4601 | Acc: 13.42%
 Step:     90000 | Energy:     31.9401 | Acc: 12.73%
 Step:    100000 | Energy:     30.8182 | Acc: 12.24%
 ------------------------------------------------------------
 [MC Simulation] WALL TIME:      25.4040 s
 [MC Simulation] Finished Successfully
Running serial: nc=100, conf=5, steps=100000
 [MC Simulation] Initialization Complete
 [MC Simulation] Carbons: 100
 [MC Simulation] Total Steps: 100000
 [MC Simulation] T_ini (K):   300.0000  T_fin (K):   300.0000
 [MC Simulation] Cooling factor per step:   0.0000E+00
 ------------------------------------------------------------
 Step:         1 | Energy:     -1.9478 | Acc:  0.00%
 Step:     10000 | Energy:     37.7140 | Acc: 24.28%
 Step:     20000 | Energy:     37.6416 | Acc: 19.46%
 Step:     30000 | Energy:     32.5069 | Acc: 17.15%
 Step:     40000 | Energy:     38.5444 | Acc: 16.77%
 Step:     50000 | Energy:     31.6606 | Acc: 15.72%
 Step:     60000 | Energy:     27.2118 | Acc: 14.59%
 Step:     70000 | Energy:     27.6132 | Acc: 13.49%
 Step:     80000 | Energy:     31.7873 | Acc: 12.72%
 Step:     90000 | Energy:     30.9272 | Acc: 12.27%
 Step:    100000 | Energy:     37.7286 | Acc: 11.95%
 ------------------------------------------------------------
 [MC Simulation] WALL TIME:      25.1805 s
 [MC Simulation] Finished Successfully
Running serial: nc=100, conf=1, steps=10000000
 [MC Simulation] Initialization Complete
 [MC Simulation] Carbons: 100
 [MC Simulation] Total Steps: 10000000
 [MC Simulation] T_ini (K):   300.0000  T_fin (K):   300.0000
 [MC Simulation] Cooling factor per step:   0.0000E+00
 ------------------------------------------------------------
 Step:         1 | Energy:     -5.0531 | Acc:  0.00%
 Step:     10000 | Energy:     40.1411 | Acc: 34.66%
 Step:     20000 | Energy:     29.6157 | Acc: 24.69%
 Step:     30000 | Energy:     32.4751 | Acc: 19.52%
 Step:     40000 | Energy:     28.0769 | Acc: 17.10%
 Step:     50000 | Energy:     33.2372 | Acc: 15.63%
 Step:     60000 | Energy:     28.3295 | Acc: 14.61%
 Step:     70000 | Energy:     32.3432 | Acc: 13.84%
 Step:     80000 | Energy:     38.8376 | Acc: 13.25%
 Step:     90000 | Energy:     33.1127 | Acc: 12.80%
 Step:    100000 | Energy:     30.2891 | Acc: 12.49%
 Step:    110000 | Energy:     39.3785 | Acc: 12.12%
 Step:    120000 | Energy:     33.6216 | Acc: 11.78%
 Step:    130000 | Energy:     28.1330 | Acc: 11.42%
 Step:    140000 | Energy:     28.5920 | Acc: 11.19%
 Step:    150000 | Energy:     33.1062 | Acc: 10.98%
 Step:    160000 | Energy:     30.6894 | Acc: 10.78%
 Step:    170000 | Energy:     34.5336 | Acc: 10.62%
 Step:    180000 | Energy:     27.5046 | Acc: 10.49%
 Step:    190000 | Energy:     26.3660 | Acc: 10.38%
 Step:    200000 | Energy:     26.8016 | Acc: 10.21%
 Step:    210000 | Energy:     25.4656 | Acc: 10.02%
 Step:    220000 | Energy:     22.7084 | Acc:  9.89%
 Step:    230000 | Energy:     34.9200 | Acc:  9.75%
 Step:    240000 | Energy:     27.1459 | Acc:  9.63%
 Step:    250000 | Energy:     19.2377 | Acc:  9.51%
 Step:    260000 | Energy:     21.8403 | Acc:  9.41%
 Step:    270000 | Energy:     24.3126 | Acc:  9.34%
 Step:    280000 | Energy:     19.6189 | Acc:  9.21%
 Step:    290000 | Energy:     21.5603 | Acc:  9.10%
 Step:    300000 | Energy:     26.0049 | Acc:  8.98%
 Step:    310000 | Energy:     21.8810 | Acc:  8.84%
 Step:    320000 | Energy:     27.9030 | Acc:  8.76%
 Step:    330000 | Energy:     28.8867 | Acc:  8.67%
 Step:    340000 | Energy:     30.6099 | Acc:  8.61%
 Step:    350000 | Energy:     30.0509 | Acc:  8.57%
 Step:    360000 | Energy:     25.6369 | Acc:  8.50%
 Step:    370000 | Energy:     23.4657 | Acc:  8.43%
 Step:    380000 | Energy:     28.2405 | Acc:  8.37%
 Step:    390000 | Energy:     20.9350 | Acc:  8.31%
 Step:    400000 | Energy:     15.7875 | Acc:  8.23%
 Step:    410000 | Energy:     18.8241 | Acc:  8.16%
 Step:    420000 | Energy:     18.2862 | Acc:  8.09%
 Step:    430000 | Energy:     23.5303 | Acc:  8.01%
 Step:    440000 | Energy:     26.0013 | Acc:  7.95%
 Step:    450000 | Energy:     30.5579 | Acc:  7.90%
 Step:    460000 | Energy:     31.4092 | Acc:  7.87%
 Step:    470000 | Energy:     29.5453 | Acc:  7.85%
 Step:    480000 | Energy:     27.5386 | Acc:  7.85%
 Step:    490000 | Energy:     30.4985 | Acc:  7.85%
 Step:    500000 | Energy:     25.4966 | Acc:  7.83%
 Step:    510000 | Energy:     28.8384 | Acc:  7.81%
 Step:    520000 | Energy:     26.6497 | Acc:  7.77%
 Step:    530000 | Energy:     26.2803 | Acc:  7.73%
 Step:    540000 | Energy:     26.5170 | Acc:  7.70%
 Step:    550000 | Energy:     33.5281 | Acc:  7.66%
 Step:    560000 | Energy:     25.5294 | Acc:  7.64%
 Step:    570000 | Energy:     25.4728 | Acc:  7.61%
 Step:    580000 | Energy:     27.4585 | Acc:  7.59%
 Step:    590000 | Energy:     29.1180 | Acc:  7.59%
 Step:    600000 | Energy:     33.8877 | Acc:  7.60%
 Step:    610000 | Energy:     29.6221 | Acc:  7.60%
 Step:    620000 | Energy:     44.5549 | Acc:  7.59%
 Step:    630000 | Energy:     41.5415 | Acc:  7.59%
 Step:    640000 | Energy:     36.2406 | Acc:  7.59%
 Step:    650000 | Energy:     35.6467 | Acc:  7.58%
 Step:    660000 | Energy:     32.8535 | Acc:  7.55%
 Step:    670000 | Energy:     25.6061 | Acc:  7.52%
 Step:    680000 | Energy:     27.9495 | Acc:  7.50%
 Step:    690000 | Energy:     24.9850 | Acc:  7.47%
 Step:    700000 | Energy:     28.5999 | Acc:  7.45%
 Step:    710000 | Energy:     22.3302 | Acc:  7.42%
 Step:    720000 | Energy:     26.6092 | Acc:  7.39%
 Step:    730000 | Energy:     25.9792 | Acc:  7.36%
 Step:    740000 | Energy:     28.3419 | Acc:  7.36%
 Step:    750000 | Energy:     29.4413 | Acc:  7.35%
 Step:    760000 | Energy:     28.5478 | Acc:  7.33%
 Step:    770000 | Energy:     26.6642 | Acc:  7.32%
 Step:    780000 | Energy:     30.1285 | Acc:  7.30%
 Step:    790000 | Energy:     33.2819 | Acc:  7.27%
 Step:    800000 | Energy:     33.0380 | Acc:  7.26%
 Step:    810000 | Energy:     32.3499 | Acc:  7.24%
 Step:    820000 | Energy:     28.1060 | Acc:  7.23%
 Step:    830000 | Energy:     28.5438 | Acc:  7.20%
 Step:    840000 | Energy:     32.1328 | Acc:  7.17%
 Step:    850000 | Energy:     38.3402 | Acc:  7.15%
 Step:    860000 | Energy:     29.0808 | Acc:  7.13%
 Step:    870000 | Energy:     28.8272 | Acc:  7.11%
 Step:    880000 | Energy:     36.5035 | Acc:  7.09%
 Step:    890000 | Energy:     32.2571 | Acc:  7.08%
 Step:    900000 | Energy:     37.6454 | Acc:  7.08%
 Step:    910000 | Energy:     34.9993 | Acc:  7.06%
 Step:    920000 | Energy:     40.4397 | Acc:  7.06%
 Step:    930000 | Energy:     32.4975 | Acc:  7.06%
 Step:    940000 | Energy:     27.3004 | Acc:  7.05%
 Step:    950000 | Energy:     31.8421 | Acc:  7.04%
 Step:    960000 | Energy:     30.7011 | Acc:  7.04%
 Step:    970000 | Energy:     36.0162 | Acc:  7.02%
 Step:    980000 | Energy:     30.0309 | Acc:  7.01%
 Step:    990000 | Energy:     30.3486 | Acc:  7.00%
 Step:   1000000 | Energy:     31.1530 | Acc:  7.00%
 Step:   1010000 | Energy:     35.4610 | Acc:  6.99%
 Step:   1020000 | Energy:     27.0945 | Acc:  6.99%
 Step:   1030000 | Energy:     30.9000 | Acc:  6.97%
 Step:   1040000 | Energy:     32.4991 | Acc:  6.96%
 Step:   1050000 | Energy:     22.8956 | Acc:  6.95%
 Step:   1060000 | Energy:     28.5179 | Acc:  6.93%
 Step:   1070000 | Energy:     34.7175 | Acc:  6.92%
 Step:   1080000 | Energy:     34.1364 | Acc:  6.92%
 Step:   1090000 | Energy:     34.9938 | Acc:  6.92%
 Step:   1100000 | Energy:     38.0763 | Acc:  6.93%
 Step:   1110000 | Energy:     31.0766 | Acc:  6.94%
 Step:   1120000 | Energy:     33.9457 | Acc:  6.94%
 Step:   1130000 | Energy:     30.3746 | Acc:  6.95%
 Step:   1140000 | Energy:     38.2981 | Acc:  6.95%
 Step:   1150000 | Energy:     25.6793 | Acc:  6.96%
 Step:   1160000 | Energy:     33.4404 | Acc:  6.95%
 Step:   1170000 | Energy:     38.6502 | Acc:  6.97%
 Step:   1180000 | Energy:     26.3923 | Acc:  6.96%
 Step:   1190000 | Energy:     24.9699 | Acc:  6.95%
 Step:   1200000 | Energy:     28.2659 | Acc:  6.95%
 Step:   1210000 | Energy:     28.8615 | Acc:  6.94%
 Step:   1220000 | Energy:     26.4621 | Acc:  6.93%
 Step:   1230000 | Energy:     23.8818 | Acc:  6.93%
 Step:   1240000 | Energy:     25.0651 | Acc:  6.92%
 Step:   1250000 | Energy:     24.8378 | Acc:  6.92%
 Step:   1260000 | Energy:     20.9497 | Acc:  6.91%
 Step:   1270000 | Energy:     28.0595 | Acc:  6.90%
 Step:   1280000 | Energy:     25.1491 | Acc:  6.89%
 Step:   1290000 | Energy:     24.2045 | Acc:  6.88%
 Step:   1300000 | Energy:     23.8412 | Acc:  6.87%
 Step:   1310000 | Energy:     21.6650 | Acc:  6.87%
 Step:   1320000 | Energy:     35.3054 | Acc:  6.86%
 Step:   1330000 | Energy:     27.8472 | Acc:  6.85%
 Step:   1340000 | Energy:     27.2852 | Acc:  6.85%
 Step:   1350000 | Energy:     28.2328 | Acc:  6.84%
 Step:   1360000 | Energy:     30.1542 | Acc:  6.84%
 Step:   1370000 | Energy:     38.3594 | Acc:  6.83%
 Step:   1380000 | Energy:     40.6356 | Acc:  6.83%
 Step:   1390000 | Energy:     26.4927 | Acc:  6.84%
 Step:   1400000 | Energy:     30.4131 | Acc:  6.83%
 Step:   1410000 | Energy:     31.5146 | Acc:  6.82%
 Step:   1420000 | Energy:     31.2342 | Acc:  6.82%
 Step:   1430000 | Energy:     29.3425 | Acc:  6.81%
 Step:   1440000 | Energy:     31.9299 | Acc:  6.81%
 Step:   1450000 | Energy:     29.7075 | Acc:  6.80%
 Step:   1460000 | Energy:     28.6208 | Acc:  6.80%
 Step:   1470000 | Energy:     21.7252 | Acc:  6.80%
 Step:   1480000 | Energy:     25.0822 | Acc:  6.79%
 Step:   1490000 | Energy:     25.6084 | Acc:  6.79%
 Step:   1500000 | Energy:     24.1537 | Acc:  6.78%
 Step:   1510000 | Energy:     25.3061 | Acc:  6.77%
 Step:   1520000 | Energy:     28.8043 | Acc:  6.77%
 Step:   1530000 | Energy:     34.5905 | Acc:  6.76%
 Step:   1540000 | Energy:     37.6088 | Acc:  6.75%
 Step:   1550000 | Energy:     32.5861 | Acc:  6.75%
 Step:   1560000 | Energy:     29.6000 | Acc:  6.75%
 Step:   1570000 | Energy:     32.4909 | Acc:  6.74%
 Step:   1580000 | Energy:     32.4848 | Acc:  6.74%
 Step:   1590000 | Energy:     38.6915 | Acc:  6.74%
 Step:   1600000 | Energy:     29.6130 | Acc:  6.73%
 Step:   1610000 | Energy:     30.9802 | Acc:  6.73%
 Step:   1620000 | Energy:     29.6694 | Acc:  6.73%
 Step:   1630000 | Energy:     29.1031 | Acc:  6.72%
 Step:   1640000 | Energy:     25.7957 | Acc:  6.72%
 Step:   1650000 | Energy:     25.3003 | Acc:  6.71%
 Step:   1660000 | Energy:     30.9333 | Acc:  6.71%
 Step:   1670000 | Energy:     25.8220 | Acc:  6.71%
 Step:   1680000 | Energy:     32.8752 | Acc:  6.70%
 Step:   1690000 | Energy:     32.5025 | Acc:  6.69%
 Step:   1700000 | Energy:     35.8797 | Acc:  6.68%
 Step:   1710000 | Energy:     33.0278 | Acc:  6.68%
 Step:   1720000 | Energy:     26.6951 | Acc:  6.67%
 Step:   1730000 | Energy:     25.5755 | Acc:  6.66%
 Step:   1740000 | Energy:     30.0269 | Acc:  6.65%
 Step:   1750000 | Energy:     30.8461 | Acc:  6.64%
 Step:   1760000 | Energy:     24.6471 | Acc:  6.64%
 Step:   1770000 | Energy:     27.8318 | Acc:  6.63%
 Step:   1780000 | Energy:     28.5096 | Acc:  6.63%
 Step:   1790000 | Energy:     22.9666 | Acc:  6.62%
 Step:   1800000 | Energy:     32.8214 | Acc:  6.62%
 Step:   1810000 | Energy:     32.3175 | Acc:  6.62%
 Step:   1820000 | Energy:     33.4951 | Acc:  6.61%
 Step:   1830000 | Energy:     28.0973 | Acc:  6.61%
 Step:   1840000 | Energy:     25.1928 | Acc:  6.61%
 Step:   1850000 | Energy:     32.6443 | Acc:  6.61%
 Step:   1860000 | Energy:     32.6784 | Acc:  6.62%
 Step:   1870000 | Energy:     32.5883 | Acc:  6.63%
 Step:   1880000 | Energy:     27.3000 | Acc:  6.62%
 Step:   1890000 | Energy:     24.5148 | Acc:  6.62%
 Step:   1900000 | Energy:     26.3555 | Acc:  6.61%
 Step:   1910000 | Energy:     27.0907 | Acc:  6.61%
 Step:   1920000 | Energy:     27.2904 | Acc:  6.61%
 Step:   1930000 | Energy:     29.5758 | Acc:  6.61%
 Step:   1940000 | Energy:     23.7619 | Acc:  6.62%
 Step:   1950000 | Energy:     25.5773 | Acc:  6.62%
 Step:   1960000 | Energy:     30.0851 | Acc:  6.62%
 Step:   1970000 | Energy:     20.4487 | Acc:  6.62%
 Step:   1980000 | Energy:     23.1528 | Acc:  6.62%
 Step:   1990000 | Energy:     14.7435 | Acc:  6.62%
 Step:   2000000 | Energy:     20.5134 | Acc:  6.62%
 Step:   2010000 | Energy:     19.1708 | Acc:  6.61%
 Step:   2020000 | Energy:     17.0725 | Acc:  6.61%
 Step:   2030000 | Energy:     16.0447 | Acc:  6.60%
 Step:   2040000 | Energy:     23.1622 | Acc:  6.60%
 Step:   2050000 | Energy:     19.6275 | Acc:  6.60%
 Step:   2060000 | Energy:     22.2810 | Acc:  6.59%
 Step:   2070000 | Energy:     24.0911 | Acc:  6.59%
 Step:   2080000 | Energy:     23.6074 | Acc:  6.59%
 Step:   2090000 | Energy:     20.6221 | Acc:  6.59%
 Step:   2100000 | Energy:     24.5824 | Acc:  6.59%
 Step:   2110000 | Energy:     22.1407 | Acc:  6.59%
 Step:   2120000 | Energy:     24.0947 | Acc:  6.59%
 Step:   2130000 | Energy:     24.7504 | Acc:  6.59%
 Step:   2140000 | Energy:     25.7756 | Acc:  6.59%
 Step:   2150000 | Energy:     19.0995 | Acc:  6.58%
 Step:   2160000 | Energy:     20.2681 | Acc:  6.58%
 Step:   2170000 | Energy:     26.0816 | Acc:  6.58%
 Step:   2180000 | Energy:     21.2289 | Acc:  6.57%
 Step:   2190000 | Energy:     25.2506 | Acc:  6.57%
 Step:   2200000 | Energy:     24.4943 | Acc:  6.56%
 Step:   2210000 | Energy:     24.1950 | Acc:  6.56%
 Step:   2220000 | Energy:     23.6555 | Acc:  6.57%
 Step:   2230000 | Energy:     22.6277 | Acc:  6.56%
 Step:   2240000 | Energy:     19.6079 | Acc:  6.56%
 Step:   2250000 | Energy:     25.0570 | Acc:  6.55%
 Step:   2260000 | Energy:     23.6145 | Acc:  6.55%
 Step:   2270000 | Energy:     25.7819 | Acc:  6.54%
 Step:   2280000 | Energy:     21.4320 | Acc:  6.54%
 Step:   2290000 | Energy:     21.5856 | Acc:  6.53%
 Step:   2300000 | Energy:     26.5611 | Acc:  6.53%
 Step:   2310000 | Energy:     26.3264 | Acc:  6.53%
 Step:   2320000 | Energy:     27.0055 | Acc:  6.53%
 Step:   2330000 | Energy:     25.0143 | Acc:  6.53%
 Step:   2340000 | Energy:     25.8274 | Acc:  6.52%
 Step:   2350000 | Energy:     27.7459 | Acc:  6.53%
 Step:   2360000 | Energy:     26.0425 | Acc:  6.53%
 Step:   2370000 | Energy:     35.4101 | Acc:  6.53%
 Step:   2380000 | Energy:     25.5938 | Acc:  6.54%
 Step:   2390000 | Energy:     26.3845 | Acc:  6.54%
 Step:   2400000 | Energy:     20.6116 | Acc:  6.54%
 Step:   2410000 | Energy:     19.3905 | Acc:  6.54%
 Step:   2420000 | Energy:     20.1119 | Acc:  6.54%
 Step:   2430000 | Energy:     23.2733 | Acc:  6.54%
 Step:   2440000 | Energy:     26.1692 | Acc:  6.55%
 Step:   2450000 | Energy:     25.5395 | Acc:  6.55%
 Step:   2460000 | Energy:     20.2840 | Acc:  6.55%
 Step:   2470000 | Energy:     20.9273 | Acc:  6.55%
 Step:   2480000 | Energy:     24.9049 | Acc:  6.55%
 Step:   2490000 | Energy:     26.3884 | Acc:  6.56%
 Step:   2500000 | Energy:     29.5834 | Acc:  6.56%
 Step:   2510000 | Energy:     22.8454 | Acc:  6.56%
 Step:   2520000 | Energy:     19.8737 | Acc:  6.56%
 Step:   2530000 | Energy:     20.6970 | Acc:  6.57%
 Step:   2540000 | Energy:     26.1200 | Acc:  6.57%
 Step:   2550000 | Energy:     21.3934 | Acc:  6.57%
 Step:   2560000 | Energy:     22.2458 | Acc:  6.58%
 Step:   2570000 | Energy:     23.8014 | Acc:  6.58%
 Step:   2580000 | Energy:     34.5329 | Acc:  6.58%
 Step:   2590000 | Energy:     28.6277 | Acc:  6.58%
 Step:   2600000 | Energy:     22.1218 | Acc:  6.58%
 Step:   2610000 | Energy:     23.6823 | Acc:  6.57%
 Step:   2620000 | Energy:     30.6848 | Acc:  6.57%
 Step:   2630000 | Energy:     22.8637 | Acc:  6.57%
 Step:   2640000 | Energy:     22.4507 | Acc:  6.56%
 Step:   2650000 | Energy:     23.1663 | Acc:  6.56%
 Step:   2660000 | Energy:     17.9318 | Acc:  6.56%
 Step:   2670000 | Energy:     17.1928 | Acc:  6.55%
 Step:   2680000 | Energy:     24.8914 | Acc:  6.55%
 Step:   2690000 | Energy:     31.3455 | Acc:  6.55%
 Step:   2700000 | Energy:     21.8188 | Acc:  6.55%
 Step:   2710000 | Energy:     25.4712 | Acc:  6.56%
 Step:   2720000 | Energy:     20.2221 | Acc:  6.56%
 Step:   2730000 | Energy:     23.0660 | Acc:  6.55%
 Step:   2740000 | Energy:     38.7707 | Acc:  6.56%
 Step:   2750000 | Energy:     24.9526 | Acc:  6.56%
 Step:   2760000 | Energy:     25.0334 | Acc:  6.56%
 Step:   2770000 | Energy:     24.9272 | Acc:  6.56%
 Step:   2780000 | Energy:     20.2412 | Acc:  6.56%
 Step:   2790000 | Energy:     26.0658 | Acc:  6.56%
 Step:   2800000 | Energy:     25.7376 | Acc:  6.56%
 Step:   2810000 | Energy:     25.3168 | Acc:  6.56%
 Step:   2820000 | Energy:     24.7163 | Acc:  6.56%
 Step:   2830000 | Energy:     21.2916 | Acc:  6.56%
 Step:   2840000 | Energy:     21.8866 | Acc:  6.55%
 Step:   2850000 | Energy:     24.2496 | Acc:  6.56%
 Step:   2860000 | Energy:     28.3091 | Acc:  6.56%
 Step:   2870000 | Energy:     20.9177 | Acc:  6.57%
 Step:   2880000 | Energy:     26.4197 | Acc:  6.58%
 Step:   2890000 | Energy:     30.4525 | Acc:  6.58%
 Step:   2900000 | Energy:     33.2780 | Acc:  6.59%
 Step:   2910000 | Energy:     31.0823 | Acc:  6.60%
 Step:   2920000 | Energy:     34.4051 | Acc:  6.60%
 Step:   2930000 | Energy:     30.8690 | Acc:  6.61%
 Step:   2940000 | Energy:     26.9103 | Acc:  6.61%
 Step:   2950000 | Energy:     26.6503 | Acc:  6.61%
 Step:   2960000 | Energy:     25.0293 | Acc:  6.62%
 Step:   2970000 | Energy:     27.2247 | Acc:  6.62%
 Step:   2980000 | Energy:     25.4563 | Acc:  6.63%
 Step:   2990000 | Energy:     34.1466 | Acc:  6.64%
 Step:   3000000 | Energy:     31.3934 | Acc:  6.65%
 Step:   3010000 | Energy:     34.5551 | Acc:  6.66%
 Step:   3020000 | Energy:     30.4713 | Acc:  6.67%
 Step:   3030000 | Energy:     34.3688 | Acc:  6.68%
 Step:   3040000 | Energy:     39.4444 | Acc:  6.68%
 Step:   3050000 | Energy:     32.2335 | Acc:  6.69%
 Step:   3060000 | Energy:     30.6349 | Acc:  6.69%
 Step:   3070000 | Energy:     32.8440 | Acc:  6.69%
 Step:   3080000 | Energy:     44.8860 | Acc:  6.70%
 Step:   3090000 | Energy:     37.2736 | Acc:  6.70%
 Step:   3100000 | Energy:     33.1998 | Acc:  6.70%
 Step:   3110000 | Energy:     35.8319 | Acc:  6.70%
 Step:   3120000 | Energy:     32.5795 | Acc:  6.70%
 Step:   3130000 | Energy:     31.7223 | Acc:  6.69%
 Step:   3140000 | Energy:     30.0621 | Acc:  6.69%
 Step:   3150000 | Energy:     35.6010 | Acc:  6.69%
 Step:   3160000 | Energy:     32.3957 | Acc:  6.69%
 Step:   3170000 | Energy:     41.7450 | Acc:  6.69%
 Step:   3180000 | Energy:     37.0730 | Acc:  6.69%
 Step:   3190000 | Energy:     34.7643 | Acc:  6.69%
 Step:   3200000 | Energy:     26.0333 | Acc:  6.68%
 Step:   3210000 | Energy:     31.9850 | Acc:  6.68%
 Step:   3220000 | Energy:     29.3677 | Acc:  6.68%
 Step:   3230000 | Energy:     30.6435 | Acc:  6.68%
 Step:   3240000 | Energy:     34.9746 | Acc:  6.68%
 Step:   3250000 | Energy:     28.5663 | Acc:  6.68%
 Step:   3260000 | Energy:     35.8080 | Acc:  6.68%
 Step:   3270000 | Energy:     29.3875 | Acc:  6.68%
 Step:   3280000 | Energy:     30.5249 | Acc:  6.68%
 Step:   3290000 | Energy:     26.8651 | Acc:  6.68%
 Step:   3300000 | Energy:     30.6257 | Acc:  6.69%
 Step:   3310000 | Energy:     28.8960 | Acc:  6.69%
 Step:   3320000 | Energy:     30.1558 | Acc:  6.69%
 Step:   3330000 | Energy:     26.7851 | Acc:  6.69%
 Step:   3340000 | Energy:     31.4177 | Acc:  6.69%
 Step:   3350000 | Energy:     27.6680 | Acc:  6.69%
 Step:   3360000 | Energy:     27.4324 | Acc:  6.68%
 Step:   3370000 | Energy:     23.4994 | Acc:  6.68%
 Step:   3380000 | Energy:     26.3191 | Acc:  6.68%
 Step:   3390000 | Energy:     30.9363 | Acc:  6.68%
 Step:   3400000 | Energy:     21.3918 | Acc:  6.69%
 Step:   3410000 | Energy:     25.1239 | Acc:  6.69%
 Step:   3420000 | Energy:     31.6271 | Acc:  6.69%
 Step:   3430000 | Energy:     35.0869 | Acc:  6.68%
 Step:   3440000 | Energy:     31.2074 | Acc:  6.69%
 Step:   3450000 | Energy:     28.1611 | Acc:  6.69%
 Step:   3460000 | Energy:     27.7123 | Acc:  6.69%
 Step:   3470000 | Energy:     28.8190 | Acc:  6.69%
 Step:   3480000 | Energy:     30.4637 | Acc:  6.69%
 Step:   3490000 | Energy:     26.9470 | Acc:  6.68%
 Step:   3500000 | Energy:     23.7466 | Acc:  6.68%
 Step:   3510000 | Energy:     21.5650 | Acc:  6.68%
 Step:   3520000 | Energy:     20.6782 | Acc:  6.67%
 Step:   3530000 | Energy:     21.7941 | Acc:  6.67%
 Step:   3540000 | Energy:     21.2067 | Acc:  6.67%
 Step:   3550000 | Energy:     22.9405 | Acc:  6.66%
 Step:   3560000 | Energy:     28.4505 | Acc:  6.66%
 Step:   3570000 | Energy:     34.7552 | Acc:  6.66%
 Step:   3580000 | Energy:     20.8569 | Acc:  6.66%
 Step:   3590000 | Energy:     24.4286 | Acc:  6.66%
 Step:   3600000 | Energy:     21.4999 | Acc:  6.65%
 Step:   3610000 | Energy:     22.5984 | Acc:  6.65%
 Step:   3620000 | Energy:     23.9957 | Acc:  6.65%
 Step:   3630000 | Energy:     24.5962 | Acc:  6.64%
 Step:   3640000 | Energy:     27.1994 | Acc:  6.64%
 Step:   3650000 | Energy:     26.6239 | Acc:  6.64%
 Step:   3660000 | Energy:     26.2193 | Acc:  6.63%
 Step:   3670000 | Energy:     25.6106 | Acc:  6.63%
 Step:   3680000 | Energy:     27.8785 | Acc:  6.63%
 Step:   3690000 | Energy:     20.8788 | Acc:  6.62%
 Step:   3700000 | Energy:     26.9499 | Acc:  6.62%
 Step:   3710000 | Energy:     17.1140 | Acc:  6.62%
 Step:   3720000 | Energy:     20.8826 | Acc:  6.62%
 Step:   3730000 | Energy:     22.0372 | Acc:  6.61%
 Step:   3740000 | Energy:     18.0230 | Acc:  6.61%
 Step:   3750000 | Energy:     20.8846 | Acc:  6.61%
 Step:   3760000 | Energy:     22.2011 | Acc:  6.61%
 Step:   3770000 | Energy:     22.2875 | Acc:  6.60%
 Step:   3780000 | Energy:     21.7865 | Acc:  6.60%
 Step:   3790000 | Energy:     15.2332 | Acc:  6.60%
 Step:   3800000 | Energy:     20.1656 | Acc:  6.60%
 Step:   3810000 | Energy:     21.0697 | Acc:  6.60%
 Step:   3820000 | Energy:     19.9759 | Acc:  6.59%
 Step:   3830000 | Energy:     19.8643 | Acc:  6.59%
 Step:   3840000 | Energy:     18.0474 | Acc:  6.59%
 Step:   3850000 | Energy:     22.6604 | Acc:  6.59%
 Step:   3860000 | Energy:     18.9452 | Acc:  6.59%
 Step:   3870000 | Energy:     21.5829 | Acc:  6.59%
 Step:   3880000 | Energy:     20.0433 | Acc:  6.58%
 Step:   3890000 | Energy:     18.9432 | Acc:  6.58%
 Step:   3900000 | Energy:     23.0104 | Acc:  6.58%
 Step:   3910000 | Energy:     17.1515 | Acc:  6.58%
 Step:   3920000 | Energy:     23.6596 | Acc:  6.57%
 Step:   3930000 | Energy:     24.2874 | Acc:  6.57%
 Step:   3940000 | Energy:     22.0826 | Acc:  6.57%
 Step:   3950000 | Energy:     21.1370 | Acc:  6.57%
 Step:   3960000 | Energy:     15.3643 | Acc:  6.56%
 Step:   3970000 | Energy:     16.2940 | Acc:  6.56%
 Step:   3980000 | Energy:     17.1932 | Acc:  6.55%
 Step:   3990000 | Energy:     16.5334 | Acc:  6.55%
 Step:   4000000 | Energy:     20.5426 | Acc:  6.55%
 Step:   4010000 | Energy:     26.6498 | Acc:  6.55%
 Step:   4020000 | Energy:     25.4231 | Acc:  6.55%
 Step:   4030000 | Energy:     23.1433 | Acc:  6.54%
 Step:   4040000 | Energy:     21.4640 | Acc:  6.54%
 Step:   4050000 | Energy:     26.4208 | Acc:  6.54%
 Step:   4060000 | Energy:     20.1805 | Acc:  6.54%
 Step:   4070000 | Energy:     19.1871 | Acc:  6.53%
 Step:   4080000 | Energy:     31.7287 | Acc:  6.53%
 Step:   4090000 | Energy:     26.4452 | Acc:  6.53%
 Step:   4100000 | Energy:     26.2201 | Acc:  6.53%
 Step:   4110000 | Energy:     25.8047 | Acc:  6.53%
 Step:   4120000 | Energy:     26.0432 | Acc:  6.53%
 Step:   4130000 | Energy:     22.5032 | Acc:  6.53%
 Step:   4140000 | Energy:     19.5785 | Acc:  6.53%
 Step:   4150000 | Energy:     22.0263 | Acc:  6.52%
 Step:   4160000 | Energy:     18.1467 | Acc:  6.52%
 Step:   4170000 | Energy:     23.1130 | Acc:  6.52%
 Step:   4180000 | Energy:     28.3897 | Acc:  6.52%
 Step:   4190000 | Energy:     19.7702 | Acc:  6.52%
 Step:   4200000 | Energy:     16.5234 | Acc:  6.52%
 Step:   4210000 | Energy:     18.6736 | Acc:  6.51%
 Step:   4220000 | Energy:     17.9519 | Acc:  6.51%
 Step:   4230000 | Energy:     22.5887 | Acc:  6.51%
 Step:   4240000 | Energy:     24.4319 | Acc:  6.50%
 Step:   4250000 | Energy:     24.4107 | Acc:  6.50%
 Step:   4260000 | Energy:     24.9248 | Acc:  6.50%
 Step:   4270000 | Energy:     21.9706 | Acc:  6.50%
 Step:   4280000 | Energy:     24.2573 | Acc:  6.49%
 Step:   4290000 | Energy:     24.5622 | Acc:  6.49%
 Step:   4300000 | Energy:     20.1795 | Acc:  6.49%
 Step:   4310000 | Energy:     23.2039 | Acc:  6.49%
 Step:   4320000 | Energy:     24.0384 | Acc:  6.49%
 Step:   4330000 | Energy:     22.6060 | Acc:  6.48%
 Step:   4340000 | Energy:     25.0605 | Acc:  6.48%
 Step:   4350000 | Energy:     24.5089 | Acc:  6.48%
 Step:   4360000 | Energy:     31.6031 | Acc:  6.48%
 Step:   4370000 | Energy:     26.1388 | Acc:  6.47%
 Step:   4380000 | Energy:     23.1105 | Acc:  6.47%
 Step:   4390000 | Energy:     22.6562 | Acc:  6.47%
 Step:   4400000 | Energy:     21.3227 | Acc:  6.46%
 Step:   4410000 | Energy:     12.8014 | Acc:  6.46%
 Step:   4420000 | Energy:     20.5948 | Acc:  6.45%
 Step:   4430000 | Energy:     17.7772 | Acc:  6.45%
 Step:   4440000 | Energy:     15.6925 | Acc:  6.45%
 Step:   4450000 | Energy:     15.3171 | Acc:  6.44%
 Step:   4460000 | Energy:     13.5712 | Acc:  6.44%
 Step:   4470000 | Energy:     15.8001 | Acc:  6.44%
 Step:   4480000 | Energy:     13.1835 | Acc:  6.43%
 Step:   4490000 | Energy:     15.4566 | Acc:  6.43%
 Step:   4500000 | Energy:     15.6590 | Acc:  6.43%
 Step:   4510000 | Energy:     18.4287 | Acc:  6.43%
 Step:   4520000 | Energy:     20.8546 | Acc:  6.42%
 Step:   4530000 | Energy:     17.8812 | Acc:  6.42%
 Step:   4540000 | Energy:     13.5330 | Acc:  6.42%
 Step:   4550000 | Energy:     21.6652 | Acc:  6.41%
 Step:   4560000 | Energy:     18.1497 | Acc:  6.41%
 Step:   4570000 | Energy:     19.8383 | Acc:  6.41%
 Step:   4580000 | Energy:     20.5328 | Acc:  6.41%
 Step:   4590000 | Energy:     17.2181 | Acc:  6.40%
 Step:   4600000 | Energy:     13.6342 | Acc:  6.40%
 Step:   4610000 | Energy:     16.3981 | Acc:  6.40%
 Step:   4620000 | Energy:     12.4219 | Acc:  6.40%
 Step:   4630000 | Energy:     11.2945 | Acc:  6.40%
 Step:   4640000 | Energy:     12.4128 | Acc:  6.39%
 Step:   4650000 | Energy:     12.6108 | Acc:  6.39%
 Step:   4660000 | Energy:     14.8511 | Acc:  6.39%
 Step:   4670000 | Energy:     13.9582 | Acc:  6.38%
 Step:   4680000 | Energy:     19.8184 | Acc:  6.38%
 Step:   4690000 | Energy:     18.5244 | Acc:  6.38%
 Step:   4700000 | Energy:     17.4008 | Acc:  6.38%
 Step:   4710000 | Energy:     20.5171 | Acc:  6.37%
 Step:   4720000 | Energy:     18.0620 | Acc:  6.37%
 Step:   4730000 | Energy:     21.6622 | Acc:  6.37%
 Step:   4740000 | Energy:     18.1144 | Acc:  6.37%
 Step:   4750000 | Energy:     18.8376 | Acc:  6.37%
 Step:   4760000 | Energy:     16.6386 | Acc:  6.36%
 Step:   4770000 | Energy:     21.9955 | Acc:  6.36%
 Step:   4780000 | Energy:     21.0873 | Acc:  6.36%
 Step:   4790000 | Energy:     19.5503 | Acc:  6.36%
 Step:   4800000 | Energy:     18.1299 | Acc:  6.36%
 Step:   4810000 | Energy:     16.9942 | Acc:  6.36%
 Step:   4820000 | Energy:     18.4517 | Acc:  6.36%
 Step:   4830000 | Energy:     19.4739 | Acc:  6.36%
 Step:   4840000 | Energy:     19.6665 | Acc:  6.36%
 Step:   4850000 | Energy:     13.0519 | Acc:  6.36%
 Step:   4860000 | Energy:     23.5808 | Acc:  6.36%
 Step:   4870000 | Energy:     19.1759 | Acc:  6.36%
 Step:   4880000 | Energy:     13.7539 | Acc:  6.36%
 Step:   4890000 | Energy:     15.3865 | Acc:  6.35%
 Step:   4900000 | Energy:     16.2857 | Acc:  6.36%
 Step:   4910000 | Energy:     19.0967 | Acc:  6.36%
 Step:   4920000 | Energy:     27.8509 | Acc:  6.36%
 Step:   4930000 | Energy:     26.4667 | Acc:  6.35%
 Step:   4940000 | Energy:     24.5690 | Acc:  6.36%
 Step:   4950000 | Energy:     26.7260 | Acc:  6.36%
 Step:   4960000 | Energy:     23.4589 | Acc:  6.36%
 Step:   4970000 | Energy:     27.5318 | Acc:  6.35%
 Step:   4980000 | Energy:     24.0400 | Acc:  6.35%
 Step:   4990000 | Energy:     24.9850 | Acc:  6.35%
 Step:   5000000 | Energy:     21.3618 | Acc:  6.35%
 Step:   5010000 | Energy:     19.4731 | Acc:  6.35%
 Step:   5020000 | Energy:     24.7323 | Acc:  6.35%
 Step:   5030000 | Energy:     19.0273 | Acc:  6.35%
 Step:   5040000 | Energy:     22.5939 | Acc:  6.35%
 Step:   5050000 | Energy:     22.4335 | Acc:  6.35%
 Step:   5060000 | Energy:     20.6905 | Acc:  6.35%
 Step:   5070000 | Energy:     15.2274 | Acc:  6.35%
 Step:   5080000 | Energy:     13.9184 | Acc:  6.35%
 Step:   5090000 | Energy:     14.0883 | Acc:  6.35%
 Step:   5100000 | Energy:     15.4864 | Acc:  6.34%
 Step:   5110000 | Energy:     19.0708 | Acc:  6.34%
 Step:   5120000 | Energy:     15.7758 | Acc:  6.34%
 Step:   5130000 | Energy:     12.6750 | Acc:  6.34%
 Step:   5140000 | Energy:     15.5858 | Acc:  6.34%
 Step:   5150000 | Energy:     16.7673 | Acc:  6.33%
 Step:   5160000 | Energy:     11.8849 | Acc:  6.33%
 Step:   5170000 | Energy:     16.4553 | Acc:  6.33%
 Step:   5180000 | Energy:     18.1017 | Acc:  6.33%
 Step:   5190000 | Energy:     16.5797 | Acc:  6.32%
 Step:   5200000 | Energy:     14.1892 | Acc:  6.32%
 Step:   5210000 | Energy:     13.3418 | Acc:  6.32%
 Step:   5220000 | Energy:     14.1696 | Acc:  6.32%
 Step:   5230000 | Energy:     12.7663 | Acc:  6.32%
 Step:   5240000 | Energy:      8.8916 | Acc:  6.32%
 Step:   5250000 | Energy:     13.3378 | Acc:  6.32%
 Step:   5260000 | Energy:     12.3020 | Acc:  6.32%
 Step:   5270000 | Energy:      9.9738 | Acc:  6.32%
 Step:   5280000 | Energy:     15.2358 | Acc:  6.32%
 Step:   5290000 | Energy:     13.1340 | Acc:  6.32%
 Step:   5300000 | Energy:     17.1522 | Acc:  6.32%
 Step:   5310000 | Energy:     12.8169 | Acc:  6.32%
 Step:   5320000 | Energy:     18.3336 | Acc:  6.32%
 Step:   5330000 | Energy:     12.6926 | Acc:  6.31%
 Step:   5340000 | Energy:     12.0677 | Acc:  6.31%
 Step:   5350000 | Energy:     11.5978 | Acc:  6.32%
 Step:   5360000 | Energy:     15.1548 | Acc:  6.32%
 Step:   5370000 | Energy:     15.1614 | Acc:  6.31%
 Step:   5380000 | Energy:     13.7574 | Acc:  6.31%
 Step:   5390000 | Energy:     17.3886 | Acc:  6.31%
 Step:   5400000 | Energy:     24.6950 | Acc:  6.31%
 Step:   5410000 | Energy:     22.6422 | Acc:  6.31%
 Step:   5420000 | Energy:     12.1805 | Acc:  6.31%
 Step:   5430000 | Energy:     14.7635 | Acc:  6.31%
 Step:   5440000 | Energy:     15.2756 | Acc:  6.31%
 Step:   5450000 | Energy:     19.7111 | Acc:  6.31%
 Step:   5460000 | Energy:     25.9970 | Acc:  6.31%
 Step:   5470000 | Energy:     20.8908 | Acc:  6.31%
 Step:   5480000 | Energy:     28.1998 | Acc:  6.31%
 Step:   5490000 | Energy:     22.5410 | Acc:  6.31%
 Step:   5500000 | Energy:     21.2286 | Acc:  6.30%
 Step:   5510000 | Energy:     16.7099 | Acc:  6.30%
 Step:   5520000 | Energy:     19.2412 | Acc:  6.30%
 Step:   5530000 | Energy:     28.9889 | Acc:  6.30%
 Step:   5540000 | Energy:     19.0470 | Acc:  6.30%
 Step:   5550000 | Energy:     18.3049 | Acc:  6.30%
 Step:   5560000 | Energy:     19.6434 | Acc:  6.30%
 Step:   5570000 | Energy:     23.2248 | Acc:  6.30%
 Step:   5580000 | Energy:     23.5702 | Acc:  6.30%
 Step:   5590000 | Energy:     20.4312 | Acc:  6.30%
 Step:   5600000 | Energy:     17.8449 | Acc:  6.29%
 Step:   5610000 | Energy:     18.6590 | Acc:  6.29%
 Step:   5620000 | Energy:     19.3175 | Acc:  6.29%
 Step:   5630000 | Energy:     16.5347 | Acc:  6.29%
 Step:   5640000 | Energy:     16.3009 | Acc:  6.29%
 Step:   5650000 | Energy:     14.8620 | Acc:  6.29%
 Step:   5660000 | Energy:     18.5099 | Acc:  6.29%
 Step:   5670000 | Energy:     14.0749 | Acc:  6.28%
 Step:   5680000 | Energy:     11.2166 | Acc:  6.28%
 Step:   5690000 | Energy:     19.6130 | Acc:  6.28%
 Step:   5700000 | Energy:     17.4207 | Acc:  6.28%
 Step:   5710000 | Energy:     17.4617 | Acc:  6.28%
 Step:   5720000 | Energy:     11.3828 | Acc:  6.28%
 Step:   5730000 | Energy:     17.7381 | Acc:  6.27%
 Step:   5740000 | Energy:     15.9924 | Acc:  6.27%
 Step:   5750000 | Energy:     16.4282 | Acc:  6.27%
 Step:   5760000 | Energy:     12.5028 | Acc:  6.27%
 Step:   5770000 | Energy:     11.9568 | Acc:  6.27%
 Step:   5780000 | Energy:     15.7088 | Acc:  6.27%
 Step:   5790000 | Energy:     15.9394 | Acc:  6.27%
 Step:   5800000 | Energy:     20.3049 | Acc:  6.26%
 Step:   5810000 | Energy:     21.1655 | Acc:  6.26%
 Step:   5820000 | Energy:     16.2234 | Acc:  6.26%
 Step:   5830000 | Energy:     23.8777 | Acc:  6.26%
 Step:   5840000 | Energy:     18.1192 | Acc:  6.26%
 Step:   5850000 | Energy:     15.1959 | Acc:  6.26%
 Step:   5860000 | Energy:     16.1707 | Acc:  6.26%
 Step:   5870000 | Energy:     24.2159 | Acc:  6.26%
 Step:   5880000 | Energy:     17.6730 | Acc:  6.26%
 Step:   5890000 | Energy:     14.0403 | Acc:  6.26%
 Step:   5900000 | Energy:     12.9394 | Acc:  6.26%
 Step:   5910000 | Energy:     10.9745 | Acc:  6.26%
 Step:   5920000 | Energy:     12.8956 | Acc:  6.26%
 Step:   5930000 | Energy:     13.5163 | Acc:  6.25%
 Step:   5940000 | Energy:     14.0771 | Acc:  6.25%
 Step:   5950000 | Energy:     15.4976 | Acc:  6.25%
 Step:   5960000 | Energy:     18.4881 | Acc:  6.25%
 Step:   5970000 | Energy:     20.1078 | Acc:  6.25%
 Step:   5980000 | Energy:     18.9072 | Acc:  6.25%
 Step:   5990000 | Energy:     12.8657 | Acc:  6.25%
 Step:   6000000 | Energy:     17.8425 | Acc:  6.25%
 Step:   6010000 | Energy:     16.5073 | Acc:  6.25%
 Step:   6020000 | Energy:     14.8241 | Acc:  6.24%
 Step:   6030000 | Energy:     18.5808 | Acc:  6.24%
 Step:   6040000 | Energy:     13.2871 | Acc:  6.24%
 Step:   6050000 | Energy:     16.1986 | Acc:  6.24%
 Step:   6060000 | Energy:     12.7657 | Acc:  6.24%
 Step:   6070000 | Energy:     13.1434 | Acc:  6.24%
 Step:   6080000 | Energy:     14.9593 | Acc:  6.24%
 Step:   6090000 | Energy:      6.9640 | Acc:  6.24%
 Step:   6100000 | Energy:     13.4741 | Acc:  6.24%
 Step:   6110000 | Energy:     13.4253 | Acc:  6.24%
 Step:   6120000 | Energy:     11.1192 | Acc:  6.24%
 Step:   6130000 | Energy:      8.6874 | Acc:  6.24%
 Step:   6140000 | Energy:     14.9589 | Acc:  6.24%
 Step:   6150000 | Energy:     23.1589 | Acc:  6.24%
 Step:   6160000 | Energy:     12.4158 | Acc:  6.24%
 Step:   6170000 | Energy:     15.8464 | Acc:  6.24%
 Step:   6180000 | Energy:     12.1312 | Acc:  6.24%
 Step:   6190000 | Energy:     12.1873 | Acc:  6.24%
 Step:   6200000 | Energy:      8.3644 | Acc:  6.24%
 Step:   6210000 | Energy:     15.6542 | Acc:  6.24%
 Step:   6220000 | Energy:     10.4035 | Acc:  6.24%
 Step:   6230000 | Energy:     10.1133 | Acc:  6.24%
 Step:   6240000 | Energy:     14.2571 | Acc:  6.23%
 Step:   6250000 | Energy:      7.0473 | Acc:  6.23%
 Step:   6260000 | Energy:     10.2343 | Acc:  6.23%
 Step:   6270000 | Energy:     10.0600 | Acc:  6.23%
 Step:   6280000 | Energy:     15.7105 | Acc:  6.23%
 Step:   6290000 | Energy:      7.8863 | Acc:  6.23%
 Step:   6300000 | Energy:      6.8328 | Acc:  6.23%
 Step:   6310000 | Energy:      9.7573 | Acc:  6.23%
 Step:   6320000 | Energy:      9.7027 | Acc:  6.23%
 Step:   6330000 | Energy:      9.2513 | Acc:  6.23%
 Step:   6340000 | Energy:     10.0641 | Acc:  6.23%
 Step:   6350000 | Energy:     12.5746 | Acc:  6.23%
 Step:   6360000 | Energy:      9.7294 | Acc:  6.22%
 Step:   6370000 | Energy:      9.4423 | Acc:  6.22%
 Step:   6380000 | Energy:     11.7310 | Acc:  6.22%
 Step:   6390000 | Energy:      6.2554 | Acc:  6.22%
 Step:   6400000 | Energy:     20.3398 | Acc:  6.22%
 Step:   6410000 | Energy:      9.7068 | Acc:  6.22%
 Step:   6420000 | Energy:     10.8872 | Acc:  6.21%
 Step:   6430000 | Energy:      8.0883 | Acc:  6.21%
 Step:   6440000 | Energy:     11.0885 | Acc:  6.21%
 Step:   6450000 | Energy:     10.5842 | Acc:  6.21%
 Step:   6460000 | Energy:      8.2234 | Acc:  6.21%
 Step:   6470000 | Energy:      4.5679 | Acc:  6.21%
 Step:   6480000 | Energy:      3.5974 | Acc:  6.20%
 Step:   6490000 | Energy:      9.8675 | Acc:  6.20%
 Step:   6500000 | Energy:     12.8321 | Acc:  6.20%
 Step:   6510000 | Energy:      8.3244 | Acc:  6.20%
 Step:   6520000 | Energy:      7.2908 | Acc:  6.20%
 Step:   6530000 | Energy:      4.9002 | Acc:  6.20%
 Step:   6540000 | Energy:      8.0235 | Acc:  6.20%
 Step:   6550000 | Energy:     14.5274 | Acc:  6.20%
 Step:   6560000 | Energy:      7.2748 | Acc:  6.20%
 Step:   6570000 | Energy:      9.6418 | Acc:  6.20%
 Step:   6580000 | Energy:      6.4911 | Acc:  6.19%
 Step:   6590000 | Energy:      9.2461 | Acc:  6.19%
 Step:   6600000 | Energy:      6.4840 | Acc:  6.19%
 Step:   6610000 | Energy:      7.8694 | Acc:  6.19%
 Step:   6620000 | Energy:      9.4545 | Acc:  6.19%
 Step:   6630000 | Energy:     11.7871 | Acc:  6.19%
 Step:   6640000 | Energy:      4.0620 | Acc:  6.19%
 Step:   6650000 | Energy:      3.9048 | Acc:  6.18%
 Step:   6660000 | Energy:      4.0742 | Acc:  6.18%
 Step:   6670000 | Energy:      7.4820 | Acc:  6.18%
 Step:   6680000 | Energy:     11.1744 | Acc:  6.17%
 Step:   6690000 | Energy:      6.8785 | Acc:  6.17%
 Step:   6700000 | Energy:     10.2178 | Acc:  6.17%
 Step:   6710000 | Energy:      8.4824 | Acc:  6.17%
 Step:   6720000 | Energy:      5.6954 | Acc:  6.17%
 Step:   6730000 | Energy:     10.8959 | Acc:  6.17%
 Step:   6740000 | Energy:      8.8109 | Acc:  6.16%
 Step:   6750000 | Energy:      5.9541 | Acc:  6.16%
 Step:   6760000 | Energy:      6.0251 | Acc:  6.16%
 Step:   6770000 | Energy:      6.2687 | Acc:  6.16%
 Step:   6780000 | Energy:      4.7631 | Acc:  6.16%
 Step:   6790000 | Energy:      5.4785 | Acc:  6.16%
 Step:   6800000 | Energy:      7.8049 | Acc:  6.15%
 Step:   6810000 | Energy:      9.6474 | Acc:  6.15%
 Step:   6820000 | Energy:      7.9324 | Acc:  6.15%
 Step:   6830000 | Energy:      1.0208 | Acc:  6.15%
 Step:   6840000 | Energy:      0.1644 | Acc:  6.15%
 Step:   6850000 | Energy:     -1.8181 | Acc:  6.15%
 Step:   6860000 | Energy:      1.1098 | Acc:  6.15%
 Step:   6870000 | Energy:      2.5377 | Acc:  6.15%
 Step:   6880000 | Energy:      5.3742 | Acc:  6.15%
 Step:   6890000 | Energy:      3.9639 | Acc:  6.15%
 Step:   6900000 | Energy:      6.3075 | Acc:  6.15%
 Step:   6910000 | Energy:      7.2594 | Acc:  6.15%
 Step:   6920000 | Energy:     10.6347 | Acc:  6.14%
 Step:   6930000 | Energy:     16.7920 | Acc:  6.14%
 Step:   6940000 | Energy:      8.5078 | Acc:  6.14%
 Step:   6950000 | Energy:      7.1105 | Acc:  6.14%
 Step:   6960000 | Energy:      8.5018 | Acc:  6.14%
 Step:   6970000 | Energy:      5.7294 | Acc:  6.14%
 Step:   6980000 | Energy:     16.4755 | Acc:  6.14%
 Step:   6990000 | Energy:      9.9998 | Acc:  6.14%
 Step:   7000000 | Energy:      7.9013 | Acc:  6.13%
 Step:   7010000 | Energy:      3.9873 | Acc:  6.13%
 Step:   7020000 | Energy:      4.3490 | Acc:  6.13%
 Step:   7030000 | Energy:      5.3831 | Acc:  6.13%
 Step:   7040000 | Energy:      4.3991 | Acc:  6.13%
 Step:   7050000 | Energy:      4.0204 | Acc:  6.13%
 Step:   7060000 | Energy:      4.3346 | Acc:  6.13%
 Step:   7070000 | Energy:      4.2623 | Acc:  6.13%
 Step:   7080000 | Energy:     13.0384 | Acc:  6.12%
 Step:   7090000 | Energy:     13.8872 | Acc:  6.12%
 Step:   7100000 | Energy:      8.5958 | Acc:  6.12%
 Step:   7110000 | Energy:     18.4937 | Acc:  6.12%
 Step:   7120000 | Energy:      7.7457 | Acc:  6.12%
 Step:   7130000 | Energy:      5.4957 | Acc:  6.12%
 Step:   7140000 | Energy:      7.0594 | Acc:  6.11%
 Step:   7150000 | Energy:      3.0327 | Acc:  6.11%
 Step:   7160000 | Energy:      5.0886 | Acc:  6.11%
 Step:   7170000 | Energy:      2.5879 | Acc:  6.11%
 Step:   7180000 | Energy:      2.3676 | Acc:  6.10%
 Step:   7190000 | Energy:      1.5160 | Acc:  6.10%
 Step:   7200000 | Energy:      6.3605 | Acc:  6.10%
 Step:   7210000 | Energy:      4.8693 | Acc:  6.10%
 Step:   7220000 | Energy:      8.7835 | Acc:  6.09%
 Step:   7230000 | Energy:      6.2250 | Acc:  6.09%
 Step:   7240000 | Energy:      5.2201 | Acc:  6.09%
 Step:   7250000 | Energy:      6.4297 | Acc:  6.09%
 Step:   7260000 | Energy:      2.3897 | Acc:  6.08%
 Step:   7270000 | Energy:      3.4338 | Acc:  6.08%
 Step:   7280000 | Energy:      6.9891 | Acc:  6.08%
 Step:   7290000 | Energy:      2.6141 | Acc:  6.07%
 Step:   7300000 | Energy:      6.8932 | Acc:  6.07%
 Step:   7310000 | Energy:     -1.2239 | Acc:  6.07%
 Step:   7320000 | Energy:      5.0931 | Acc:  6.06%
 Step:   7330000 | Energy:      2.4135 | Acc:  6.06%
 Step:   7340000 | Energy:      2.2585 | Acc:  6.06%
 Step:   7350000 | Energy:      1.5256 | Acc:  6.06%
 Step:   7360000 | Energy:      1.0894 | Acc:  6.05%
 Step:   7370000 | Energy:      5.6695 | Acc:  6.05%
 Step:   7380000 | Energy:      1.6626 | Acc:  6.05%
 Step:   7390000 | Energy:      2.2449 | Acc:  6.04%
 Step:   7400000 | Energy:      2.6319 | Acc:  6.04%
 Step:   7410000 | Energy:     -1.1858 | Acc:  6.04%
 Step:   7420000 | Energy:      0.0486 | Acc:  6.04%
 Step:   7430000 | Energy:     -1.7477 | Acc:  6.03%
 Step:   7440000 | Energy:     -2.0630 | Acc:  6.03%
 Step:   7450000 | Energy:      4.2489 | Acc:  6.03%
 Step:   7460000 | Energy:      3.5293 | Acc:  6.02%
 Step:   7470000 | Energy:      4.1654 | Acc:  6.02%
 Step:   7480000 | Energy:      6.3045 | Acc:  6.02%
 Step:   7490000 | Energy:      4.7996 | Acc:  6.02%
 Step:   7500000 | Energy:      4.5735 | Acc:  6.01%
 Step:   7510000 | Energy:     10.7942 | Acc:  6.01%
 Step:   7520000 | Energy:     12.8010 | Acc:  6.01%
 Step:   7530000 | Energy:     10.0902 | Acc:  6.01%
 Step:   7540000 | Energy:     10.5603 | Acc:  6.01%
 Step:   7550000 | Energy:      6.3052 | Acc:  6.01%
 Step:   7560000 | Energy:      7.2591 | Acc:  6.01%
 Step:   7570000 | Energy:      7.9857 | Acc:  6.00%
 Step:   7580000 | Energy:      9.4147 | Acc:  6.00%
 Step:   7590000 | Energy:     12.8791 | Acc:  6.00%
 Step:   7600000 | Energy:      7.2687 | Acc:  6.00%
 Step:   7610000 | Energy:      4.2103 | Acc:  6.00%
 Step:   7620000 | Energy:      6.9525 | Acc:  6.00%
 Step:   7630000 | Energy:      8.4923 | Acc:  6.00%
 Step:   7640000 | Energy:      7.6484 | Acc:  5.99%
 Step:   7650000 | Energy:      8.0437 | Acc:  5.99%
 Step:   7660000 | Energy:     10.0898 | Acc:  5.99%
 Step:   7670000 | Energy:      6.5252 | Acc:  5.99%
 Step:   7680000 | Energy:      4.3315 | Acc:  5.99%
 Step:   7690000 | Energy:      8.1550 | Acc:  5.98%
 Step:   7700000 | Energy:     11.7465 | Acc:  5.98%
 Step:   7710000 | Energy:      3.3049 | Acc:  5.98%
 Step:   7720000 | Energy:      3.8170 | Acc:  5.98%
 Step:   7730000 | Energy:      0.9005 | Acc:  5.98%
 Step:   7740000 | Energy:     -0.5162 | Acc:  5.98%
 Step:   7750000 | Energy:      8.6978 | Acc:  5.97%
 Step:   7760000 | Energy:      3.7289 | Acc:  5.97%
 Step:   7770000 | Energy:      9.4659 | Acc:  5.97%
 Step:   7780000 | Energy:      6.0113 | Acc:  5.97%
 Step:   7790000 | Energy:      5.7375 | Acc:  5.97%
 Step:   7800000 | Energy:      6.1580 | Acc:  5.97%
 Step:   7810000 | Energy:      3.7174 | Acc:  5.97%
 Step:   7820000 | Energy:      3.0292 | Acc:  5.97%
 Step:   7830000 | Energy:      5.9513 | Acc:  5.97%
 Step:   7840000 | Energy:      6.4086 | Acc:  5.97%
 Step:   7850000 | Energy:      5.6113 | Acc:  5.97%
 Step:   7860000 | Energy:     11.3154 | Acc:  5.97%
 Step:   7870000 | Energy:     17.5836 | Acc:  5.97%
 Step:   7880000 | Energy:      9.1593 | Acc:  5.97%
 Step:   7890000 | Energy:      8.4983 | Acc:  5.96%
 Step:   7900000 | Energy:      8.7223 | Acc:  5.96%
 Step:   7910000 | Energy:      7.0079 | Acc:  5.96%
 Step:   7920000 | Energy:      7.7178 | Acc:  5.96%
 Step:   7930000 | Energy:      4.9771 | Acc:  5.96%
 Step:   7940000 | Energy:      3.4380 | Acc:  5.96%
 Step:   7950000 | Energy:      2.6293 | Acc:  5.96%
 Step:   7960000 | Energy:      4.4287 | Acc:  5.96%
 Step:   7970000 | Energy:      5.6812 | Acc:  5.96%
 Step:   7980000 | Energy:      2.9470 | Acc:  5.95%
 Step:   7990000 | Energy:      4.3567 | Acc:  5.95%
 Step:   8000000 | Energy:      6.9147 | Acc:  5.95%
 Step:   8010000 | Energy:      5.9136 | Acc:  5.95%
 Step:   8020000 | Energy:      1.0591 | Acc:  5.95%
 Step:   8030000 | Energy:     10.5445 | Acc:  5.95%
 Step:   8040000 | Energy:      1.8757 | Acc:  5.95%
 Step:   8050000 | Energy:      9.6024 | Acc:  5.95%
 Step:   8060000 | Energy:      9.9845 | Acc:  5.95%
 Step:   8070000 | Energy:     16.7169 | Acc:  5.95%
 Step:   8080000 | Energy:     12.3687 | Acc:  5.94%
 Step:   8090000 | Energy:     14.6931 | Acc:  5.94%
 Step:   8100000 | Energy:     11.9109 | Acc:  5.94%
 Step:   8110000 | Energy:     13.5299 | Acc:  5.94%
 Step:   8120000 | Energy:     13.5067 | Acc:  5.94%
 Step:   8130000 | Energy:     13.9597 | Acc:  5.94%
 Step:   8140000 | Energy:     17.0117 | Acc:  5.94%
 Step:   8150000 | Energy:     11.2983 | Acc:  5.94%
 Step:   8160000 | Energy:     10.6884 | Acc:  5.93%
 Step:   8170000 | Energy:     12.4214 | Acc:  5.93%
 Step:   8180000 | Energy:      5.5425 | Acc:  5.93%
 Step:   8190000 | Energy:      9.2665 | Acc:  5.93%
 Step:   8200000 | Energy:      5.8506 | Acc:  5.93%
 Step:   8210000 | Energy:      4.1561 | Acc:  5.94%
 Step:   8220000 | Energy:      7.0109 | Acc:  5.94%
 Step:   8230000 | Energy:      5.7006 | Acc:  5.94%
 Step:   8240000 | Energy:      4.8098 | Acc:  5.94%
 Step:   8250000 | Energy:      2.3951 | Acc:  5.94%
 Step:   8260000 | Energy:      6.5902 | Acc:  5.94%
 Step:   8270000 | Energy:      1.2054 | Acc:  5.94%
 Step:   8280000 | Energy:      1.8535 | Acc:  5.93%
 Step:   8290000 | Energy:      6.0604 | Acc:  5.93%
 Step:   8300000 | Energy:      4.5674 | Acc:  5.93%
 Step:   8310000 | Energy:      7.7436 | Acc:  5.93%
 Step:   8320000 | Energy:      5.2633 | Acc:  5.93%
 Step:   8330000 | Energy:      7.1751 | Acc:  5.93%
 Step:   8340000 | Energy:     15.3734 | Acc:  5.93%
 Step:   8350000 | Energy:      8.5026 | Acc:  5.93%
 Step:   8360000 | Energy:      9.1844 | Acc:  5.93%
 Step:   8370000 | Energy:      4.2221 | Acc:  5.93%
 Step:   8380000 | Energy:      5.2728 | Acc:  5.93%
 Step:   8390000 | Energy:      5.9304 | Acc:  5.93%
 Step:   8400000 | Energy:      5.5576 | Acc:  5.93%
 Step:   8410000 | Energy:      1.5633 | Acc:  5.93%
 Step:   8420000 | Energy:     -0.8417 | Acc:  5.93%
 Step:   8430000 | Energy:     -1.3022 | Acc:  5.93%
 Step:   8440000 | Energy:     -1.2410 | Acc:  5.93%
 Step:   8450000 | Energy:     -3.6541 | Acc:  5.93%
 Step:   8460000 | Energy:     -1.6370 | Acc:  5.93%
 Step:   8470000 | Energy:     -3.2683 | Acc:  5.93%
 Step:   8480000 | Energy:     -2.0789 | Acc:  5.92%
 Step:   8490000 | Energy:     -2.4241 | Acc:  5.92%
 Step:   8500000 | Energy:      1.0893 | Acc:  5.92%
 Step:   8510000 | Energy:     -0.3009 | Acc:  5.92%
 Step:   8520000 | Energy:      4.2015 | Acc:  5.92%
 Step:   8530000 | Energy:      5.1996 | Acc:  5.92%
 Step:   8540000 | Energy:      1.9403 | Acc:  5.92%
 Step:   8550000 | Energy:      9.5535 | Acc:  5.92%
 Step:   8560000 | Energy:      9.8739 | Acc:  5.92%
 Step:   8570000 | Energy:      7.9132 | Acc:  5.93%
 Step:   8580000 | Energy:     10.7187 | Acc:  5.93%
 Step:   8590000 | Energy:      8.6758 | Acc:  5.93%
 Step:   8600000 | Energy:      4.4310 | Acc:  5.93%
 Step:   8610000 | Energy:      5.5882 | Acc:  5.93%
 Step:   8620000 | Energy:      9.0398 | Acc:  5.93%
 Step:   8630000 | Energy:      5.7903 | Acc:  5.93%
 Step:   8640000 | Energy:      3.5205 | Acc:  5.93%
 Step:   8650000 | Energy:      6.8002 | Acc:  5.93%
 Step:   8660000 | Energy:     13.1561 | Acc:  5.93%
 Step:   8670000 | Energy:     11.4647 | Acc:  5.93%
 Step:   8680000 | Energy:      4.1184 | Acc:  5.93%
 Step:   8690000 | Energy:     13.3444 | Acc:  5.93%
 Step:   8700000 | Energy:     10.1952 | Acc:  5.93%
 Step:   8710000 | Energy:     11.2585 | Acc:  5.93%
 Step:   8720000 | Energy:      9.5368 | Acc:  5.93%
 Step:   8730000 | Energy:      6.7443 | Acc:  5.93%
 Step:   8740000 | Energy:      3.1176 | Acc:  5.93%
 Step:   8750000 | Energy:     -3.1712 | Acc:  5.93%
 Step:   8760000 | Energy:      3.9593 | Acc:  5.93%
 Step:   8770000 | Energy:      3.1439 | Acc:  5.93%
 Step:   8780000 | Energy:      0.3309 | Acc:  5.93%
 Step:   8790000 | Energy:     -2.8293 | Acc:  5.93%
 Step:   8800000 | Energy:     -0.4635 | Acc:  5.93%
 Step:   8810000 | Energy:     -0.1914 | Acc:  5.93%
 Step:   8820000 | Energy:     -2.9746 | Acc:  5.93%
 Step:   8830000 | Energy:      2.6902 | Acc:  5.93%
 Step:   8840000 | Energy:     -3.9437 | Acc:  5.93%
 Step:   8850000 | Energy:     -0.5657 | Acc:  5.93%
 Step:   8860000 | Energy:      0.8012 | Acc:  5.93%
 Step:   8870000 | Energy:      4.6957 | Acc:  5.93%
 Step:   8880000 | Energy:      1.6849 | Acc:  5.93%
 Step:   8890000 | Energy:      0.6442 | Acc:  5.93%
 Step:   8900000 | Energy:      0.9427 | Acc:  5.93%
 Step:   8910000 | Energy:      3.6177 | Acc:  5.93%
 Step:   8920000 | Energy:      4.7450 | Acc:  5.93%
 Step:   8930000 | Energy:      5.6549 | Acc:  5.93%
 Step:   8940000 | Energy:     -3.0535 | Acc:  5.93%
 Step:   8950000 | Energy:     -0.3537 | Acc:  5.93%
 Step:   8960000 | Energy:     -4.2014 | Acc:  5.93%
 Step:   8970000 | Energy:      3.5500 | Acc:  5.93%
 Step:   8980000 | Energy:     -0.6359 | Acc:  5.93%
 Step:   8990000 | Energy:      7.8407 | Acc:  5.93%
 Step:   9000000 | Energy:      3.3062 | Acc:  5.92%
 Step:   9010000 | Energy:      7.5063 | Acc:  5.92%
 Step:   9020000 | Energy:      2.4378 | Acc:  5.92%
 Step:   9030000 | Energy:     -4.4496 | Acc:  5.92%
 Step:   9040000 | Energy:     -2.4569 | Acc:  5.92%
 Step:   9050000 | Energy:     -4.1489 | Acc:  5.92%
 Step:   9060000 | Energy:     -1.0174 | Acc:  5.92%
 Step:   9070000 | Energy:     -4.5134 | Acc:  5.92%
 Step:   9080000 | Energy:     -4.7373 | Acc:  5.91%
 Step:   9090000 | Energy:     -4.9468 | Acc:  5.91%
 Step:   9100000 | Energy:      5.8543 | Acc:  5.91%
 Step:   9110000 | Energy:      3.9251 | Acc:  5.91%
 Step:   9120000 | Energy:     -0.2534 | Acc:  5.91%
 Step:   9130000 | Energy:      4.2135 | Acc:  5.91%
 Step:   9140000 | Energy:      9.1628 | Acc:  5.91%
 Step:   9150000 | Energy:      4.0349 | Acc:  5.91%
 Step:   9160000 | Energy:      4.3931 | Acc:  5.91%
 Step:   9170000 | Energy:      2.1087 | Acc:  5.91%
 Step:   9180000 | Energy:     -0.4907 | Acc:  5.91%
 Step:   9190000 | Energy:      3.8201 | Acc:  5.91%
 Step:   9200000 | Energy:      2.0399 | Acc:  5.91%
 Step:   9210000 | Energy:      2.2508 | Acc:  5.91%
 Step:   9220000 | Energy:      6.9402 | Acc:  5.91%
 Step:   9230000 | Energy:      9.3069 | Acc:  5.91%
 Step:   9240000 | Energy:      4.7678 | Acc:  5.91%
 Step:   9250000 | Energy:     10.3057 | Acc:  5.91%
 Step:   9260000 | Energy:      2.4952 | Acc:  5.91%
 Step:   9270000 | Energy:     -0.1507 | Acc:  5.91%
 Step:   9280000 | Energy:      2.8392 | Acc:  5.91%
 Step:   9290000 | Energy:     -2.1518 | Acc:  5.91%
 Step:   9300000 | Energy:     -1.1869 | Acc:  5.91%
 Step:   9310000 | Energy:     -0.6467 | Acc:  5.91%
 Step:   9320000 | Energy:      5.8361 | Acc:  5.91%
 Step:   9330000 | Energy:      2.0980 | Acc:  5.91%
 Step:   9340000 | Energy:      5.0862 | Acc:  5.91%
 Step:   9350000 | Energy:      4.3217 | Acc:  5.91%
 Step:   9360000 | Energy:     -4.1657 | Acc:  5.91%
 Step:   9370000 | Energy:      1.5333 | Acc:  5.90%
 Step:   9380000 | Energy:     -1.3778 | Acc:  5.90%
 Step:   9390000 | Energy:      1.1867 | Acc:  5.90%
 Step:   9400000 | Energy:      0.2027 | Acc:  5.90%
 Step:   9410000 | Energy:     -2.0896 | Acc:  5.90%
 Step:   9420000 | Energy:     -3.1456 | Acc:  5.90%
 Step:   9430000 | Energy:     -2.7531 | Acc:  5.90%
 Step:   9440000 | Energy:     -5.7226 | Acc:  5.90%
 Step:   9450000 | Energy:     -6.8611 | Acc:  5.90%
 Step:   9460000 | Energy:     -2.4454 | Acc:  5.90%
 Step:   9470000 | Energy:     -8.5020 | Acc:  5.90%
 Step:   9480000 | Energy:     -3.6038 | Acc:  5.90%
 Step:   9490000 | Energy:     -2.0563 | Acc:  5.90%
 Step:   9500000 | Energy:     -2.8856 | Acc:  5.90%
 Step:   9510000 | Energy:     -2.6993 | Acc:  5.89%
 Step:   9520000 | Energy:     -5.2067 | Acc:  5.89%
 Step:   9530000 | Energy:     -2.4362 | Acc:  5.89%
 Step:   9540000 | Energy:     -1.5228 | Acc:  5.89%
 Step:   9550000 | Energy:     -4.1164 | Acc:  5.89%
 Step:   9560000 | Energy:     -7.6256 | Acc:  5.89%
 Step:   9570000 | Energy:     -5.1190 | Acc:  5.89%
 Step:   9580000 | Energy:     -3.5040 | Acc:  5.89%
 Step:   9590000 | Energy:     -4.4008 | Acc:  5.89%
 Step:   9600000 | Energy:     -3.9254 | Acc:  5.88%
 Step:   9610000 | Energy:      0.2155 | Acc:  5.88%
 Step:   9620000 | Energy:     -3.5290 | Acc:  5.88%
 Step:   9630000 | Energy:      2.4481 | Acc:  5.88%
 Step:   9640000 | Energy:     -4.6559 | Acc:  5.88%
 Step:   9650000 | Energy:     -3.4307 | Acc:  5.88%
 Step:   9660000 | Energy:     -4.6926 | Acc:  5.88%
 Step:   9670000 | Energy:     -2.5618 | Acc:  5.88%
 Step:   9680000 | Energy:     -4.2390 | Acc:  5.88%
 Step:   9690000 | Energy:     -3.7768 | Acc:  5.88%
 Step:   9700000 | Energy:     -3.9736 | Acc:  5.87%
 Step:   9710000 | Energy:     -3.8248 | Acc:  5.87%
 Step:   9720000 | Energy:      0.1202 | Acc:  5.87%
 Step:   9730000 | Energy:     -4.6296 | Acc:  5.87%
 Step:   9740000 | Energy:     -4.7511 | Acc:  5.87%
 Step:   9750000 | Energy:     -0.0339 | Acc:  5.87%
 Step:   9760000 | Energy:     -0.5068 | Acc:  5.87%
 Step:   9770000 | Energy:     -2.7604 | Acc:  5.87%
 Step:   9780000 | Energy:      0.3471 | Acc:  5.87%
 Step:   9790000 | Energy:     -3.5875 | Acc:  5.87%
 Step:   9800000 | Energy:     -4.9290 | Acc:  5.87%
 Step:   9810000 | Energy:     -2.7121 | Acc:  5.86%
 Step:   9820000 | Energy:     -4.4753 | Acc:  5.86%
 Step:   9830000 | Energy:     -0.5290 | Acc:  5.86%
 Step:   9840000 | Energy:     -6.2695 | Acc:  5.86%
 Step:   9850000 | Energy:     -6.6979 | Acc:  5.86%
 Step:   9860000 | Energy:     -3.9712 | Acc:  5.86%
 Step:   9870000 | Energy:     -1.8670 | Acc:  5.86%
 Step:   9880000 | Energy:     -3.1886 | Acc:  5.86%
 Step:   9890000 | Energy:     -4.7404 | Acc:  5.85%
 Step:   9900000 | Energy:     -3.2623 | Acc:  5.85%
 Step:   9910000 | Energy:     -5.2210 | Acc:  5.85%
 Step:   9920000 | Energy:     -0.2198 | Acc:  5.85%
 Step:   9930000 | Energy:     -0.4429 | Acc:  5.85%
 Step:   9940000 | Energy:     -6.1894 | Acc:  5.85%
 Step:   9950000 | Energy:     -3.2796 | Acc:  5.85%
 Step:   9960000 | Energy:     -1.7196 | Acc:  5.85%
 Step:   9970000 | Energy:      0.2180 | Acc:  5.85%
 Step:   9980000 | Energy:      1.5791 | Acc:  5.85%
 Step:   9990000 | Energy:      6.8472 | Acc:  5.85%
 Step:  10000000 | Energy:      9.4819 | Acc:  5.85%
 ------------------------------------------------------------
 [MC Simulation] WALL TIME:    2805.3336 s
 [MC Simulation] Finished Successfully
Running serial: nc=100, conf=4, steps=10000000
 [MC Simulation] Initialization Complete
 [MC Simulation] Carbons: 100
 [MC Simulation] Total Steps: 10000000
 [MC Simulation] T_ini (K):   300.0000  T_fin (K):   300.0000
 [MC Simulation] Cooling factor per step:   0.0000E+00
 ------------------------------------------------------------
 Step:         1 | Energy:     39.6214 | Acc:  0.00%
 Step:     10000 | Energy:     46.4495 | Acc: 34.55%
 Step:     20000 | Energy:     29.7293 | Acc: 30.04%
 Step:     30000 | Energy:     22.7467 | Acc: 23.41%
 Step:     40000 | Energy:     28.8165 | Acc: 19.53%
 Step:     50000 | Energy:     27.3793 | Acc: 17.27%
 Step:     60000 | Energy:     33.0950 | Acc: 15.61%
 Step:     70000 | Energy:     32.5053 | Acc: 14.29%
 Step:     80000 | Energy:     31.4601 | Acc: 13.42%
 Step:     90000 | Energy:     31.9401 | Acc: 12.73%
 Step:    100000 | Energy:     30.8182 | Acc: 12.24%
 Step:    110000 | Energy:     29.1555 | Acc: 11.87%
 Step:    120000 | Energy:     26.2283 | Acc: 11.73%
 Step:    130000 | Energy:     26.9288 | Acc: 11.35%
 Step:    140000 | Energy:     27.6762 | Acc: 11.11%
 Step:    150000 | Energy:     29.2173 | Acc: 10.78%
 Step:    160000 | Energy:     29.1997 | Acc: 10.60%
 Step:    170000 | Energy:     29.4807 | Acc: 10.41%
 Step:    180000 | Energy:     25.2648 | Acc: 10.32%
 Step:    190000 | Energy:     29.0772 | Acc: 10.19%
 Step:    200000 | Energy:     32.3811 | Acc: 10.08%
 Step:    210000 | Energy:     33.1936 | Acc:  9.97%
 Step:    220000 | Energy:     30.0666 | Acc:  9.98%
 Step:    230000 | Energy:     28.7535 | Acc:  9.97%
 Step:    240000 | Energy:     39.2703 | Acc:  9.89%
 Step:    250000 | Energy:     15.8098 | Acc:  9.77%
 Step:    260000 | Energy:     17.8560 | Acc:  9.66%
 Step:    270000 | Energy:     16.9770 | Acc:  9.53%
 Step:    280000 | Energy:     19.0851 | Acc:  9.41%
 Step:    290000 | Energy:     20.7707 | Acc:  9.32%
 Step:    300000 | Energy:     15.2192 | Acc:  9.27%
 Step:    310000 | Energy:     15.1650 | Acc:  9.21%
 Step:    320000 | Energy:     23.0285 | Acc:  9.19%
 Step:    330000 | Energy:     21.0926 | Acc:  9.12%
 Step:    340000 | Energy:     26.0294 | Acc:  9.06%
 Step:    350000 | Energy:     20.5012 | Acc:  9.00%
 Step:    360000 | Energy:     22.6949 | Acc:  8.95%
 Step:    370000 | Energy:     22.3294 | Acc:  8.88%
 Step:    380000 | Energy:     16.5439 | Acc:  8.83%
 Step:    390000 | Energy:     18.8151 | Acc:  8.77%
 Step:    400000 | Energy:     25.8440 | Acc:  8.69%
 Step:    410000 | Energy:     18.2377 | Acc:  8.64%
 Step:    420000 | Energy:     16.0412 | Acc:  8.58%
 Step:    430000 | Energy:     18.8073 | Acc:  8.52%
 Step:    440000 | Energy:     27.1890 | Acc:  8.47%
 Step:    450000 | Energy:     21.7672 | Acc:  8.39%
 Step:    460000 | Energy:     28.2322 | Acc:  8.33%
 Step:    470000 | Energy:     24.7805 | Acc:  8.29%
 Step:    480000 | Energy:     24.2532 | Acc:  8.27%
 Step:    490000 | Energy:     25.1990 | Acc:  8.24%
 Step:    500000 | Energy:     27.6745 | Acc:  8.21%
 Step:    510000 | Energy:     19.7328 | Acc:  8.20%
 Step:    520000 | Energy:     26.3198 | Acc:  8.18%
 Step:    530000 | Energy:     20.8094 | Acc:  8.15%
 Step:    540000 | Energy:     15.5355 | Acc:  8.13%
 Step:    550000 | Energy:     15.8211 | Acc:  8.09%
 Step:    560000 | Energy:     19.8594 | Acc:  8.07%
 Step:    570000 | Energy:     24.7140 | Acc:  8.04%
 Step:    580000 | Energy:     19.3278 | Acc:  8.02%
 Step:    590000 | Energy:     20.9192 | Acc:  7.99%
 Step:    600000 | Energy:     22.6298 | Acc:  7.98%
 Step:    610000 | Energy:     23.6656 | Acc:  7.97%
 Step:    620000 | Energy:     19.5499 | Acc:  7.97%
 Step:    630000 | Energy:     17.6648 | Acc:  7.95%
 Step:    640000 | Energy:     14.2056 | Acc:  7.93%
 Step:    650000 | Energy:     18.0942 | Acc:  7.90%
 Step:    660000 | Energy:     18.0569 | Acc:  7.88%
 Step:    670000 | Energy:     17.4753 | Acc:  7.85%
 Step:    680000 | Energy:     14.0991 | Acc:  7.83%
 Step:    690000 | Energy:     15.6805 | Acc:  7.81%
 Step:    700000 | Energy:     23.2369 | Acc:  7.80%
 Step:    710000 | Energy:     15.6808 | Acc:  7.80%
 Step:    720000 | Energy:     15.5058 | Acc:  7.80%
 Step:    730000 | Energy:     14.1712 | Acc:  7.80%
 Step:    740000 | Energy:     14.3855 | Acc:  7.80%
 Step:    750000 | Energy:     17.9454 | Acc:  7.80%
 Step:    760000 | Energy:     19.0347 | Acc:  7.81%
 Step:    770000 | Energy:     12.0289 | Acc:  7.81%
 Step:    780000 | Energy:     18.3685 | Acc:  7.79%
 Step:    790000 | Energy:     21.9115 | Acc:  7.78%
 Step:    800000 | Energy:     20.9665 | Acc:  7.77%
 Step:    810000 | Energy:     21.7336 | Acc:  7.76%
 Step:    820000 | Energy:     24.2428 | Acc:  7.76%
 Step:    830000 | Energy:     20.8069 | Acc:  7.75%
 Step:    840000 | Energy:     18.4171 | Acc:  7.73%
 Step:    850000 | Energy:     24.7240 | Acc:  7.72%
 Step:    860000 | Energy:     22.7055 | Acc:  7.72%
 Step:    870000 | Energy:     13.6909 | Acc:  7.70%
 Step:    880000 | Energy:     14.5047 | Acc:  7.68%
 Step:    890000 | Energy:     19.5895 | Acc:  7.67%
 Step:    900000 | Energy:     13.9238 | Acc:  7.65%
 Step:    910000 | Energy:     17.4135 | Acc:  7.62%
 Step:    920000 | Energy:     19.9432 | Acc:  7.60%
 Step:    930000 | Energy:     15.5301 | Acc:  7.58%
 Step:    940000 | Energy:     13.3019 | Acc:  7.56%
 Step:    950000 | Energy:     18.9920 | Acc:  7.55%
 Step:    960000 | Energy:     13.4994 | Acc:  7.54%
 Step:    970000 | Energy:     21.9000 | Acc:  7.52%
 Step:    980000 | Energy:     12.6885 | Acc:  7.50%
 Step:    990000 | Energy:      9.9461 | Acc:  7.48%
 Step:   1000000 | Energy:     10.7105 | Acc:  7.46%
 Step:   1010000 | Energy:     19.7337 | Acc:  7.45%
 Step:   1020000 | Energy:     11.8860 | Acc:  7.43%
 Step:   1030000 | Energy:     21.0709 | Acc:  7.44%
 Step:   1040000 | Energy:     20.1405 | Acc:  7.45%
 Step:   1050000 | Energy:     20.5269 | Acc:  7.44%
 Step:   1060000 | Energy:     19.5142 | Acc:  7.43%
 Step:   1070000 | Energy:     18.1102 | Acc:  7.41%
 Step:   1080000 | Energy:     28.3477 | Acc:  7.41%
 Step:   1090000 | Energy:     23.2756 | Acc:  7.41%
 Step:   1100000 | Energy:     17.6484 | Acc:  7.41%
 Step:   1110000 | Energy:     20.8431 | Acc:  7.40%
 Step:   1120000 | Energy:     17.3169 | Acc:  7.38%
 Step:   1130000 | Energy:     16.3602 | Acc:  7.37%
 Step:   1140000 | Energy:     21.5713 | Acc:  7.37%
 Step:   1150000 | Energy:     19.4245 | Acc:  7.36%
 Step:   1160000 | Energy:     18.8874 | Acc:  7.36%
 Step:   1170000 | Energy:     27.2537 | Acc:  7.35%
 Step:   1180000 | Energy:     14.9736 | Acc:  7.35%
 Step:   1190000 | Energy:     13.4855 | Acc:  7.34%
 Step:   1200000 | Energy:     11.4980 | Acc:  7.33%
 Step:   1210000 | Energy:     16.3174 | Acc:  7.32%
 Step:   1220000 | Energy:     14.4393 | Acc:  7.30%
 Step:   1230000 | Energy:      6.4398 | Acc:  7.30%
 Step:   1240000 | Energy:     18.3002 | Acc:  7.29%
 Step:   1250000 | Energy:     14.5021 | Acc:  7.29%
 Step:   1260000 | Energy:     11.3641 | Acc:  7.28%
 Step:   1270000 | Energy:     13.6797 | Acc:  7.28%
 Step:   1280000 | Energy:     17.5011 | Acc:  7.28%
 Step:   1290000 | Energy:     19.2358 | Acc:  7.27%
 Step:   1300000 | Energy:     14.2676 | Acc:  7.27%
 Step:   1310000 | Energy:     23.6447 | Acc:  7.26%
 Step:   1320000 | Energy:     20.3368 | Acc:  7.26%
 Step:   1330000 | Energy:     16.9716 | Acc:  7.26%
 Step:   1340000 | Energy:     15.6346 | Acc:  7.25%
 Step:   1350000 | Energy:     13.3203 | Acc:  7.24%
 Step:   1360000 | Energy:     19.8489 | Acc:  7.23%
 Step:   1370000 | Energy:     16.1384 | Acc:  7.23%
 Step:   1380000 | Energy:     13.6160 | Acc:  7.23%
 Step:   1390000 | Energy:     14.9806 | Acc:  7.22%
 Step:   1400000 | Energy:     14.5650 | Acc:  7.21%
 Step:   1410000 | Energy:     18.0636 | Acc:  7.20%
 Step:   1420000 | Energy:     18.0946 | Acc:  7.19%
 Step:   1430000 | Energy:     18.4582 | Acc:  7.18%
 Step:   1440000 | Energy:      7.8410 | Acc:  7.17%
 Step:   1450000 | Energy:      6.9827 | Acc:  7.16%
 Step:   1460000 | Energy:      8.6844 | Acc:  7.15%
 Step:   1470000 | Energy:     10.8343 | Acc:  7.15%
 Step:   1480000 | Energy:     13.3122 | Acc:  7.14%
 Step:   1490000 | Energy:      9.5627 | Acc:  7.13%
 Step:   1500000 | Energy:     11.8399 | Acc:  7.13%
 Step:   1510000 | Energy:     15.5746 | Acc:  7.12%
 Step:   1520000 | Energy:     15.7062 | Acc:  7.12%
 Step:   1530000 | Energy:     12.5920 | Acc:  7.11%
 Step:   1540000 | Energy:     14.6072 | Acc:  7.10%
 Step:   1550000 | Energy:     20.8615 | Acc:  7.10%
 Step:   1560000 | Energy:     18.3332 | Acc:  7.10%
 Step:   1570000 | Energy:     21.7179 | Acc:  7.10%
 Step:   1580000 | Energy:     22.0082 | Acc:  7.09%
 Step:   1590000 | Energy:     20.4137 | Acc:  7.10%
 Step:   1600000 | Energy:     13.2400 | Acc:  7.10%
 Step:   1610000 | Energy:     20.7975 | Acc:  7.09%
 Step:   1620000 | Energy:     21.8208 | Acc:  7.09%
 Step:   1630000 | Energy:     22.0159 | Acc:  7.09%
 Step:   1640000 | Energy:     22.2806 | Acc:  7.09%
 Step:   1650000 | Energy:     21.6587 | Acc:  7.08%
 Step:   1660000 | Energy:     20.0639 | Acc:  7.08%
 Step:   1670000 | Energy:     15.5923 | Acc:  7.08%
 Step:   1680000 | Energy:     15.5464 | Acc:  7.07%
 Step:   1690000 | Energy:     16.0253 | Acc:  7.07%
 Step:   1700000 | Energy:     19.2338 | Acc:  7.06%
 Step:   1710000 | Energy:     21.6660 | Acc:  7.07%
 Step:   1720000 | Energy:     19.1312 | Acc:  7.07%
 Step:   1730000 | Energy:     15.0849 | Acc:  7.06%
 Step:   1740000 | Energy:     16.0324 | Acc:  7.06%
 Step:   1750000 | Energy:     10.8864 | Acc:  7.05%
 Step:   1760000 | Energy:     16.7092 | Acc:  7.05%
 Step:   1770000 | Energy:     11.8302 | Acc:  7.05%
 Step:   1780000 | Energy:     14.5489 | Acc:  7.04%
 Step:   1790000 | Energy:     17.6254 | Acc:  7.04%
 Step:   1800000 | Energy:     17.8911 | Acc:  7.03%
 Step:   1810000 | Energy:     20.1353 | Acc:  7.04%
 Step:   1820000 | Energy:     10.5365 | Acc:  7.03%
 Step:   1830000 | Energy:     15.3766 | Acc:  7.03%
 Step:   1840000 | Energy:     15.1245 | Acc:  7.02%
 Step:   1850000 | Energy:     20.3762 | Acc:  7.02%
 Step:   1860000 | Energy:     14.3471 | Acc:  7.01%
 Step:   1870000 | Energy:     13.7445 | Acc:  7.01%
 Step:   1880000 | Energy:     17.5170 | Acc:  7.00%
 Step:   1890000 | Energy:     13.7311 | Acc:  7.00%
 Step:   1900000 | Energy:     13.1496 | Acc:  7.00%
 Step:   1910000 | Energy:     15.9482 | Acc:  6.99%
 Step:   1920000 | Energy:     15.7685 | Acc:  6.99%
 Step:   1930000 | Energy:     15.4961 | Acc:  6.99%
 Step:   1940000 | Energy:      6.2175 | Acc:  6.99%
 Step:   1950000 | Energy:     15.5865 | Acc:  6.99%
 Step:   1960000 | Energy:     16.7859 | Acc:  6.99%
 Step:   1970000 | Energy:     12.8328 | Acc:  6.99%
 Step:   1980000 | Energy:     12.4709 | Acc:  6.98%
 Step:   1990000 | Energy:     17.7234 | Acc:  6.98%
 Step:   2000000 | Energy:     16.2719 | Acc:  6.97%
 Step:   2010000 | Energy:     15.5931 | Acc:  6.97%
 Step:   2020000 | Energy:     13.0986 | Acc:  6.97%
 Step:   2030000 | Energy:     10.7908 | Acc:  6.96%
 Step:   2040000 | Energy:     12.6857 | Acc:  6.96%
 Step:   2050000 | Energy:     14.6155 | Acc:  6.95%
 Step:   2060000 | Energy:     16.5005 | Acc:  6.95%
 Step:   2070000 | Energy:     15.5445 | Acc:  6.94%
 Step:   2080000 | Energy:     19.5696 | Acc:  6.94%
 Step:   2090000 | Energy:     19.4184 | Acc:  6.94%
 Step:   2100000 | Energy:     21.4838 | Acc:  6.94%
 Step:   2110000 | Energy:     24.0479 | Acc:  6.93%
 Step:   2120000 | Energy:     19.1462 | Acc:  6.93%
 Step:   2130000 | Energy:     21.3179 | Acc:  6.92%
 Step:   2140000 | Energy:     18.2600 | Acc:  6.92%
 Step:   2150000 | Energy:     21.3572 | Acc:  6.91%
 Step:   2160000 | Energy:     14.1446 | Acc:  6.91%
 Step:   2170000 | Energy:     19.7577 | Acc:  6.91%
 Step:   2180000 | Energy:     21.0962 | Acc:  6.91%
 Step:   2190000 | Energy:     20.7899 | Acc:  6.91%
 Step:   2200000 | Energy:     15.8762 | Acc:  6.91%
 Step:   2210000 | Energy:     19.0469 | Acc:  6.91%
 Step:   2220000 | Energy:     16.0346 | Acc:  6.91%
 Step:   2230000 | Energy:     19.1545 | Acc:  6.91%
 Step:   2240000 | Energy:     14.3615 | Acc:  6.90%
 Step:   2250000 | Energy:     23.5707 | Acc:  6.90%
 Step:   2260000 | Energy:     20.9108 | Acc:  6.91%
 Step:   2270000 | Energy:     21.1275 | Acc:  6.91%
 Step:   2280000 | Energy:     23.1050 | Acc:  6.91%
 Step:   2290000 | Energy:     14.6482 | Acc:  6.91%
 Step:   2300000 | Energy:     18.7763 | Acc:  6.90%
 Step:   2310000 | Energy:     21.0904 | Acc:  6.90%
 Step:   2320000 | Energy:     21.9456 | Acc:  6.90%
 Step:   2330000 | Energy:     22.0652 | Acc:  6.90%
 Step:   2340000 | Energy:     22.0835 | Acc:  6.90%
 Step:   2350000 | Energy:     21.7646 | Acc:  6.90%
 Step:   2360000 | Energy:     18.4515 | Acc:  6.89%
 Step:   2370000 | Energy:     24.3041 | Acc:  6.90%
 Step:   2380000 | Energy:     18.7822 | Acc:  6.90%
 Step:   2390000 | Energy:     26.3633 | Acc:  6.90%
 Step:   2400000 | Energy:     16.5507 | Acc:  6.89%
 Step:   2410000 | Energy:     14.4652 | Acc:  6.89%
 Step:   2420000 | Energy:     31.0121 | Acc:  6.90%
 Step:   2430000 | Energy:     31.7497 | Acc:  6.90%
 Step:   2440000 | Energy:     29.5749 | Acc:  6.91%
 Step:   2450000 | Energy:     30.8108 | Acc:  6.91%
 Step:   2460000 | Energy:     33.4388 | Acc:  6.91%
 Step:   2470000 | Energy:     40.6682 | Acc:  6.92%
 Step:   2480000 | Energy:     34.9689 | Acc:  6.92%
 Step:   2490000 | Energy:     28.3482 | Acc:  6.93%
 Step:   2500000 | Energy:     22.5050 | Acc:  6.93%
 Step:   2510000 | Energy:     24.7682 | Acc:  6.94%
 Step:   2520000 | Energy:     20.3290 | Acc:  6.94%
 Step:   2530000 | Energy:     24.3230 | Acc:  6.95%
 Step:   2540000 | Energy:     30.8812 | Acc:  6.95%
 Step:   2550000 | Energy:     18.2002 | Acc:  6.95%
 Step:   2560000 | Energy:     21.7920 | Acc:  6.96%
 Step:   2570000 | Energy:     20.8529 | Acc:  6.96%
 Step:   2580000 | Energy:     22.2880 | Acc:  6.96%
 Step:   2590000 | Energy:     29.1932 | Acc:  6.97%
 Step:   2600000 | Energy:     27.0378 | Acc:  6.97%
 Step:   2610000 | Energy:     28.4983 | Acc:  6.97%
 Step:   2620000 | Energy:     33.1557 | Acc:  6.98%
 Step:   2630000 | Energy:     26.1607 | Acc:  6.99%
 Step:   2640000 | Energy:     22.2738 | Acc:  6.99%
 Step:   2650000 | Energy:     21.4488 | Acc:  6.99%
 Step:   2660000 | Energy:     19.5522 | Acc:  6.99%
 Step:   2670000 | Energy:     17.6132 | Acc:  6.98%
 Step:   2680000 | Energy:     15.9004 | Acc:  6.98%
 Step:   2690000 | Energy:     19.8649 | Acc:  6.98%
 Step:   2700000 | Energy:     19.0133 | Acc:  6.98%
 Step:   2710000 | Energy:     19.7746 | Acc:  6.98%
 Step:   2720000 | Energy:     21.1926 | Acc:  6.98%
 Step:   2730000 | Energy:     26.9000 | Acc:  6.98%
 Step:   2740000 | Energy:     27.8897 | Acc:  6.99%
 Step:   2750000 | Energy:     23.7341 | Acc:  7.00%
 Step:   2760000 | Energy:     23.8896 | Acc:  7.00%
 Step:   2770000 | Energy:     23.6335 | Acc:  7.01%
 Step:   2780000 | Energy:     24.4300 | Acc:  7.01%
 Step:   2790000 | Energy:     23.9547 | Acc:  7.02%
 Step:   2800000 | Energy:     22.3996 | Acc:  7.02%
 Step:   2810000 | Energy:     19.6493 | Acc:  7.02%
 Step:   2820000 | Energy:     14.8039 | Acc:  7.03%
 Step:   2830000 | Energy:     18.9431 | Acc:  7.03%
 Step:   2840000 | Energy:     21.9294 | Acc:  7.03%
 Step:   2850000 | Energy:     17.8987 | Acc:  7.03%
 Step:   2860000 | Energy:     12.8720 | Acc:  7.03%
 Step:   2870000 | Energy:     16.0239 | Acc:  7.03%
 Step:   2880000 | Energy:     21.1972 | Acc:  7.03%
 Step:   2890000 | Energy:     15.2488 | Acc:  7.03%
 Step:   2900000 | Energy:     22.3653 | Acc:  7.03%
 Step:   2910000 | Energy:     13.8441 | Acc:  7.03%
 Step:   2920000 | Energy:     12.9252 | Acc:  7.03%
 Step:   2930000 | Energy:     19.3511 | Acc:  7.03%
 Step:   2940000 | Energy:     19.8097 | Acc:  7.03%
 Step:   2950000 | Energy:     18.3979 | Acc:  7.03%
 Step:   2960000 | Energy:     16.3011 | Acc:  7.03%
 Step:   2970000 | Energy:     20.8913 | Acc:  7.03%
 Step:   2980000 | Energy:     19.6233 | Acc:  7.03%
 Step:   2990000 | Energy:     10.6237 | Acc:  7.04%
 Step:   3000000 | Energy:      8.2418 | Acc:  7.04%
 Step:   3010000 | Energy:     11.0336 | Acc:  7.04%
 Step:   3020000 | Energy:      7.6603 | Acc:  7.03%
 Step:   3030000 | Energy:      5.0702 | Acc:  7.03%
 Step:   3040000 | Energy:      7.4105 | Acc:  7.03%
 Step:   3050000 | Energy:     16.8562 | Acc:  7.03%
 Step:   3060000 | Energy:     10.7519 | Acc:  7.02%
 Step:   3070000 | Energy:     11.1218 | Acc:  7.02%
 Step:   3080000 | Energy:      9.9392 | Acc:  7.01%
 Step:   3090000 | Energy:     14.8065 | Acc:  7.01%
 Step:   3100000 | Energy:     14.8319 | Acc:  7.01%
 Step:   3110000 | Energy:     11.5822 | Acc:  7.01%
 Step:   3120000 | Energy:     12.2767 | Acc:  7.00%
 Step:   3130000 | Energy:     20.9031 | Acc:  7.00%
 Step:   3140000 | Energy:     17.7276 | Acc:  7.00%
 Step:   3150000 | Energy:     13.5620 | Acc:  6.99%
 Step:   3160000 | Energy:      9.9384 | Acc:  6.99%
 Step:   3170000 | Energy:     15.1657 | Acc:  6.99%
 Step:   3180000 | Energy:     11.8951 | Acc:  6.99%
 Step:   3190000 | Energy:     12.7066 | Acc:  6.98%
 Step:   3200000 | Energy:     11.8834 | Acc:  6.98%
 Step:   3210000 | Energy:     18.8579 | Acc:  6.98%
 Step:   3220000 | Energy:     26.5544 | Acc:  6.98%
 Step:   3230000 | Energy:     16.2984 | Acc:  6.99%
 Step:   3240000 | Energy:     18.1288 | Acc:  6.99%
 Step:   3250000 | Energy:     16.0440 | Acc:  6.99%
 Step:   3260000 | Energy:     16.0965 | Acc:  7.00%
 Step:   3270000 | Energy:     20.2359 | Acc:  7.00%
 Step:   3280000 | Energy:     21.7989 | Acc:  7.00%
 Step:   3290000 | Energy:     14.3772 | Acc:  7.00%
 Step:   3300000 | Energy:     11.5407 | Acc:  7.00%
 Step:   3310000 | Energy:     10.2782 | Acc:  7.00%
 Step:   3320000 | Energy:     12.4190 | Acc:  7.01%
 Step:   3330000 | Energy:      9.5457 | Acc:  7.01%
 Step:   3340000 | Energy:     10.8511 | Acc:  7.01%
 Step:   3350000 | Energy:      6.6526 | Acc:  7.01%
 Step:   3360000 | Energy:     11.8024 | Acc:  7.01%
 Step:   3370000 | Energy:      9.7949 | Acc:  7.01%
 Step:   3380000 | Energy:     15.8169 | Acc:  7.01%
 Step:   3390000 | Energy:     10.6809 | Acc:  7.01%
 Step:   3400000 | Energy:      9.0032 | Acc:  7.01%
 Step:   3410000 | Energy:      9.3233 | Acc:  7.01%
 Step:   3420000 | Energy:     14.0730 | Acc:  7.01%
 Step:   3430000 | Energy:      8.8289 | Acc:  7.01%
 Step:   3440000 | Energy:     15.1504 | Acc:  7.01%
 Step:   3450000 | Energy:      8.7080 | Acc:  7.01%
 Step:   3460000 | Energy:      4.3834 | Acc:  7.01%
 Step:   3470000 | Energy:     10.5919 | Acc:  7.01%
 Step:   3480000 | Energy:     11.7935 | Acc:  7.01%
 Step:   3490000 | Energy:      8.1721 | Acc:  7.01%
 Step:   3500000 | Energy:     16.4821 | Acc:  7.01%
 Step:   3510000 | Energy:     11.2773 | Acc:  7.01%
 Step:   3520000 | Energy:      4.1689 | Acc:  7.01%
 Step:   3530000 | Energy:      8.6155 | Acc:  7.01%
 Step:   3540000 | Energy:      7.0376 | Acc:  7.01%
 Step:   3550000 | Energy:      6.6897 | Acc:  7.01%
 Step:   3560000 | Energy:      8.1067 | Acc:  7.01%
 Step:   3570000 | Energy:      8.4823 | Acc:  7.01%
 Step:   3580000 | Energy:      8.8623 | Acc:  7.01%
 Step:   3590000 | Energy:      8.6719 | Acc:  7.01%
 Step:   3600000 | Energy:      7.7009 | Acc:  7.01%
 Step:   3610000 | Energy:      4.6462 | Acc:  7.01%
 Step:   3620000 | Energy:      8.5731 | Acc:  7.01%
 Step:   3630000 | Energy:     16.7638 | Acc:  7.01%
 Step:   3640000 | Energy:     12.7009 | Acc:  7.01%
 Step:   3650000 | Energy:     12.9220 | Acc:  7.01%
 Step:   3660000 | Energy:     13.8930 | Acc:  7.01%
 Step:   3670000 | Energy:     18.8822 | Acc:  7.01%
 Step:   3680000 | Energy:     18.1066 | Acc:  7.01%
 Step:   3690000 | Energy:     12.3824 | Acc:  7.01%
 Step:   3700000 | Energy:     12.3141 | Acc:  7.01%
 Step:   3710000 | Energy:     12.2612 | Acc:  7.01%
 Step:   3720000 | Energy:     11.3093 | Acc:  7.01%
 Step:   3730000 | Energy:     18.4017 | Acc:  7.01%
 Step:   3740000 | Energy:     16.5773 | Acc:  7.02%
 Step:   3750000 | Energy:     11.7607 | Acc:  7.02%
 Step:   3760000 | Energy:     11.9539 | Acc:  7.02%
 Step:   3770000 | Energy:     11.7377 | Acc:  7.02%
 Step:   3780000 | Energy:     10.9669 | Acc:  7.02%
 Step:   3790000 | Energy:     14.1811 | Acc:  7.02%
 Step:   3800000 | Energy:     18.1102 | Acc:  7.03%
 Step:   3810000 | Energy:     10.5770 | Acc:  7.03%
 Step:   3820000 | Energy:     12.1130 | Acc:  7.03%
 Step:   3830000 | Energy:      5.5198 | Acc:  7.03%
 Step:   3840000 | Energy:     10.3142 | Acc:  7.03%
 Step:   3850000 | Energy:     12.7877 | Acc:  7.03%
 Step:   3860000 | Energy:     12.1250 | Acc:  7.02%
 Step:   3870000 | Energy:     15.0301 | Acc:  7.03%
 Step:   3880000 | Energy:     14.8911 | Acc:  7.03%
 Step:   3890000 | Energy:     10.5932 | Acc:  7.03%
 Step:   3900000 | Energy:     11.9598 | Acc:  7.03%
 Step:   3910000 | Energy:     19.9154 | Acc:  7.03%
 Step:   3920000 | Energy:     15.9572 | Acc:  7.03%
 Step:   3930000 | Energy:     12.7728 | Acc:  7.03%
 Step:   3940000 | Energy:     11.8667 | Acc:  7.03%
 Step:   3950000 | Energy:     12.8922 | Acc:  7.03%
 Step:   3960000 | Energy:     11.4459 | Acc:  7.02%
 Step:   3970000 | Energy:     12.2349 | Acc:  7.02%
 Step:   3980000 | Energy:     16.3055 | Acc:  7.02%
 Step:   3990000 | Energy:     11.8997 | Acc:  7.02%
 Step:   4000000 | Energy:     12.6281 | Acc:  7.02%
 Step:   4010000 | Energy:     14.5513 | Acc:  7.01%
 Step:   4020000 | Energy:     18.7973 | Acc:  7.01%
 Step:   4030000 | Energy:     13.8834 | Acc:  7.01%
 Step:   4040000 | Energy:     17.2187 | Acc:  7.01%
 Step:   4050000 | Energy:     20.9743 | Acc:  7.01%
 Step:   4060000 | Energy:     16.0302 | Acc:  7.01%
 Step:   4070000 | Energy:     13.4163 | Acc:  7.00%
 Step:   4080000 | Energy:     26.7703 | Acc:  7.00%
 Step:   4090000 | Energy:     20.7122 | Acc:  7.00%
 Step:   4100000 | Energy:     22.4085 | Acc:  7.00%
 Step:   4110000 | Energy:     23.7375 | Acc:  7.00%
 Step:   4120000 | Energy:     17.5214 | Acc:  7.00%
 Step:   4130000 | Energy:     22.3703 | Acc:  7.00%
 Step:   4140000 | Energy:     22.7463 | Acc:  7.00%
 Step:   4150000 | Energy:     21.4934 | Acc:  7.00%
 Step:   4160000 | Energy:     27.5016 | Acc:  7.00%
 Step:   4170000 | Energy:     25.3827 | Acc:  7.00%
 Step:   4180000 | Energy:     20.5249 | Acc:  7.00%
 Step:   4190000 | Energy:     20.0698 | Acc:  7.00%
 Step:   4200000 | Energy:     17.9438 | Acc:  6.99%
 Step:   4210000 | Energy:     18.2088 | Acc:  6.99%
 Step:   4220000 | Energy:     18.9882 | Acc:  6.99%
 Step:   4230000 | Energy:     23.4207 | Acc:  6.99%
 Step:   4240000 | Energy:     22.9100 | Acc:  6.99%
 Step:   4250000 | Energy:     22.9216 | Acc:  6.99%
 Step:   4260000 | Energy:     18.4738 | Acc:  6.98%
 Step:   4270000 | Energy:     16.4620 | Acc:  6.98%
 Step:   4280000 | Energy:     16.3518 | Acc:  6.98%
 Step:   4290000 | Energy:     23.9020 | Acc:  6.98%
 Step:   4300000 | Energy:     24.7632 | Acc:  6.98%
 Step:   4310000 | Energy:     19.5519 | Acc:  6.98%
 Step:   4320000 | Energy:     17.2194 | Acc:  6.98%
 Step:   4330000 | Energy:     26.9741 | Acc:  6.98%
 Step:   4340000 | Energy:     30.0187 | Acc:  6.99%
 Step:   4350000 | Energy:     25.4983 | Acc:  6.99%
 Step:   4360000 | Energy:     23.3446 | Acc:  6.99%
 Step:   4370000 | Energy:     23.5969 | Acc:  6.99%
 Step:   4380000 | Energy:     27.3051 | Acc:  6.99%
 Step:   4390000 | Energy:     20.6047 | Acc:  6.99%
 Step:   4400000 | Energy:     20.1906 | Acc:  6.98%
 Step:   4410000 | Energy:     24.3552 | Acc:  6.98%
 Step:   4420000 | Energy:     22.4429 | Acc:  6.98%
 Step:   4430000 | Energy:     23.9370 | Acc:  6.97%
 Step:   4440000 | Energy:     17.6558 | Acc:  6.97%
 Step:   4450000 | Energy:     18.9641 | Acc:  6.97%
 Step:   4460000 | Energy:     17.9367 | Acc:  6.96%
 Step:   4470000 | Energy:     12.4847 | Acc:  6.96%
 Step:   4480000 | Energy:     11.9132 | Acc:  6.96%
 Step:   4490000 | Energy:     15.2202 | Acc:  6.95%
 Step:   4500000 | Energy:     13.9126 | Acc:  6.95%
 Step:   4510000 | Energy:     12.9766 | Acc:  6.94%
 Step:   4520000 | Energy:     15.9443 | Acc:  6.94%
 Step:   4530000 | Energy:     19.6306 | Acc:  6.94%
 Step:   4540000 | Energy:     16.4445 | Acc:  6.93%
 Step:   4550000 | Energy:     15.8319 | Acc:  6.93%
 Step:   4560000 | Energy:     16.8931 | Acc:  6.93%
 Step:   4570000 | Energy:     20.6857 | Acc:  6.93%
 Step:   4580000 | Energy:     18.0774 | Acc:  6.92%
 Step:   4590000 | Energy:     15.2280 | Acc:  6.92%
 Step:   4600000 | Energy:     14.9883 | Acc:  6.91%
 Step:   4610000 | Energy:     16.2942 | Acc:  6.91%
 Step:   4620000 | Energy:     18.3011 | Acc:  6.91%
 Step:   4630000 | Energy:     15.8551 | Acc:  6.91%
 Step:   4640000 | Energy:     20.7439 | Acc:  6.91%
 Step:   4650000 | Energy:     21.0650 | Acc:  6.90%
 Step:   4660000 | Energy:     27.3860 | Acc:  6.90%
 Step:   4670000 | Energy:     24.6112 | Acc:  6.90%
 Step:   4680000 | Energy:     24.4406 | Acc:  6.90%
 Step:   4690000 | Energy:     23.0413 | Acc:  6.90%
 Step:   4700000 | Energy:     26.7163 | Acc:  6.90%
 Step:   4710000 | Energy:     27.7299 | Acc:  6.90%
 Step:   4720000 | Energy:     23.7209 | Acc:  6.90%
 Step:   4730000 | Energy:     21.6898 | Acc:  6.89%
 Step:   4740000 | Energy:     15.0502 | Acc:  6.89%
 Step:   4750000 | Energy:     15.2525 | Acc:  6.89%
 Step:   4760000 | Energy:     16.5189 | Acc:  6.88%
 Step:   4770000 | Energy:     14.3739 | Acc:  6.88%
 Step:   4780000 | Energy:     19.5792 | Acc:  6.88%
 Step:   4790000 | Energy:     18.4745 | Acc:  6.88%
 Step:   4800000 | Energy:     13.3917 | Acc:  6.88%
 Step:   4810000 | Energy:     14.1728 | Acc:  6.87%
 Step:   4820000 | Energy:     11.6165 | Acc:  6.87%
 Step:   4830000 | Energy:     13.2957 | Acc:  6.87%
 Step:   4840000 | Energy:     17.0544 | Acc:  6.87%
 Step:   4850000 | Energy:     17.3949 | Acc:  6.86%
 Step:   4860000 | Energy:     24.8192 | Acc:  6.86%
 Step:   4870000 | Energy:     23.3227 | Acc:  6.86%
 Step:   4880000 | Energy:     21.8804 | Acc:  6.85%
 Step:   4890000 | Energy:     19.7897 | Acc:  6.85%
 Step:   4900000 | Energy:     21.5322 | Acc:  6.85%
 Step:   4910000 | Energy:     18.7150 | Acc:  6.85%
 Step:   4920000 | Energy:     22.5739 | Acc:  6.84%
 Step:   4930000 | Energy:     23.2987 | Acc:  6.84%
 Step:   4940000 | Energy:     29.8139 | Acc:  6.84%
 Step:   4950000 | Energy:     24.7414 | Acc:  6.84%
 Step:   4960000 | Energy:     20.2611 | Acc:  6.83%
 Step:   4970000 | Energy:     20.2840 | Acc:  6.83%
 Step:   4980000 | Energy:     22.7105 | Acc:  6.83%
 Step:   4990000 | Energy:     21.6751 | Acc:  6.83%
 Step:   5000000 | Energy:     18.8753 | Acc:  6.83%
 Step:   5010000 | Energy:     19.7777 | Acc:  6.83%
 Step:   5020000 | Energy:     19.5966 | Acc:  6.82%
 Step:   5030000 | Energy:     25.1672 | Acc:  6.82%
 Step:   5040000 | Energy:     23.3009 | Acc:  6.82%
 Step:   5050000 | Energy:     25.5600 | Acc:  6.82%
 Step:   5060000 | Energy:     28.5574 | Acc:  6.82%
 Step:   5070000 | Energy:     24.9162 | Acc:  6.82%
 Step:   5080000 | Energy:     27.9441 | Acc:  6.82%
 Step:   5090000 | Energy:     22.9621 | Acc:  6.81%
 Step:   5100000 | Energy:     23.5502 | Acc:  6.81%
 Step:   5110000 | Energy:     22.0524 | Acc:  6.81%
 Step:   5120000 | Energy:     20.2373 | Acc:  6.80%
 Step:   5130000 | Energy:     18.2273 | Acc:  6.80%
 Step:   5140000 | Energy:     21.1311 | Acc:  6.80%
 Step:   5150000 | Energy:     16.8299 | Acc:  6.80%
 Step:   5160000 | Energy:     15.1198 | Acc:  6.79%
 Step:   5170000 | Energy:     16.4444 | Acc:  6.79%
 Step:   5180000 | Energy:     16.0832 | Acc:  6.79%
 Step:   5190000 | Energy:     19.5348 | Acc:  6.78%
 Step:   5200000 | Energy:     14.8255 | Acc:  6.78%
 Step:   5210000 | Energy:     21.3253 | Acc:  6.78%
 Step:   5220000 | Energy:     19.8696 | Acc:  6.78%
 Step:   5230000 | Energy:     18.8817 | Acc:  6.78%
 Step:   5240000 | Energy:     18.9709 | Acc:  6.77%
 Step:   5250000 | Energy:     14.7869 | Acc:  6.77%
 Step:   5260000 | Energy:     20.7497 | Acc:  6.77%
 Step:   5270000 | Energy:     17.8795 | Acc:  6.77%
 Step:   5280000 | Energy:     21.9593 | Acc:  6.77%
 Step:   5290000 | Energy:     21.5152 | Acc:  6.76%
 Step:   5300000 | Energy:     24.5407 | Acc:  6.76%
 Step:   5310000 | Energy:     15.0656 | Acc:  6.76%
 Step:   5320000 | Energy:     20.7001 | Acc:  6.76%
 Step:   5330000 | Energy:     24.0705 | Acc:  6.76%
 Step:   5340000 | Energy:     19.1350 | Acc:  6.76%
 Step:   5350000 | Energy:     20.6957 | Acc:  6.75%
 Step:   5360000 | Energy:     14.7333 | Acc:  6.75%
 Step:   5370000 | Energy:     17.5111 | Acc:  6.75%
 Step:   5380000 | Energy:     15.1285 | Acc:  6.75%
 Step:   5390000 | Energy:     15.9418 | Acc:  6.74%
 Step:   5400000 | Energy:     20.8970 | Acc:  6.74%
 Step:   5410000 | Energy:     22.1823 | Acc:  6.74%
 Step:   5420000 | Energy:     18.6810 | Acc:  6.74%
 Step:   5430000 | Energy:     14.1262 | Acc:  6.74%
 Step:   5440000 | Energy:     17.1397 | Acc:  6.73%
 Step:   5450000 | Energy:     16.8260 | Acc:  6.73%
 Step:   5460000 | Energy:     18.9607 | Acc:  6.72%
 Step:   5470000 | Energy:     13.2689 | Acc:  6.72%
 Step:   5480000 | Energy:     12.8975 | Acc:  6.71%
 Step:   5490000 | Energy:     13.3116 | Acc:  6.71%
 Step:   5500000 | Energy:     13.7922 | Acc:  6.71%
 Step:   5510000 | Energy:     10.9651 | Acc:  6.70%
 Step:   5520000 | Energy:     14.7113 | Acc:  6.70%
 Step:   5530000 | Energy:     22.4824 | Acc:  6.70%
 Step:   5540000 | Energy:     19.8629 | Acc:  6.69%
 Step:   5550000 | Energy:     17.1279 | Acc:  6.69%
 Step:   5560000 | Energy:     20.2615 | Acc:  6.69%
 Step:   5570000 | Energy:     18.6787 | Acc:  6.69%
 Step:   5580000 | Energy:     16.8991 | Acc:  6.68%
 Step:   5590000 | Energy:     15.0882 | Acc:  6.68%
 Step:   5600000 | Energy:     19.4697 | Acc:  6.68%
 Step:   5610000 | Energy:     17.4849 | Acc:  6.68%
 Step:   5620000 | Energy:     13.9748 | Acc:  6.67%
 Step:   5630000 | Energy:     17.5751 | Acc:  6.67%
 Step:   5640000 | Energy:     17.6705 | Acc:  6.67%
 Step:   5650000 | Energy:     13.7425 | Acc:  6.67%
 Step:   5660000 | Energy:     16.7028 | Acc:  6.66%
 Step:   5670000 | Energy:     18.4623 | Acc:  6.66%
 Step:   5680000 | Energy:     13.1767 | Acc:  6.66%
 Step:   5690000 | Energy:     13.4649 | Acc:  6.66%
 Step:   5700000 | Energy:     14.6849 | Acc:  6.65%
 Step:   5710000 | Energy:     14.9331 | Acc:  6.65%
 Step:   5720000 | Energy:     17.6914 | Acc:  6.65%
 Step:   5730000 | Energy:     17.1030 | Acc:  6.64%
 Step:   5740000 | Energy:     14.1276 | Acc:  6.64%
 Step:   5750000 | Energy:     14.9699 | Acc:  6.64%
 Step:   5760000 | Energy:     17.9986 | Acc:  6.63%
 Step:   5770000 | Energy:     17.5312 | Acc:  6.63%
 Step:   5780000 | Energy:     17.8739 | Acc:  6.62%
 Step:   5790000 | Energy:     15.9618 | Acc:  6.62%
 Step:   5800000 | Energy:     16.8068 | Acc:  6.62%
 Step:   5810000 | Energy:     20.0323 | Acc:  6.61%
 Step:   5820000 | Energy:     12.8736 | Acc:  6.61%
 Step:   5830000 | Energy:     20.2414 | Acc:  6.61%
 Step:   5840000 | Energy:     23.7540 | Acc:  6.61%
 Step:   5850000 | Energy:     21.3768 | Acc:  6.60%
 Step:   5860000 | Energy:     19.7800 | Acc:  6.60%
 Step:   5870000 | Energy:     20.0284 | Acc:  6.60%
 Step:   5880000 | Energy:     22.2673 | Acc:  6.60%
 Step:   5890000 | Energy:     19.9233 | Acc:  6.59%
 Step:   5900000 | Energy:     17.4910 | Acc:  6.59%
 Step:   5910000 | Energy:     16.9688 | Acc:  6.59%
 Step:   5920000 | Energy:     19.1956 | Acc:  6.59%
 Step:   5930000 | Energy:     19.1760 | Acc:  6.58%
 Step:   5940000 | Energy:     19.9081 | Acc:  6.58%
 Step:   5950000 | Energy:     16.5325 | Acc:  6.58%
 Step:   5960000 | Energy:     16.9812 | Acc:  6.58%
 Step:   5970000 | Energy:     18.3157 | Acc:  6.58%
 Step:   5980000 | Energy:     17.2960 | Acc:  6.58%
 Step:   5990000 | Energy:     12.2973 | Acc:  6.57%
 Step:   6000000 | Energy:     22.0985 | Acc:  6.57%
 Step:   6010000 | Energy:     10.0853 | Acc:  6.57%
 Step:   6020000 | Energy:     17.6519 | Acc:  6.57%
 Step:   6030000 | Energy:     13.2518 | Acc:  6.57%
 Step:   6040000 | Energy:     12.8017 | Acc:  6.57%
 Step:   6050000 | Energy:     16.3181 | Acc:  6.56%
 Step:   6060000 | Energy:     16.1053 | Acc:  6.56%
 Step:   6070000 | Energy:     17.6165 | Acc:  6.56%
 Step:   6080000 | Energy:     13.1980 | Acc:  6.56%
 Step:   6090000 | Energy:     17.7288 | Acc:  6.56%
 Step:   6100000 | Energy:     17.0625 | Acc:  6.56%
 Step:   6110000 | Energy:     13.0056 | Acc:  6.56%
 Step:   6120000 | Energy:     17.6210 | Acc:  6.55%
 Step:   6130000 | Energy:     16.4044 | Acc:  6.55%
 Step:   6140000 | Energy:     15.4166 | Acc:  6.55%
 Step:   6150000 | Energy:     15.3593 | Acc:  6.55%
 Step:   6160000 | Energy:     17.0703 | Acc:  6.55%
 Step:   6170000 | Energy:     23.5408 | Acc:  6.54%
 Step:   6180000 | Energy:     18.2160 | Acc:  6.54%
 Step:   6190000 | Energy:     19.4632 | Acc:  6.54%
 Step:   6200000 | Energy:     18.1472 | Acc:  6.54%
 Step:   6210000 | Energy:     22.4729 | Acc:  6.53%
 Step:   6220000 | Energy:     18.2850 | Acc:  6.53%
 Step:   6230000 | Energy:     19.0091 | Acc:  6.53%
 Step:   6240000 | Energy:     20.5324 | Acc:  6.53%
 Step:   6250000 | Energy:     20.0606 | Acc:  6.53%
 Step:   6260000 | Energy:     22.9440 | Acc:  6.53%
 Step:   6270000 | Energy:     22.5276 | Acc:  6.53%
 Step:   6280000 | Energy:     19.3899 | Acc:  6.53%
 Step:   6290000 | Energy:     20.3496 | Acc:  6.53%
 Step:   6300000 | Energy:     22.4292 | Acc:  6.52%
 Step:   6310000 | Energy:     24.9175 | Acc:  6.52%
 Step:   6320000 | Energy:     19.6537 | Acc:  6.52%
 Step:   6330000 | Energy:     16.0239 | Acc:  6.52%
 Step:   6340000 | Energy:     22.6061 | Acc:  6.52%
 Step:   6350000 | Energy:     20.6998 | Acc:  6.52%
 Step:   6360000 | Energy:     20.9267 | Acc:  6.52%
 Step:   6370000 | Energy:     19.1714 | Acc:  6.52%
 Step:   6380000 | Energy:     16.4422 | Acc:  6.52%
 Step:   6390000 | Energy:     20.1891 | Acc:  6.52%
 Step:   6400000 | Energy:     24.9025 | Acc:  6.52%
 Step:   6410000 | Energy:     21.1596 | Acc:  6.52%
 Step:   6420000 | Energy:     17.8383 | Acc:  6.52%
 Step:   6430000 | Energy:     18.9516 | Acc:  6.51%
 Step:   6440000 | Energy:     22.4394 | Acc:  6.51%
 Step:   6450000 | Energy:     23.1205 | Acc:  6.51%
 Step:   6460000 | Energy:     11.9900 | Acc:  6.51%
 Step:   6470000 | Energy:     17.0546 | Acc:  6.51%
 Step:   6480000 | Energy:     15.0779 | Acc:  6.50%
 Step:   6490000 | Energy:     20.6288 | Acc:  6.50%
 Step:   6500000 | Energy:     19.5628 | Acc:  6.50%
 Step:   6510000 | Energy:     22.0576 | Acc:  6.50%
 Step:   6520000 | Energy:     27.8055 | Acc:  6.50%
 Step:   6530000 | Energy:     19.4464 | Acc:  6.49%
 Step:   6540000 | Energy:     16.0687 | Acc:  6.49%
 Step:   6550000 | Energy:     19.2677 | Acc:  6.49%
 Step:   6560000 | Energy:     16.1258 | Acc:  6.49%
 Step:   6570000 | Energy:     21.5600 | Acc:  6.49%
 Step:   6580000 | Energy:     19.5984 | Acc:  6.49%
 Step:   6590000 | Energy:     19.9971 | Acc:  6.49%
 Step:   6600000 | Energy:     17.6099 | Acc:  6.49%
 Step:   6610000 | Energy:     15.6433 | Acc:  6.49%
 Step:   6620000 | Energy:     17.1337 | Acc:  6.49%
 Step:   6630000 | Energy:     17.8192 | Acc:  6.49%
 Step:   6640000 | Energy:     19.4619 | Acc:  6.49%
 Step:   6650000 | Energy:     18.7630 | Acc:  6.49%
 Step:   6660000 | Energy:     17.3809 | Acc:  6.49%
 Step:   6670000 | Energy:     19.6852 | Acc:  6.49%
 Step:   6680000 | Energy:     18.8548 | Acc:  6.49%
 Step:   6690000 | Energy:     20.5997 | Acc:  6.49%
 Step:   6700000 | Energy:     24.3365 | Acc:  6.49%
 Step:   6710000 | Energy:     28.9349 | Acc:  6.49%
 Step:   6720000 | Energy:     21.4555 | Acc:  6.49%
 Step:   6730000 | Energy:     31.2636 | Acc:  6.49%
 Step:   6740000 | Energy:     27.5654 | Acc:  6.49%
 Step:   6750000 | Energy:     22.0577 | Acc:  6.48%
 Step:   6760000 | Energy:     19.8928 | Acc:  6.48%
 Step:   6770000 | Energy:     26.1759 | Acc:  6.48%
 Step:   6780000 | Energy:     24.8330 | Acc:  6.48%
 Step:   6790000 | Energy:     22.5420 | Acc:  6.48%
 Step:   6800000 | Energy:     18.1107 | Acc:  6.48%
 Step:   6810000 | Energy:     17.4649 | Acc:  6.48%
 Step:   6820000 | Energy:     19.6804 | Acc:  6.47%
 Step:   6830000 | Energy:     23.2985 | Acc:  6.47%
 Step:   6840000 | Energy:     23.9047 | Acc:  6.47%
 Step:   6850000 | Energy:     24.8722 | Acc:  6.47%
 Step:   6860000 | Energy:     24.7163 | Acc:  6.47%
 Step:   6870000 | Energy:     20.6973 | Acc:  6.47%
 Step:   6880000 | Energy:     21.8228 | Acc:  6.47%
 Step:   6890000 | Energy:     15.6495 | Acc:  6.47%
 Step:   6900000 | Energy:     20.9986 | Acc:  6.47%
 Step:   6910000 | Energy:     15.4677 | Acc:  6.46%
 Step:   6920000 | Energy:     13.3996 | Acc:  6.46%
 Step:   6930000 | Energy:     21.0229 | Acc:  6.46%
 Step:   6940000 | Energy:     24.1212 | Acc:  6.46%
 Step:   6950000 | Energy:     12.7985 | Acc:  6.46%
 Step:   6960000 | Energy:     15.8166 | Acc:  6.46%
 Step:   6970000 | Energy:     13.4713 | Acc:  6.45%
 Step:   6980000 | Energy:     15.5364 | Acc:  6.45%
 Step:   6990000 | Energy:     13.4015 | Acc:  6.45%
 Step:   7000000 | Energy:     18.0212 | Acc:  6.45%
 Step:   7010000 | Energy:     13.7993 | Acc:  6.45%
 Step:   7020000 | Energy:     18.8224 | Acc:  6.45%
 Step:   7030000 | Energy:     24.1692 | Acc:  6.45%
 Step:   7040000 | Energy:     21.6444 | Acc:  6.45%
 Step:   7050000 | Energy:     23.0640 | Acc:  6.44%
 Step:   7060000 | Energy:     31.3686 | Acc:  6.44%
 Step:   7070000 | Energy:     19.0099 | Acc:  6.44%
 Step:   7080000 | Energy:     20.9993 | Acc:  6.44%
 Step:   7090000 | Energy:     23.7769 | Acc:  6.44%
 Step:   7100000 | Energy:     23.3979 | Acc:  6.44%
 Step:   7110000 | Energy:     23.5985 | Acc:  6.44%
 Step:   7120000 | Energy:     19.5784 | Acc:  6.44%
 Step:   7130000 | Energy:     27.4868 | Acc:  6.43%
 Step:   7140000 | Energy:     24.1599 | Acc:  6.43%
 Step:   7150000 | Energy:     23.8482 | Acc:  6.43%
 Step:   7160000 | Energy:     26.3472 | Acc:  6.43%
 Step:   7170000 | Energy:     25.0494 | Acc:  6.43%
 Step:   7180000 | Energy:     25.9153 | Acc:  6.43%
 Step:   7190000 | Energy:     25.3891 | Acc:  6.43%
 Step:   7200000 | Energy:     19.4984 | Acc:  6.43%
 Step:   7210000 | Energy:     22.6779 | Acc:  6.43%
 Step:   7220000 | Energy:     18.5699 | Acc:  6.43%
 Step:   7230000 | Energy:     29.9233 | Acc:  6.43%
 Step:   7240000 | Energy:     19.3090 | Acc:  6.43%
 Step:   7250000 | Energy:     18.0532 | Acc:  6.42%
 Step:   7260000 | Energy:     25.0153 | Acc:  6.42%
 Step:   7270000 | Energy:     30.5367 | Acc:  6.42%
 Step:   7280000 | Energy:     29.8855 | Acc:  6.43%
 Step:   7290000 | Energy:     26.3258 | Acc:  6.43%
 Step:   7300000 | Energy:     21.0911 | Acc:  6.43%
 Step:   7310000 | Energy:     18.6125 | Acc:  6.43%
 Step:   7320000 | Energy:     28.7705 | Acc:  6.43%
 Step:   7330000 | Energy:     21.5887 | Acc:  6.43%
 Step:   7340000 | Energy:     21.6370 | Acc:  6.43%
 Step:   7350000 | Energy:     26.1265 | Acc:  6.43%
 Step:   7360000 | Energy:     23.0086 | Acc:  6.43%
 Step:   7370000 | Energy:     24.0423 | Acc:  6.43%
 Step:   7380000 | Energy:     20.6596 | Acc:  6.43%
 Step:   7390000 | Energy:     21.6334 | Acc:  6.43%
 Step:   7400000 | Energy:     18.9536 | Acc:  6.42%
 Step:   7410000 | Energy:     17.6332 | Acc:  6.42%
 Step:   7420000 | Energy:     16.0985 | Acc:  6.42%
 Step:   7430000 | Energy:     16.5057 | Acc:  6.42%
 Step:   7440000 | Energy:     15.0117 | Acc:  6.42%
 Step:   7450000 | Energy:     13.9937 | Acc:  6.42%
 Step:   7460000 | Energy:     16.0385 | Acc:  6.42%
 Step:   7470000 | Energy:     18.3310 | Acc:  6.41%
 Step:   7480000 | Energy:     14.5113 | Acc:  6.41%
 Step:   7490000 | Energy:     15.5996 | Acc:  6.41%
 Step:   7500000 | Energy:     14.0768 | Acc:  6.41%
 Step:   7510000 | Energy:     14.1122 | Acc:  6.41%
 Step:   7520000 | Energy:     10.0497 | Acc:  6.41%
 Step:   7530000 | Energy:     15.0698 | Acc:  6.40%
 Step:   7540000 | Energy:     10.2224 | Acc:  6.40%
 Step:   7550000 | Energy:     13.5520 | Acc:  6.40%
 Step:   7560000 | Energy:     12.6439 | Acc:  6.40%
 Step:   7570000 | Energy:      9.8748 | Acc:  6.40%
 Step:   7580000 | Energy:     13.3825 | Acc:  6.40%
 Step:   7590000 | Energy:     10.1353 | Acc:  6.40%
 Step:   7600000 | Energy:     10.8791 | Acc:  6.40%
 Step:   7610000 | Energy:     11.6476 | Acc:  6.39%
 Step:   7620000 | Energy:     16.2843 | Acc:  6.39%
 Step:   7630000 | Energy:     17.8704 | Acc:  6.39%
 Step:   7640000 | Energy:     15.3598 | Acc:  6.39%
 Step:   7650000 | Energy:     20.9609 | Acc:  6.39%
 Step:   7660000 | Energy:     22.4163 | Acc:  6.40%
 Step:   7670000 | Energy:     18.2788 | Acc:  6.40%
 Step:   7680000 | Energy:     24.4772 | Acc:  6.40%
 Step:   7690000 | Energy:     19.6609 | Acc:  6.40%
 Step:   7700000 | Energy:     18.3166 | Acc:  6.40%
 Step:   7710000 | Energy:     19.7174 | Acc:  6.40%
 Step:   7720000 | Energy:     18.0600 | Acc:  6.40%
 Step:   7730000 | Energy:     15.6658 | Acc:  6.40%
 Step:   7740000 | Energy:     18.9140 | Acc:  6.40%
 Step:   7750000 | Energy:     20.8406 | Acc:  6.40%
 Step:   7760000 | Energy:     19.4988 | Acc:  6.40%
 Step:   7770000 | Energy:     16.6139 | Acc:  6.40%
 Step:   7780000 | Energy:     19.6214 | Acc:  6.40%
 Step:   7790000 | Energy:     21.7986 | Acc:  6.40%
 Step:   7800000 | Energy:     18.1102 | Acc:  6.40%
 Step:   7810000 | Energy:     18.6454 | Acc:  6.40%
 Step:   7820000 | Energy:     19.0243 | Acc:  6.40%
 Step:   7830000 | Energy:     15.3699 | Acc:  6.40%
 Step:   7840000 | Energy:     15.7038 | Acc:  6.40%
 Step:   7850000 | Energy:     16.0819 | Acc:  6.40%
 Step:   7860000 | Energy:     14.8386 | Acc:  6.40%
 Step:   7870000 | Energy:     28.7555 | Acc:  6.40%
 Step:   7880000 | Energy:     15.6941 | Acc:  6.40%
 Step:   7890000 | Energy:     17.3976 | Acc:  6.40%
 Step:   7900000 | Energy:     19.0762 | Acc:  6.40%
 Step:   7910000 | Energy:     15.6544 | Acc:  6.39%
 Step:   7920000 | Energy:     22.4148 | Acc:  6.39%
 Step:   7930000 | Energy:     27.4203 | Acc:  6.39%
 Step:   7940000 | Energy:     25.8356 | Acc:  6.39%
 Step:   7950000 | Energy:     20.8586 | Acc:  6.39%
 Step:   7960000 | Energy:     18.7108 | Acc:  6.39%
 Step:   7970000 | Energy:     20.8124 | Acc:  6.39%
 Step:   7980000 | Energy:     16.5830 | Acc:  6.39%
 Step:   7990000 | Energy:     11.3591 | Acc:  6.39%
 Step:   8000000 | Energy:     11.6598 | Acc:  6.38%
 Step:   8010000 | Energy:     13.0138 | Acc:  6.38%
 Step:   8020000 | Energy:     13.7539 | Acc:  6.38%
 Step:   8030000 | Energy:     11.0137 | Acc:  6.38%
 Step:   8040000 | Energy:     11.4664 | Acc:  6.38%
 Step:   8050000 | Energy:     12.5260 | Acc:  6.38%
 Step:   8060000 | Energy:     17.3513 | Acc:  6.38%
 Step:   8070000 | Energy:     14.5988 | Acc:  6.38%
 Step:   8080000 | Energy:     13.1510 | Acc:  6.38%
 Step:   8090000 | Energy:     11.1063 | Acc:  6.38%
 Step:   8100000 | Energy:     12.1820 | Acc:  6.37%
 Step:   8110000 | Energy:     10.7771 | Acc:  6.37%
 Step:   8120000 | Energy:     13.5621 | Acc:  6.37%
 Step:   8130000 | Energy:     17.6504 | Acc:  6.37%
 Step:   8140000 | Energy:     18.3594 | Acc:  6.37%
 Step:   8150000 | Energy:     20.5472 | Acc:  6.37%
 Step:   8160000 | Energy:     18.3172 | Acc:  6.37%
 Step:   8170000 | Energy:     19.5135 | Acc:  6.37%
 Step:   8180000 | Energy:     13.8703 | Acc:  6.37%
 Step:   8190000 | Energy:     20.4050 | Acc:  6.36%
 Step:   8200000 | Energy:     19.1927 | Acc:  6.36%
 Step:   8210000 | Energy:     21.4544 | Acc:  6.36%
 Step:   8220000 | Energy:     23.6315 | Acc:  6.36%
 Step:   8230000 | Energy:     22.4353 | Acc:  6.36%
 Step:   8240000 | Energy:     27.5140 | Acc:  6.36%
 Step:   8250000 | Energy:     20.5312 | Acc:  6.36%
 Step:   8260000 | Energy:     18.7209 | Acc:  6.36%
 Step:   8270000 | Energy:     20.0411 | Acc:  6.36%
 Step:   8280000 | Energy:     17.3490 | Acc:  6.36%
 Step:   8290000 | Energy:     17.0076 | Acc:  6.36%
 Step:   8300000 | Energy:     19.6858 | Acc:  6.36%
 Step:   8310000 | Energy:     17.6992 | Acc:  6.36%
 Step:   8320000 | Energy:     18.7904 | Acc:  6.36%
 Step:   8330000 | Energy:     18.8039 | Acc:  6.35%
 Step:   8340000 | Energy:     23.2377 | Acc:  6.35%
 Step:   8350000 | Energy:     20.2419 | Acc:  6.35%
 Step:   8360000 | Energy:     22.6642 | Acc:  6.35%
 Step:   8370000 | Energy:     23.8513 | Acc:  6.35%
 Step:   8380000 | Energy:     15.5588 | Acc:  6.34%
 Step:   8390000 | Energy:     19.2054 | Acc:  6.34%
 Step:   8400000 | Energy:     19.2933 | Acc:  6.34%
 Step:   8410000 | Energy:     22.4447 | Acc:  6.34%
 Step:   8420000 | Energy:     24.9776 | Acc:  6.34%
 Step:   8430000 | Energy:     25.5571 | Acc:  6.34%
 Step:   8440000 | Energy:     22.0426 | Acc:  6.34%
 Step:   8450000 | Energy:     22.0887 | Acc:  6.34%
 Step:   8460000 | Energy:     14.3717 | Acc:  6.33%
 Step:   8470000 | Energy:     18.7718 | Acc:  6.33%
 Step:   8480000 | Energy:     21.7606 | Acc:  6.33%
 Step:   8490000 | Energy:     15.4664 | Acc:  6.33%
 Step:   8500000 | Energy:     12.7054 | Acc:  6.33%
 Step:   8510000 | Energy:     14.5321 | Acc:  6.33%
 Step:   8520000 | Energy:     15.4281 | Acc:  6.33%
 Step:   8530000 | Energy:     13.8376 | Acc:  6.32%
 Step:   8540000 | Energy:     16.3278 | Acc:  6.32%
 Step:   8550000 | Energy:     15.6947 | Acc:  6.32%
 Step:   8560000 | Energy:     18.1004 | Acc:  6.32%
 Step:   8570000 | Energy:     24.0723 | Acc:  6.32%
 Step:   8580000 | Energy:     20.8737 | Acc:  6.32%
 Step:   8590000 | Energy:     15.6313 | Acc:  6.32%
 Step:   8600000 | Energy:     22.8058 | Acc:  6.32%
 Step:   8610000 | Energy:     21.5327 | Acc:  6.32%
 Step:   8620000 | Energy:     21.4669 | Acc:  6.31%
 Step:   8630000 | Energy:     19.4166 | Acc:  6.31%
 Step:   8640000 | Energy:     17.1428 | Acc:  6.31%
 Step:   8650000 | Energy:     19.3803 | Acc:  6.31%
 Step:   8660000 | Energy:     19.6031 | Acc:  6.31%
 Step:   8670000 | Energy:     17.5937 | Acc:  6.31%
 Step:   8680000 | Energy:     20.5331 | Acc:  6.31%
 Step:   8690000 | Energy:     19.3488 | Acc:  6.31%
 Step:   8700000 | Energy:     20.9048 | Acc:  6.31%
 Step:   8710000 | Energy:     30.7541 | Acc:  6.31%
 Step:   8720000 | Energy:     22.0662 | Acc:  6.31%
 Step:   8730000 | Energy:     23.7421 | Acc:  6.31%
 Step:   8740000 | Energy:     21.9093 | Acc:  6.31%
 Step:   8750000 | Energy:     19.2674 | Acc:  6.31%
 Step:   8760000 | Energy:     19.5839 | Acc:  6.31%
 Step:   8770000 | Energy:     20.4191 | Acc:  6.30%
 Step:   8780000 | Energy:     22.2542 | Acc:  6.30%
 Step:   8790000 | Energy:     20.5111 | Acc:  6.30%
 Step:   8800000 | Energy:     19.7460 | Acc:  6.30%
 Step:   8810000 | Energy:     17.2863 | Acc:  6.30%
 Step:   8820000 | Energy:     19.1486 | Acc:  6.30%
 Step:   8830000 | Energy:     24.6074 | Acc:  6.30%
 Step:   8840000 | Energy:     21.4394 | Acc:  6.30%
 Step:   8850000 | Energy:     24.3086 | Acc:  6.30%
 Step:   8860000 | Energy:     16.6954 | Acc:  6.30%
 Step:   8870000 | Energy:     19.0976 | Acc:  6.30%
 Step:   8880000 | Energy:     16.4227 | Acc:  6.30%
 Step:   8890000 | Energy:     17.2238 | Acc:  6.30%
 Step:   8900000 | Energy:     18.2131 | Acc:  6.30%
 Step:   8910000 | Energy:     21.6700 | Acc:  6.30%
 Step:   8920000 | Energy:     14.9505 | Acc:  6.30%
 Step:   8930000 | Energy:     15.5738 | Acc:  6.30%
 Step:   8940000 | Energy:     15.8579 | Acc:  6.30%
 Step:   8950000 | Energy:     24.9066 | Acc:  6.30%
 Step:   8960000 | Energy:     18.7674 | Acc:  6.30%
 Step:   8970000 | Energy:     21.5310 | Acc:  6.30%
 Step:   8980000 | Energy:     20.1192 | Acc:  6.30%
 Step:   8990000 | Energy:     25.7973 | Acc:  6.30%
 Step:   9000000 | Energy:     29.5548 | Acc:  6.30%
 Step:   9010000 | Energy:     26.8198 | Acc:  6.30%
 Step:   9020000 | Energy:     26.5815 | Acc:  6.30%
 Step:   9030000 | Energy:     27.3319 | Acc:  6.30%
 Step:   9040000 | Energy:     22.7427 | Acc:  6.31%
 Step:   9050000 | Energy:     26.0895 | Acc:  6.31%
 Step:   9060000 | Energy:     23.3998 | Acc:  6.31%
 Step:   9070000 | Energy:     20.0487 | Acc:  6.31%
 Step:   9080000 | Energy:     24.6374 | Acc:  6.31%
 Step:   9090000 | Energy:     26.7774 | Acc:  6.31%
 Step:   9100000 | Energy:     26.4710 | Acc:  6.31%
 Step:   9110000 | Energy:     24.8454 | Acc:  6.31%
 Step:   9120000 | Energy:     23.4798 | Acc:  6.31%
 Step:   9130000 | Energy:     25.0203 | Acc:  6.31%
 Step:   9140000 | Energy:     20.6518 | Acc:  6.31%
 Step:   9150000 | Energy:     21.0055 | Acc:  6.31%
 Step:   9160000 | Energy:     24.7091 | Acc:  6.31%
 Step:   9170000 | Energy:     17.8373 | Acc:  6.32%
 Step:   9180000 | Energy:     25.9012 | Acc:  6.32%
 Step:   9190000 | Energy:     23.8475 | Acc:  6.32%
 Step:   9200000 | Energy:     25.8320 | Acc:  6.32%
 Step:   9210000 | Energy:     23.1999 | Acc:  6.32%
 Step:   9220000 | Energy:     19.5607 | Acc:  6.32%
 Step:   9230000 | Energy:     16.8275 | Acc:  6.32%
 Step:   9240000 | Energy:     21.1596 | Acc:  6.32%
 Step:   9250000 | Energy:     21.6817 | Acc:  6.32%
 Step:   9260000 | Energy:     15.1810 | Acc:  6.32%
 Step:   9270000 | Energy:     14.2435 | Acc:  6.32%
 Step:   9280000 | Energy:     19.0121 | Acc:  6.32%
 Step:   9290000 | Energy:     23.3454 | Acc:  6.33%
 Step:   9300000 | Energy:     21.0988 | Acc:  6.33%
 Step:   9310000 | Energy:     17.8937 | Acc:  6.33%
 Step:   9320000 | Energy:     14.0105 | Acc:  6.33%
 Step:   9330000 | Energy:     17.7295 | Acc:  6.33%
 Step:   9340000 | Energy:     16.0161 | Acc:  6.33%
 Step:   9350000 | Energy:     17.0494 | Acc:  6.34%
 Step:   9360000 | Energy:     17.2116 | Acc:  6.34%
 Step:   9370000 | Energy:     21.0820 | Acc:  6.34%
 Step:   9380000 | Energy:     13.2455 | Acc:  6.34%
 Step:   9390000 | Energy:     16.0584 | Acc:  6.34%
 Step:   9400000 | Energy:     24.4341 | Acc:  6.34%
 Step:   9410000 | Energy:     17.4028 | Acc:  6.34%
 Step:   9420000 | Energy:     21.6696 | Acc:  6.34%
 Step:   9430000 | Energy:     16.7943 | Acc:  6.34%
 Step:   9440000 | Energy:     17.4313 | Acc:  6.35%
 Step:   9450000 | Energy:     15.3413 | Acc:  6.35%
 Step:   9460000 | Energy:     14.9259 | Acc:  6.35%
 Step:   9470000 | Energy:     10.8783 | Acc:  6.35%
 Step:   9480000 | Energy:     17.4347 | Acc:  6.35%
 Step:   9490000 | Energy:     16.7199 | Acc:  6.35%
 Step:   9500000 | Energy:     19.5329 | Acc:  6.36%
 Step:   9510000 | Energy:     21.9020 | Acc:  6.36%
 Step:   9520000 | Energy:      9.8723 | Acc:  6.36%
 Step:   9530000 | Energy:     12.7919 | Acc:  6.36%
 Step:   9540000 | Energy:     12.3384 | Acc:  6.36%
 Step:   9550000 | Energy:     21.9243 | Acc:  6.36%
 Step:   9560000 | Energy:     21.4238 | Acc:  6.36%
 Step:   9570000 | Energy:     20.7832 | Acc:  6.36%
 Step:   9580000 | Energy:     10.4037 | Acc:  6.36%
 Step:   9590000 | Energy:     11.7797 | Acc:  6.36%
 Step:   9600000 | Energy:     12.3096 | Acc:  6.37%
 Step:   9610000 | Energy:     18.5186 | Acc:  6.37%
 Step:   9620000 | Energy:     14.3082 | Acc:  6.37%
 Step:   9630000 | Energy:     20.4958 | Acc:  6.37%
 Step:   9640000 | Energy:     13.2776 | Acc:  6.37%
 Step:   9650000 | Energy:     17.6739 | Acc:  6.37%
 Step:   9660000 | Energy:     21.5978 | Acc:  6.37%
 Step:   9670000 | Energy:     15.3017 | Acc:  6.37%
 Step:   9680000 | Energy:      9.3746 | Acc:  6.37%
 Step:   9690000 | Energy:     11.0530 | Acc:  6.37%
 Step:   9700000 | Energy:     14.6101 | Acc:  6.38%
 Step:   9710000 | Energy:     11.8266 | Acc:  6.38%
 Step:   9720000 | Energy:     17.8995 | Acc:  6.38%
 Step:   9730000 | Energy:     15.6354 | Acc:  6.38%
 Step:   9740000 | Energy:     14.6576 | Acc:  6.38%
 Step:   9750000 | Energy:     19.8206 | Acc:  6.38%
 Step:   9760000 | Energy:     25.9980 | Acc:  6.38%
 Step:   9770000 | Energy:     19.3105 | Acc:  6.39%
 Step:   9780000 | Energy:     22.7487 | Acc:  6.39%
 Step:   9790000 | Energy:     22.3931 | Acc:  6.39%
 Step:   9800000 | Energy:     19.1885 | Acc:  6.39%
 Step:   9810000 | Energy:     15.3793 | Acc:  6.39%
 Step:   9820000 | Energy:     12.5873 | Acc:  6.39%
 Step:   9830000 | Energy:     12.0589 | Acc:  6.39%
 Step:   9840000 | Energy:     10.2989 | Acc:  6.39%
 Step:   9850000 | Energy:     13.3956 | Acc:  6.39%
 Step:   9860000 | Energy:     13.5058 | Acc:  6.39%
 Step:   9870000 | Energy:     13.0541 | Acc:  6.39%
 Step:   9880000 | Energy:     18.9825 | Acc:  6.40%
 Step:   9890000 | Energy:     14.8184 | Acc:  6.40%
 Step:   9900000 | Energy:     17.6906 | Acc:  6.40%
 Step:   9910000 | Energy:     18.1978 | Acc:  6.40%
 Step:   9920000 | Energy:     23.0685 | Acc:  6.40%
 Step:   9930000 | Energy:     26.8376 | Acc:  6.40%
 Step:   9940000 | Energy:     17.1009 | Acc:  6.40%
 Step:   9950000 | Energy:     20.9454 | Acc:  6.40%
 Step:   9960000 | Energy:     17.2018 | Acc:  6.40%
 Step:   9970000 | Energy:     16.4912 | Acc:  6.40%
 Step:   9980000 | Energy:     20.1880 | Acc:  6.40%
 Step:   9990000 | Energy:     28.6291 | Acc:  6.40%
 Step:  10000000 | Energy:     19.3863 | Acc:  6.40%
 ------------------------------------------------------------
 [MC Simulation] WALL TIME:    2650.6900 s
 [MC Simulation] Finished Successfully
Running serial: nc=100, conf=5, steps=10000000
 [MC Simulation] Initialization Complete
 [MC Simulation] Carbons: 100
 [MC Simulation] Total Steps: 10000000
 [MC Simulation] T_ini (K):   300.0000  T_fin (K):   300.0000
 [MC Simulation] Cooling factor per step:   0.0000E+00
 ------------------------------------------------------------
 Step:         1 | Energy:     -1.9478 | Acc:  0.00%
 Step:     10000 | Energy:     37.7140 | Acc: 24.28%
 Step:     20000 | Energy:     37.6416 | Acc: 19.46%
 Step:     30000 | Energy:     32.5069 | Acc: 17.15%
 Step:     40000 | Energy:     38.5444 | Acc: 16.77%
 Step:     50000 | Energy:     31.6606 | Acc: 15.72%
 Step:     60000 | Energy:     27.2118 | Acc: 14.59%
 Step:     70000 | Energy:     27.6132 | Acc: 13.49%
 Step:     80000 | Energy:     31.7873 | Acc: 12.72%
 Step:     90000 | Energy:     30.9272 | Acc: 12.27%
 Step:    100000 | Energy:     37.7286 | Acc: 11.95%
 Step:    110000 | Energy:     35.2284 | Acc: 11.77%
 Step:    120000 | Energy:     36.4594 | Acc: 11.57%
 Step:    130000 | Energy:     29.6984 | Acc: 11.34%
 Step:    140000 | Energy:     25.9900 | Acc: 11.11%
 Step:    150000 | Energy:     26.6018 | Acc: 11.00%
 Step:    160000 | Energy:     33.3804 | Acc: 10.76%
 Step:    170000 | Energy:     32.3591 | Acc: 10.59%
 Step:    180000 | Energy:     32.4580 | Acc: 10.50%
 Step:    190000 | Energy:     30.0041 | Acc: 10.42%
 Step:    200000 | Energy:     28.6894 | Acc: 10.35%
 Step:    210000 | Energy:     20.3630 | Acc: 10.19%
 Step:    220000 | Energy:     28.2015 | Acc: 10.05%
 Step:    230000 | Energy:     24.8749 | Acc:  9.93%
 Step:    240000 | Energy:     20.4482 | Acc:  9.84%
 Step:    250000 | Energy:     22.0017 | Acc:  9.75%
 Step:    260000 | Energy:     20.4816 | Acc:  9.65%
 Step:    270000 | Energy:     19.7974 | Acc:  9.55%
 Step:    280000 | Energy:     22.9532 | Acc:  9.45%
 Step:    290000 | Energy:     18.2858 | Acc:  9.36%
 Step:    300000 | Energy:     17.4377 | Acc:  9.28%
 Step:    310000 | Energy:     16.3662 | Acc:  9.20%
 Step:    320000 | Energy:     20.9851 | Acc:  9.12%
 Step:    330000 | Energy:     17.3521 | Acc:  9.06%
 Step:    340000 | Energy:     23.5972 | Acc:  9.00%
 Step:    350000 | Energy:     14.2650 | Acc:  8.93%
 Step:    360000 | Energy:     16.7080 | Acc:  8.86%
 Step:    370000 | Energy:     22.2345 | Acc:  8.82%
 Step:    380000 | Energy:     22.6285 | Acc:  8.77%
 Step:    390000 | Energy:     20.1306 | Acc:  8.72%
 Step:    400000 | Energy:     19.0632 | Acc:  8.65%
 Step:    410000 | Energy:     17.2067 | Acc:  8.60%
 Step:    420000 | Energy:     22.5089 | Acc:  8.59%
 Step:    430000 | Energy:     25.8689 | Acc:  8.55%
 Step:    440000 | Energy:     20.1487 | Acc:  8.50%
 Step:    450000 | Energy:     22.1314 | Acc:  8.45%
 Step:    460000 | Energy:     21.8283 | Acc:  8.42%
 Step:    470000 | Energy:     20.2036 | Acc:  8.37%
 Step:    480000 | Energy:     24.2006 | Acc:  8.32%
 Step:    490000 | Energy:     24.9690 | Acc:  8.29%
 Step:    500000 | Energy:     23.0787 | Acc:  8.25%
 Step:    510000 | Energy:     17.6592 | Acc:  8.22%
 Step:    520000 | Energy:     14.0651 | Acc:  8.20%
 Step:    530000 | Energy:     11.5146 | Acc:  8.17%
 Step:    540000 | Energy:      8.7814 | Acc:  8.14%
 Step:    550000 | Energy:     18.3039 | Acc:  8.11%
 Step:    560000 | Energy:     18.9574 | Acc:  8.09%
 Step:    570000 | Energy:     15.7052 | Acc:  8.08%
 Step:    580000 | Energy:     15.1551 | Acc:  8.05%
 Step:    590000 | Energy:     18.6027 | Acc:  8.03%
 Step:    600000 | Energy:     21.0477 | Acc:  8.01%
 Step:    610000 | Energy:     14.6486 | Acc:  8.01%
 Step:    620000 | Energy:     29.8375 | Acc:  8.00%
 Step:    630000 | Energy:     27.9420 | Acc:  7.99%
 Step:    640000 | Energy:     22.8972 | Acc:  8.00%
 Step:    650000 | Energy:     21.8843 | Acc:  7.99%
 Step:    660000 | Energy:     15.5584 | Acc:  7.97%
 Step:    670000 | Energy:     17.6461 | Acc:  7.97%
 Step:    680000 | Energy:     18.9418 | Acc:  7.97%
 Step:    690000 | Energy:     16.1343 | Acc:  7.94%
 Step:    700000 | Energy:     23.4295 | Acc:  7.94%
 Step:    710000 | Energy:     18.9106 | Acc:  7.92%
 Step:    720000 | Energy:     29.8452 | Acc:  7.91%
 Step:    730000 | Energy:     21.8256 | Acc:  7.93%
 Step:    740000 | Energy:     23.5914 | Acc:  7.92%
 Step:    750000 | Energy:     29.0286 | Acc:  7.93%
 Step:    760000 | Energy:     27.3549 | Acc:  7.93%
 Step:    770000 | Energy:     26.2462 | Acc:  7.96%
 Step:    780000 | Energy:     18.0723 | Acc:  7.93%
 Step:    790000 | Energy:     21.6092 | Acc:  7.90%
 Step:    800000 | Energy:     21.7228 | Acc:  7.88%
 Step:    810000 | Energy:     18.2439 | Acc:  7.85%
 Step:    820000 | Energy:     21.1543 | Acc:  7.83%
 Step:    830000 | Energy:     22.9151 | Acc:  7.80%
 Step:    840000 | Energy:     23.4288 | Acc:  7.79%
 Step:    850000 | Energy:     19.0202 | Acc:  7.77%
 Step:    860000 | Energy:     18.6811 | Acc:  7.75%
 Step:    870000 | Energy:     25.3976 | Acc:  7.72%
 Step:    880000 | Energy:     18.2494 | Acc:  7.71%
 Step:    890000 | Energy:     23.7858 | Acc:  7.69%
 Step:    900000 | Energy:     20.9611 | Acc:  7.67%
 Step:    910000 | Energy:     29.5267 | Acc:  7.66%
 Step:    920000 | Energy:     23.0913 | Acc:  7.64%
 Step:    930000 | Energy:     16.7987 | Acc:  7.63%
 Step:    940000 | Energy:     18.9837 | Acc:  7.62%
 Step:    950000 | Energy:     18.2984 | Acc:  7.60%
 Step:    960000 | Energy:     19.0008 | Acc:  7.58%
 Step:    970000 | Energy:     23.1428 | Acc:  7.56%
 Step:    980000 | Energy:     21.4386 | Acc:  7.54%
 Step:    990000 | Energy:     21.4298 | Acc:  7.53%
 Step:   1000000 | Energy:     26.4395 | Acc:  7.52%
 Step:   1010000 | Energy:     19.1845 | Acc:  7.50%
 Step:   1020000 | Energy:     21.8391 | Acc:  7.48%
 Step:   1030000 | Energy:     23.2396 | Acc:  7.46%
 Step:   1040000 | Energy:     21.1112 | Acc:  7.45%
 Step:   1050000 | Energy:     19.9751 | Acc:  7.44%
 Step:   1060000 | Energy:     22.0951 | Acc:  7.42%
 Step:   1070000 | Energy:     24.5010 | Acc:  7.40%
 Step:   1080000 | Energy:     24.6068 | Acc:  7.40%
 Step:   1090000 | Energy:     28.2409 | Acc:  7.38%
 Step:   1100000 | Energy:     26.0337 | Acc:  7.37%
 Step:   1110000 | Energy:     22.1108 | Acc:  7.36%
 Step:   1120000 | Energy:     17.6030 | Acc:  7.36%
 Step:   1130000 | Energy:     16.6852 | Acc:  7.35%
 Step:   1140000 | Energy:     17.8040 | Acc:  7.34%
 Step:   1150000 | Energy:     19.1241 | Acc:  7.33%
 Step:   1160000 | Energy:     16.4746 | Acc:  7.32%
 Step:   1170000 | Energy:     13.4089 | Acc:  7.31%
 Step:   1180000 | Energy:     14.0642 | Acc:  7.30%
 Step:   1190000 | Energy:     15.5684 | Acc:  7.29%
 Step:   1200000 | Energy:     15.6035 | Acc:  7.29%
 Step:   1210000 | Energy:     22.6255 | Acc:  7.29%
 Step:   1220000 | Energy:     23.0726 | Acc:  7.28%
 Step:   1230000 | Energy:     17.5228 | Acc:  7.28%
 Step:   1240000 | Energy:     20.5156 | Acc:  7.27%
 Step:   1250000 | Energy:     28.3448 | Acc:  7.28%
 Step:   1260000 | Energy:     16.6789 | Acc:  7.28%
 Step:   1270000 | Energy:     23.4885 | Acc:  7.27%
 Step:   1280000 | Energy:     24.6863 | Acc:  7.28%
 Step:   1290000 | Energy:     16.2202 | Acc:  7.28%
 Step:   1300000 | Energy:     18.9600 | Acc:  7.27%
 Step:   1310000 | Energy:     19.1964 | Acc:  7.26%
 Step:   1320000 | Energy:     17.6242 | Acc:  7.25%
 Step:   1330000 | Energy:     21.8951 | Acc:  7.25%
 Step:   1340000 | Energy:     15.8014 | Acc:  7.25%
 Step:   1350000 | Energy:     20.0821 | Acc:  7.24%
 Step:   1360000 | Energy:     17.5323 | Acc:  7.23%
 Step:   1370000 | Energy:     15.2661 | Acc:  7.22%
 Step:   1380000 | Energy:     16.5073 | Acc:  7.22%
 Step:   1390000 | Energy:     13.4683 | Acc:  7.22%
 Step:   1400000 | Energy:     16.0704 | Acc:  7.22%
 Step:   1410000 | Energy:     14.6806 | Acc:  7.21%
 Step:   1420000 | Energy:     16.8872 | Acc:  7.20%
 Step:   1430000 | Energy:     14.5276 | Acc:  7.20%
 Step:   1440000 | Energy:     12.8018 | Acc:  7.19%
 Step:   1450000 | Energy:     11.2250 | Acc:  7.19%
 Step:   1460000 | Energy:     14.3240 | Acc:  7.18%
 Step:   1470000 | Energy:     15.4610 | Acc:  7.18%
 Step:   1480000 | Energy:     16.1330 | Acc:  7.18%
 Step:   1490000 | Energy:     16.6501 | Acc:  7.18%
 Step:   1500000 | Energy:      9.5009 | Acc:  7.18%
 Step:   1510000 | Energy:     10.2836 | Acc:  7.17%
 Step:   1520000 | Energy:     13.7070 | Acc:  7.17%
 Step:   1530000 | Energy:     26.8305 | Acc:  7.18%
 Step:   1540000 | Energy:     26.6545 | Acc:  7.18%
 Step:   1550000 | Energy:     19.6710 | Acc:  7.18%
 Step:   1560000 | Energy:     18.2208 | Acc:  7.18%
 Step:   1570000 | Energy:     25.6351 | Acc:  7.17%
 Step:   1580000 | Energy:     19.4916 | Acc:  7.17%
 Step:   1590000 | Energy:     21.3977 | Acc:  7.16%
 Step:   1600000 | Energy:     16.7837 | Acc:  7.16%
 Step:   1610000 | Energy:     20.5351 | Acc:  7.16%
 Step:   1620000 | Energy:     16.8353 | Acc:  7.15%
 Step:   1630000 | Energy:     15.1950 | Acc:  7.15%
 Step:   1640000 | Energy:     17.7554 | Acc:  7.14%
 Step:   1650000 | Energy:     18.5763 | Acc:  7.13%
 Step:   1660000 | Energy:     17.0394 | Acc:  7.12%
 Step:   1670000 | Energy:     23.7116 | Acc:  7.11%
 Step:   1680000 | Energy:     23.8812 | Acc:  7.10%
 Step:   1690000 | Energy:     21.3685 | Acc:  7.10%
 Step:   1700000 | Energy:     25.9381 | Acc:  7.09%
 Step:   1710000 | Energy:     21.3779 | Acc:  7.09%
 Step:   1720000 | Energy:     22.2794 | Acc:  7.08%
 Step:   1730000 | Energy:     24.7942 | Acc:  7.08%
 Step:   1740000 | Energy:     26.8647 | Acc:  7.08%
 Step:   1750000 | Energy:     21.2103 | Acc:  7.09%
 Step:   1760000 | Energy:     18.7600 | Acc:  7.09%
 Step:   1770000 | Energy:     20.2920 | Acc:  7.08%
 Step:   1780000 | Energy:     18.0696 | Acc:  7.08%
 Step:   1790000 | Energy:     25.0103 | Acc:  7.08%
 Step:   1800000 | Energy:     10.8677 | Acc:  7.08%
 Step:   1810000 | Energy:     11.3655 | Acc:  7.08%
 Step:   1820000 | Energy:     14.6511 | Acc:  7.07%
 Step:   1830000 | Energy:     13.0071 | Acc:  7.07%
 Step:   1840000 | Energy:     14.7308 | Acc:  7.06%
 Step:   1850000 | Energy:     11.8413 | Acc:  7.05%
 Step:   1860000 | Energy:      8.3559 | Acc:  7.04%
 Step:   1870000 | Energy:      9.6510 | Acc:  7.04%
 Step:   1880000 | Energy:     10.2415 | Acc:  7.03%
 Step:   1890000 | Energy:      7.6990 | Acc:  7.03%
 Step:   1900000 | Energy:     11.8968 | Acc:  7.03%
 Step:   1910000 | Energy:     11.0106 | Acc:  7.03%
 Step:   1920000 | Energy:     12.1970 | Acc:  7.02%
 Step:   1930000 | Energy:     14.2337 | Acc:  7.03%
 Step:   1940000 | Energy:     16.4143 | Acc:  7.03%
 Step:   1950000 | Energy:     10.2320 | Acc:  7.03%
 Step:   1960000 | Energy:     17.0337 | Acc:  7.02%
 Step:   1970000 | Energy:     17.8674 | Acc:  7.01%
 Step:   1980000 | Energy:     17.9382 | Acc:  7.01%
 Step:   1990000 | Energy:     15.7109 | Acc:  7.00%
 Step:   2000000 | Energy:     13.2653 | Acc:  7.00%
 Step:   2010000 | Energy:     16.2552 | Acc:  7.00%
 Step:   2020000 | Energy:     13.0456 | Acc:  7.00%
 Step:   2030000 | Energy:     13.6108 | Acc:  6.99%
 Step:   2040000 | Energy:     13.8675 | Acc:  6.99%
 Step:   2050000 | Energy:     16.7651 | Acc:  6.98%
 Step:   2060000 | Energy:     15.6078 | Acc:  6.98%
 Step:   2070000 | Energy:     14.3584 | Acc:  6.98%
 Step:   2080000 | Energy:     17.3744 | Acc:  6.98%
 Step:   2090000 | Energy:     12.6335 | Acc:  6.97%
 Step:   2100000 | Energy:      7.9432 | Acc:  6.97%
 Step:   2110000 | Energy:     12.2946 | Acc:  6.97%
 Step:   2120000 | Energy:     19.7604 | Acc:  6.96%
 Step:   2130000 | Energy:     21.0532 | Acc:  6.97%
 Step:   2140000 | Energy:     17.5418 | Acc:  6.97%
 Step:   2150000 | Energy:     15.5758 | Acc:  6.98%
 Step:   2160000 | Energy:     17.8525 | Acc:  6.98%
 Step:   2170000 | Energy:     15.1528 | Acc:  6.98%
 Step:   2180000 | Energy:     21.2283 | Acc:  6.98%
 Step:   2190000 | Energy:     23.8855 | Acc:  6.98%
 Step:   2200000 | Energy:     18.4938 | Acc:  6.98%
 Step:   2210000 | Energy:     19.3805 | Acc:  6.98%
 Step:   2220000 | Energy:     15.2213 | Acc:  6.98%
 Step:   2230000 | Energy:     13.4607 | Acc:  6.98%
 Step:   2240000 | Energy:     14.1451 | Acc:  6.98%
 Step:   2250000 | Energy:     14.7583 | Acc:  6.98%
 Step:   2260000 | Energy:     20.1909 | Acc:  6.98%
 Step:   2270000 | Energy:     16.6965 | Acc:  6.98%
 Step:   2280000 | Energy:     17.1174 | Acc:  6.97%
 Step:   2290000 | Energy:     10.8955 | Acc:  6.97%
 Step:   2300000 | Energy:      9.9606 | Acc:  6.97%
 Step:   2310000 | Energy:     14.9103 | Acc:  6.97%
 Step:   2320000 | Energy:     19.3239 | Acc:  6.97%
 Step:   2330000 | Energy:     19.5015 | Acc:  6.97%
 Step:   2340000 | Energy:     17.3587 | Acc:  6.97%
 Step:   2350000 | Energy:     17.3693 | Acc:  6.97%
 Step:   2360000 | Energy:      8.8623 | Acc:  6.97%
 Step:   2370000 | Energy:     16.1746 | Acc:  6.97%
 Step:   2380000 | Energy:     18.5487 | Acc:  6.97%
 Step:   2390000 | Energy:     22.6286 | Acc:  6.96%
 Step:   2400000 | Energy:     13.1591 | Acc:  6.96%
 Step:   2410000 | Energy:     10.9908 | Acc:  6.96%
 Step:   2420000 | Energy:      8.1850 | Acc:  6.96%
 Step:   2430000 | Energy:     11.8245 | Acc:  6.96%
 Step:   2440000 | Energy:      9.8459 | Acc:  6.96%
 Step:   2450000 | Energy:     13.8919 | Acc:  6.95%
 Step:   2460000 | Energy:     15.7443 | Acc:  6.95%
 Step:   2470000 | Energy:     13.0160 | Acc:  6.95%
 Step:   2480000 | Energy:     12.9525 | Acc:  6.95%
 Step:   2490000 | Energy:     13.9287 | Acc:  6.95%
 Step:   2500000 | Energy:     16.0641 | Acc:  6.95%
 Step:   2510000 | Energy:     19.9868 | Acc:  6.95%
 Step:   2520000 | Energy:     11.6559 | Acc:  6.95%
 Step:   2530000 | Energy:     12.9539 | Acc:  6.94%
 Step:   2540000 | Energy:     13.7152 | Acc:  6.94%
 Step:   2550000 | Energy:     14.2839 | Acc:  6.94%
 Step:   2560000 | Energy:     13.3214 | Acc:  6.94%
 Step:   2570000 | Energy:      9.3960 | Acc:  6.94%
 Step:   2580000 | Energy:     11.5448 | Acc:  6.94%
 Step:   2590000 | Energy:     18.3832 | Acc:  6.93%
 Step:   2600000 | Energy:     17.0228 | Acc:  6.94%
 Step:   2610000 | Energy:     15.1198 | Acc:  6.93%
 Step:   2620000 | Energy:     15.7958 | Acc:  6.93%
 Step:   2630000 | Energy:     22.4534 | Acc:  6.93%
 Step:   2640000 | Energy:     21.4056 | Acc:  6.94%
 Step:   2650000 | Energy:     15.6757 | Acc:  6.94%
 Step:   2660000 | Energy:     15.8338 | Acc:  6.94%
 Step:   2670000 | Energy:     17.1396 | Acc:  6.95%
 Step:   2680000 | Energy:     14.4036 | Acc:  6.94%
 Step:   2690000 | Energy:     14.2077 | Acc:  6.94%
 Step:   2700000 | Energy:     11.7101 | Acc:  6.94%
 Step:   2710000 | Energy:     13.5283 | Acc:  6.94%
 Step:   2720000 | Energy:     11.9494 | Acc:  6.94%
 Step:   2730000 | Energy:     15.4647 | Acc:  6.94%
 Step:   2740000 | Energy:     22.2098 | Acc:  6.94%
 Step:   2750000 | Energy:      6.4632 | Acc:  6.94%
 Step:   2760000 | Energy:      5.3712 | Acc:  6.94%
 Step:   2770000 | Energy:     11.5509 | Acc:  6.93%
 Step:   2780000 | Energy:     11.0542 | Acc:  6.93%
 Step:   2790000 | Energy:     12.4587 | Acc:  6.93%
 Step:   2800000 | Energy:      7.3175 | Acc:  6.93%
 Step:   2810000 | Energy:      5.7408 | Acc:  6.93%
 Step:   2820000 | Energy:     12.7212 | Acc:  6.93%
 Step:   2830000 | Energy:     14.0143 | Acc:  6.92%
 Step:   2840000 | Energy:     11.2873 | Acc:  6.93%
 Step:   2850000 | Energy:     12.7276 | Acc:  6.93%
 Step:   2860000 | Energy:     10.6497 | Acc:  6.93%
 Step:   2870000 | Energy:     17.3445 | Acc:  6.92%
 Step:   2880000 | Energy:     20.7224 | Acc:  6.93%
 Step:   2890000 | Energy:     23.4474 | Acc:  6.93%
 Step:   2900000 | Energy:     20.2397 | Acc:  6.94%
 Step:   2910000 | Energy:     26.7864 | Acc:  6.95%
 Step:   2920000 | Energy:     25.8440 | Acc:  6.97%
 Step:   2930000 | Energy:     16.5866 | Acc:  6.97%
 Step:   2940000 | Energy:     12.8420 | Acc:  6.98%
 Step:   2950000 | Energy:     13.2099 | Acc:  6.98%
 Step:   2960000 | Energy:     14.0945 | Acc:  6.98%
 Step:   2970000 | Energy:     15.6746 | Acc:  6.99%
 Step:   2980000 | Energy:     11.4068 | Acc:  6.99%
 Step:   2990000 | Energy:     18.0777 | Acc:  6.98%
 Step:   3000000 | Energy:     17.6390 | Acc:  6.98%
 Step:   3010000 | Energy:     29.4168 | Acc:  6.99%
 Step:   3020000 | Energy:     10.8283 | Acc:  6.99%
 Step:   3030000 | Energy:     14.3347 | Acc:  6.99%
 Step:   3040000 | Energy:     15.3271 | Acc:  6.99%
 Step:   3050000 | Energy:      9.9674 | Acc:  6.99%
 Step:   3060000 | Energy:      9.5646 | Acc:  6.99%
 Step:   3070000 | Energy:      4.9699 | Acc:  6.99%
 Step:   3080000 | Energy:      2.7024 | Acc:  6.99%
 Step:   3090000 | Energy:     12.8833 | Acc:  6.99%
 Step:   3100000 | Energy:     14.6027 | Acc:  6.99%
 Step:   3110000 | Energy:     11.9347 | Acc:  6.99%
 Step:   3120000 | Energy:     22.0773 | Acc:  6.99%
 Step:   3130000 | Energy:     11.3279 | Acc:  6.99%
 Step:   3140000 | Energy:     21.0267 | Acc:  6.99%
 Step:   3150000 | Energy:     14.2290 | Acc:  6.99%
 Step:   3160000 | Energy:     24.1507 | Acc:  7.00%
 Step:   3170000 | Energy:     21.9020 | Acc:  7.00%
 Step:   3180000 | Energy:     17.4777 | Acc:  7.00%
 Step:   3190000 | Energy:     21.8282 | Acc:  7.00%
 Step:   3200000 | Energy:     14.8420 | Acc:  7.00%
 Step:   3210000 | Energy:     21.0505 | Acc:  7.00%
 Step:   3220000 | Energy:     26.2229 | Acc:  7.00%
 Step:   3230000 | Energy:     25.5805 | Acc:  7.00%
 Step:   3240000 | Energy:     32.3536 | Acc:  7.00%
 Step:   3250000 | Energy:     23.3269 | Acc:  7.01%
 Step:   3260000 | Energy:     14.3268 | Acc:  7.01%
 Step:   3270000 | Energy:     12.0613 | Acc:  7.01%
 Step:   3280000 | Energy:     11.9569 | Acc:  7.01%
 Step:   3290000 | Energy:     17.0671 | Acc:  7.01%
 Step:   3300000 | Energy:     19.6363 | Acc:  7.01%
 Step:   3310000 | Energy:     15.6786 | Acc:  7.01%
 Step:   3320000 | Energy:     28.9031 | Acc:  7.01%
 Step:   3330000 | Energy:     21.6815 | Acc:  7.01%
 Step:   3340000 | Energy:     21.0810 | Acc:  7.02%
 Step:   3350000 | Energy:     16.7277 | Acc:  7.02%
 Step:   3360000 | Energy:     16.2493 | Acc:  7.01%
 Step:   3370000 | Energy:     16.1225 | Acc:  7.01%
 Step:   3380000 | Energy:     10.5795 | Acc:  7.01%
 Step:   3390000 | Energy:     14.8225 | Acc:  7.01%
 Step:   3400000 | Energy:     18.9526 | Acc:  7.01%
 Step:   3410000 | Energy:     21.6128 | Acc:  7.01%
 Step:   3420000 | Energy:     19.0269 | Acc:  7.01%
 Step:   3430000 | Energy:     20.3375 | Acc:  7.01%
 Step:   3440000 | Energy:     15.4296 | Acc:  7.02%
 Step:   3450000 | Energy:     15.1647 | Acc:  7.02%
 Step:   3460000 | Energy:     20.4916 | Acc:  7.02%
 Step:   3470000 | Energy:     19.8905 | Acc:  7.03%
 Step:   3480000 | Energy:     20.1352 | Acc:  7.03%
 Step:   3490000 | Energy:     17.7615 | Acc:  7.04%
 Step:   3500000 | Energy:     25.8019 | Acc:  7.04%
 Step:   3510000 | Energy:     23.1760 | Acc:  7.04%
 Step:   3520000 | Energy:     21.8511 | Acc:  7.04%
 Step:   3530000 | Energy:     22.8254 | Acc:  7.04%
 Step:   3540000 | Energy:     21.0853 | Acc:  7.04%
 Step:   3550000 | Energy:     22.8190 | Acc:  7.05%
 Step:   3560000 | Energy:     18.9191 | Acc:  7.05%
 Step:   3570000 | Energy:     23.0373 | Acc:  7.06%
 Step:   3580000 | Energy:     25.3672 | Acc:  7.06%
 Step:   3590000 | Energy:     21.3571 | Acc:  7.06%
 Step:   3600000 | Energy:     23.2459 | Acc:  7.06%
 Step:   3610000 | Energy:     16.5890 | Acc:  7.06%
 Step:   3620000 | Energy:     18.1928 | Acc:  7.06%
 Step:   3630000 | Energy:     25.0113 | Acc:  7.05%
 Step:   3640000 | Energy:     18.7952 | Acc:  7.05%
 Step:   3650000 | Energy:     17.7448 | Acc:  7.05%
 Step:   3660000 | Energy:     14.1104 | Acc:  7.05%
 Step:   3670000 | Energy:     18.8596 | Acc:  7.05%
 Step:   3680000 | Energy:     19.5894 | Acc:  7.05%
 Step:   3690000 | Energy:     13.9784 | Acc:  7.05%
 Step:   3700000 | Energy:     16.1555 | Acc:  7.04%
 Step:   3710000 | Energy:     10.5520 | Acc:  7.04%
 Step:   3720000 | Energy:     15.3717 | Acc:  7.04%
 Step:   3730000 | Energy:     20.6413 | Acc:  7.03%
 Step:   3740000 | Energy:     16.4433 | Acc:  7.04%
 Step:   3750000 | Energy:     14.6030 | Acc:  7.04%
 Step:   3760000 | Energy:     18.0583 | Acc:  7.04%
 Step:   3770000 | Energy:     17.6083 | Acc:  7.04%
 Step:   3780000 | Energy:     21.4078 | Acc:  7.04%
 Step:   3790000 | Energy:     22.4879 | Acc:  7.04%
 Step:   3800000 | Energy:     12.8027 | Acc:  7.04%
 Step:   3810000 | Energy:     17.0225 | Acc:  7.03%
 Step:   3820000 | Energy:     11.5450 | Acc:  7.03%
 Step:   3830000 | Energy:     10.7870 | Acc:  7.03%
 Step:   3840000 | Energy:     12.3689 | Acc:  7.02%
 Step:   3850000 | Energy:     11.2814 | Acc:  7.02%
 Step:   3860000 | Energy:     13.0231 | Acc:  7.02%
 Step:   3870000 | Energy:     14.6432 | Acc:  7.01%
 Step:   3880000 | Energy:     13.0891 | Acc:  7.01%
 Step:   3890000 | Energy:     14.3813 | Acc:  7.01%
 Step:   3900000 | Energy:      7.8962 | Acc:  7.01%
 Step:   3910000 | Energy:     13.6099 | Acc:  7.01%
 Step:   3920000 | Energy:     15.4922 | Acc:  7.01%
 Step:   3930000 | Energy:     21.1959 | Acc:  7.01%
 Step:   3940000 | Energy:     16.8572 | Acc:  7.01%
 Step:   3950000 | Energy:     16.4939 | Acc:  7.01%
 Step:   3960000 | Energy:     25.3305 | Acc:  7.01%
 Step:   3970000 | Energy:     20.3862 | Acc:  7.01%
 Step:   3980000 | Energy:     23.8036 | Acc:  7.01%
 Step:   3990000 | Energy:     23.5258 | Acc:  7.02%
 Step:   4000000 | Energy:     24.6464 | Acc:  7.02%
 Step:   4010000 | Energy:     20.4773 | Acc:  7.02%
 Step:   4020000 | Energy:     23.3418 | Acc:  7.02%
 Step:   4030000 | Energy:     26.7499 | Acc:  7.02%
 Step:   4040000 | Energy:     26.7978 | Acc:  7.02%
 Step:   4050000 | Energy:     19.6880 | Acc:  7.02%
 Step:   4060000 | Energy:     22.0721 | Acc:  7.02%
 Step:   4070000 | Energy:     16.5537 | Acc:  7.02%
 Step:   4080000 | Energy:     20.4304 | Acc:  7.02%
 Step:   4090000 | Energy:     22.2009 | Acc:  7.02%
 Step:   4100000 | Energy:     20.9627 | Acc:  7.02%
 Step:   4110000 | Energy:     15.1227 | Acc:  7.02%
 Step:   4120000 | Energy:     19.5267 | Acc:  7.02%
 Step:   4130000 | Energy:     27.5557 | Acc:  7.02%
 Step:   4140000 | Energy:     15.1687 | Acc:  7.02%
 Step:   4150000 | Energy:     15.7980 | Acc:  7.02%
 Step:   4160000 | Energy:     14.8886 | Acc:  7.01%
 Step:   4170000 | Energy:     30.6075 | Acc:  7.01%
 Step:   4180000 | Energy:     17.7146 | Acc:  7.01%
 Step:   4190000 | Energy:     18.9818 | Acc:  7.01%
 Step:   4200000 | Energy:     19.3042 | Acc:  7.01%
 Step:   4210000 | Energy:     24.4138 | Acc:  7.02%
 Step:   4220000 | Energy:     22.2996 | Acc:  7.02%
 Step:   4230000 | Energy:     19.5183 | Acc:  7.01%
 Step:   4240000 | Energy:     21.2917 | Acc:  7.01%
 Step:   4250000 | Energy:     27.7062 | Acc:  7.01%
 Step:   4260000 | Energy:     23.3634 | Acc:  7.01%
 Step:   4270000 | Energy:     19.9598 | Acc:  7.00%
 Step:   4280000 | Energy:     17.0840 | Acc:  7.01%
 Step:   4290000 | Energy:     15.6307 | Acc:  7.00%
 Step:   4300000 | Energy:     16.9099 | Acc:  7.00%
 Step:   4310000 | Energy:     19.0459 | Acc:  7.00%
 Step:   4320000 | Energy:     18.6170 | Acc:  7.00%
 Step:   4330000 | Energy:     24.7968 | Acc:  7.00%
 Step:   4340000 | Energy:     16.4236 | Acc:  7.00%
 Step:   4350000 | Energy:     21.4433 | Acc:  7.00%
 Step:   4360000 | Energy:     15.6996 | Acc:  7.00%
 Step:   4370000 | Energy:     27.6490 | Acc:  7.00%
 Step:   4380000 | Energy:     30.5043 | Acc:  7.00%
 Step:   4390000 | Energy:     31.5438 | Acc:  7.00%
 Step:   4400000 | Energy:     25.5850 | Acc:  7.00%
 Step:   4410000 | Energy:     22.4532 | Acc:  7.00%
 Step:   4420000 | Energy:     27.2857 | Acc:  7.00%
 Step:   4430000 | Energy:     16.8835 | Acc:  7.00%
 Step:   4440000 | Energy:     16.8410 | Acc:  7.00%
 Step:   4450000 | Energy:     22.9091 | Acc:  7.01%
 Step:   4460000 | Energy:     25.5599 | Acc:  7.01%
 Step:   4470000 | Energy:     25.8970 | Acc:  7.01%
 Step:   4480000 | Energy:     22.2300 | Acc:  7.01%
 Step:   4490000 | Energy:     21.4953 | Acc:  7.01%
 Step:   4500000 | Energy:     18.5223 | Acc:  7.01%
 Step:   4510000 | Energy:     20.2250 | Acc:  7.01%
 Step:   4520000 | Energy:     22.1597 | Acc:  7.01%
 Step:   4530000 | Energy:     19.1660 | Acc:  7.01%
 Step:   4540000 | Energy:     23.1689 | Acc:  7.01%
 Step:   4550000 | Energy:     19.6861 | Acc:  7.01%
 Step:   4560000 | Energy:     15.3623 | Acc:  7.00%
 Step:   4570000 | Energy:     15.0749 | Acc:  7.00%
 Step:   4580000 | Energy:     19.9499 | Acc:  7.00%
 Step:   4590000 | Energy:     17.7811 | Acc:  7.00%
 Step:   4600000 | Energy:     22.3811 | Acc:  7.00%
 Step:   4610000 | Energy:     17.8259 | Acc:  7.00%
 Step:   4620000 | Energy:     15.8594 | Acc:  7.00%
 Step:   4630000 | Energy:     22.8051 | Acc:  7.00%
 Step:   4640000 | Energy:     21.6813 | Acc:  7.00%
 Step:   4650000 | Energy:     18.4702 | Acc:  7.00%
 Step:   4660000 | Energy:     16.3851 | Acc:  7.00%
 Step:   4670000 | Energy:     13.1597 | Acc:  7.00%
 Step:   4680000 | Energy:     17.8577 | Acc:  6.99%
 Step:   4690000 | Energy:     16.1353 | Acc:  6.99%
 Step:   4700000 | Energy:     17.9799 | Acc:  6.99%
 Step:   4710000 | Energy:     15.7818 | Acc:  6.99%
 Step:   4720000 | Energy:     15.7169 | Acc:  6.99%
 Step:   4730000 | Energy:     21.0669 | Acc:  6.98%
 Step:   4740000 | Energy:     14.5006 | Acc:  6.98%
 Step:   4750000 | Energy:     18.7299 | Acc:  6.98%
 Step:   4760000 | Energy:     11.2962 | Acc:  6.98%
 Step:   4770000 | Energy:     11.8079 | Acc:  6.98%
 Step:   4780000 | Energy:      8.8689 | Acc:  6.98%
 Step:   4790000 | Energy:     15.1176 | Acc:  6.98%
 Step:   4800000 | Energy:     16.2372 | Acc:  6.97%
 Step:   4810000 | Energy:     14.0195 | Acc:  6.97%
 Step:   4820000 | Energy:     10.2440 | Acc:  6.97%
 Step:   4830000 | Energy:     14.3915 | Acc:  6.97%
 Step:   4840000 | Energy:     15.0113 | Acc:  6.97%
 Step:   4850000 | Energy:     16.9649 | Acc:  6.97%
 Step:   4860000 | Energy:     11.0627 | Acc:  6.96%
 Step:   4870000 | Energy:     12.4930 | Acc:  6.96%
 Step:   4880000 | Energy:     12.4327 | Acc:  6.96%
 Step:   4890000 | Energy:     11.9774 | Acc:  6.96%
 Step:   4900000 | Energy:     10.2645 | Acc:  6.96%
 Step:   4910000 | Energy:     11.0940 | Acc:  6.95%
 Step:   4920000 | Energy:     12.8812 | Acc:  6.95%
 Step:   4930000 | Energy:     11.8179 | Acc:  6.95%
 Step:   4940000 | Energy:     18.9738 | Acc:  6.95%
 Step:   4950000 | Energy:     13.5388 | Acc:  6.95%
 Step:   4960000 | Energy:     17.3937 | Acc:  6.95%
 Step:   4970000 | Energy:     18.7219 | Acc:  6.95%
 Step:   4980000 | Energy:     23.2326 | Acc:  6.95%
 Step:   4990000 | Energy:     24.7737 | Acc:  6.94%
 Step:   5000000 | Energy:     13.4081 | Acc:  6.94%
 Step:   5010000 | Energy:     15.8169 | Acc:  6.94%
 Step:   5020000 | Energy:     13.2671 | Acc:  6.94%
 Step:   5030000 | Energy:     12.2641 | Acc:  6.94%
 Step:   5040000 | Energy:     15.5131 | Acc:  6.94%
 Step:   5050000 | Energy:     14.0024 | Acc:  6.94%
 Step:   5060000 | Energy:     13.2362 | Acc:  6.94%
 Step:   5070000 | Energy:     10.4618 | Acc:  6.93%
 Step:   5080000 | Energy:     22.3191 | Acc:  6.93%
 Step:   5090000 | Energy:     10.9933 | Acc:  6.93%
 Step:   5100000 | Energy:     10.6407 | Acc:  6.93%
 Step:   5110000 | Energy:      9.7998 | Acc:  6.93%
 Step:   5120000 | Energy:     16.1743 | Acc:  6.93%
 Step:   5130000 | Energy:     17.9324 | Acc:  6.93%
 Step:   5140000 | Energy:     18.6331 | Acc:  6.93%
 Step:   5150000 | Energy:     16.6819 | Acc:  6.92%
 Step:   5160000 | Energy:     14.4989 | Acc:  6.92%
 Step:   5170000 | Energy:     10.6659 | Acc:  6.92%
 Step:   5180000 | Energy:     15.7913 | Acc:  6.92%
 Step:   5190000 | Energy:     16.0244 | Acc:  6.92%
 Step:   5200000 | Energy:     15.7200 | Acc:  6.91%
 Step:   5210000 | Energy:     15.5833 | Acc:  6.91%
 Step:   5220000 | Energy:     13.8292 | Acc:  6.91%
 Step:   5230000 | Energy:     13.7540 | Acc:  6.91%
 Step:   5240000 | Energy:     10.5284 | Acc:  6.91%
 Step:   5250000 | Energy:     15.4491 | Acc:  6.90%
 Step:   5260000 | Energy:     14.5259 | Acc:  6.90%
 Step:   5270000 | Energy:     11.6482 | Acc:  6.90%
 Step:   5280000 | Energy:     15.9074 | Acc:  6.90%
 Step:   5290000 | Energy:     11.7772 | Acc:  6.90%
 Step:   5300000 | Energy:     11.4027 | Acc:  6.90%
 Step:   5310000 | Energy:      8.1409 | Acc:  6.89%
 Step:   5320000 | Energy:      2.4198 | Acc:  6.89%
 Step:   5330000 | Energy:      6.4164 | Acc:  6.89%
 Step:   5340000 | Energy:      4.7062 | Acc:  6.89%
 Step:   5350000 | Energy:     10.3742 | Acc:  6.88%
 Step:   5360000 | Energy:     11.4803 | Acc:  6.88%
 Step:   5370000 | Energy:     12.4245 | Acc:  6.88%
 Step:   5380000 | Energy:     15.1091 | Acc:  6.88%
 Step:   5390000 | Energy:     13.0782 | Acc:  6.88%
 Step:   5400000 | Energy:     15.8269 | Acc:  6.88%
 Step:   5410000 | Energy:     16.5558 | Acc:  6.88%
 Step:   5420000 | Energy:     13.6748 | Acc:  6.87%
 Step:   5430000 | Energy:     15.3050 | Acc:  6.87%
 Step:   5440000 | Energy:     18.2894 | Acc:  6.87%
 Step:   5450000 | Energy:     21.2275 | Acc:  6.87%
 Step:   5460000 | Energy:     17.7773 | Acc:  6.87%
 Step:   5470000 | Energy:     19.3598 | Acc:  6.87%
 Step:   5480000 | Energy:     15.6400 | Acc:  6.87%
 Step:   5490000 | Energy:     17.5809 | Acc:  6.87%
 Step:   5500000 | Energy:      8.5879 | Acc:  6.87%
 Step:   5510000 | Energy:      7.8522 | Acc:  6.87%
 Step:   5520000 | Energy:     10.5026 | Acc:  6.87%
 Step:   5530000 | Energy:     13.5217 | Acc:  6.86%
 Step:   5540000 | Energy:      6.4816 | Acc:  6.86%
 Step:   5550000 | Energy:      8.0579 | Acc:  6.86%
 Step:   5560000 | Energy:      8.1779 | Acc:  6.86%
 Step:   5570000 | Energy:     14.5513 | Acc:  6.85%
 Step:   5580000 | Energy:     12.6888 | Acc:  6.85%
 Step:   5590000 | Energy:     11.3980 | Acc:  6.85%
 Step:   5600000 | Energy:     12.1483 | Acc:  6.85%
 Step:   5610000 | Energy:     10.0172 | Acc:  6.84%
 Step:   5620000 | Energy:     10.8207 | Acc:  6.84%
 Step:   5630000 | Energy:      8.5993 | Acc:  6.84%
 Step:   5640000 | Energy:      7.8852 | Acc:  6.84%
 Step:   5650000 | Energy:     12.6275 | Acc:  6.83%
 Step:   5660000 | Energy:     11.2417 | Acc:  6.83%
 Step:   5670000 | Energy:     15.5000 | Acc:  6.83%
 Step:   5680000 | Energy:      9.1120 | Acc:  6.83%
 Step:   5690000 | Energy:     10.8220 | Acc:  6.83%
 Step:   5700000 | Energy:     15.1885 | Acc:  6.82%
 Step:   5710000 | Energy:      9.6571 | Acc:  6.82%
 Step:   5720000 | Energy:      6.6440 | Acc:  6.82%
 Step:   5730000 | Energy:     14.2016 | Acc:  6.82%
 Step:   5740000 | Energy:      9.9283 | Acc:  6.82%
 Step:   5750000 | Energy:      2.5982 | Acc:  6.82%
 Step:   5760000 | Energy:     10.7402 | Acc:  6.82%
 Step:   5770000 | Energy:     10.3099 | Acc:  6.81%
 Step:   5780000 | Energy:     12.6535 | Acc:  6.81%
 Step:   5790000 | Energy:     12.7745 | Acc:  6.81%
 Step:   5800000 | Energy:      6.0827 | Acc:  6.81%
 Step:   5810000 | Energy:      7.5534 | Acc:  6.81%
 Step:   5820000 | Energy:      8.9765 | Acc:  6.81%
 Step:   5830000 | Energy:      5.4793 | Acc:  6.80%
 Step:   5840000 | Energy:     12.5653 | Acc:  6.80%
 Step:   5850000 | Energy:      7.6967 | Acc:  6.80%
 Step:   5860000 | Energy:      7.4871 | Acc:  6.80%
 Step:   5870000 | Energy:      7.3380 | Acc:  6.80%
 Step:   5880000 | Energy:      9.4909 | Acc:  6.79%
 Step:   5890000 | Energy:      7.0599 | Acc:  6.79%
 Step:   5900000 | Energy:     12.9677 | Acc:  6.79%
 Step:   5910000 | Energy:     11.7329 | Acc:  6.78%
 Step:   5920000 | Energy:     12.5888 | Acc:  6.78%
 Step:   5930000 | Energy:     14.2329 | Acc:  6.78%
 Step:   5940000 | Energy:     10.4436 | Acc:  6.78%
 Step:   5950000 | Energy:      8.1309 | Acc:  6.78%
 Step:   5960000 | Energy:     11.3975 | Acc:  6.78%
 Step:   5970000 | Energy:      8.1422 | Acc:  6.78%
 Step:   5980000 | Energy:      3.7442 | Acc:  6.78%
 Step:   5990000 | Energy:      6.5253 | Acc:  6.78%
 Step:   6000000 | Energy:      6.0510 | Acc:  6.77%
 Step:   6010000 | Energy:     11.6889 | Acc:  6.77%
 Step:   6020000 | Energy:      8.4350 | Acc:  6.77%
 Step:   6030000 | Energy:     10.8989 | Acc:  6.77%
 Step:   6040000 | Energy:      8.7858 | Acc:  6.77%
 Step:   6050000 | Energy:      3.6130 | Acc:  6.77%
 Step:   6060000 | Energy:      9.3258 | Acc:  6.77%
 Step:   6070000 | Energy:      4.3956 | Acc:  6.77%
 Step:   6080000 | Energy:      6.1504 | Acc:  6.76%
 Step:   6090000 | Energy:     17.7354 | Acc:  6.76%
 Step:   6100000 | Energy:     11.6599 | Acc:  6.76%
 Step:   6110000 | Energy:      9.3984 | Acc:  6.76%
 Step:   6120000 | Energy:     14.9941 | Acc:  6.76%
 Step:   6130000 | Energy:     14.2035 | Acc:  6.76%
 Step:   6140000 | Energy:     10.3070 | Acc:  6.75%
 Step:   6150000 | Energy:     10.9428 | Acc:  6.75%
 Step:   6160000 | Energy:     12.0034 | Acc:  6.75%
 Step:   6170000 | Energy:     10.0434 | Acc:  6.75%
 Step:   6180000 | Energy:     11.7158 | Acc:  6.74%
 Step:   6190000 | Energy:     16.7514 | Acc:  6.74%
 Step:   6200000 | Energy:     12.0528 | Acc:  6.74%
 Step:   6210000 | Energy:     19.4710 | Acc:  6.74%
 Step:   6220000 | Energy:     19.4512 | Acc:  6.74%
 Step:   6230000 | Energy:     19.2264 | Acc:  6.74%
 Step:   6240000 | Energy:     19.7324 | Acc:  6.74%
 Step:   6250000 | Energy:     16.7093 | Acc:  6.74%
 Step:   6260000 | Energy:     13.3264 | Acc:  6.74%
 Step:   6270000 | Energy:     16.1096 | Acc:  6.73%
 Step:   6280000 | Energy:     14.2282 | Acc:  6.73%
 Step:   6290000 | Energy:     16.7583 | Acc:  6.73%
 Step:   6300000 | Energy:     20.6975 | Acc:  6.73%
 Step:   6310000 | Energy:     18.1334 | Acc:  6.73%
 Step:   6320000 | Energy:     20.3174 | Acc:  6.72%
 Step:   6330000 | Energy:     26.9091 | Acc:  6.72%
 Step:   6340000 | Energy:     22.0875 | Acc:  6.72%
 Step:   6350000 | Energy:     17.7293 | Acc:  6.72%
 Step:   6360000 | Energy:     20.0807 | Acc:  6.72%
 Step:   6370000 | Energy:     21.7551 | Acc:  6.72%
 Step:   6380000 | Energy:     16.6119 | Acc:  6.72%
 Step:   6390000 | Energy:     23.6066 | Acc:  6.72%
 Step:   6400000 | Energy:     29.2715 | Acc:  6.71%
 Step:   6410000 | Energy:     17.4059 | Acc:  6.71%
 Step:   6420000 | Energy:     15.9711 | Acc:  6.71%
 Step:   6430000 | Energy:     16.8719 | Acc:  6.71%
 Step:   6440000 | Energy:     20.5983 | Acc:  6.71%
 Step:   6450000 | Energy:     19.2101 | Acc:  6.71%
 Step:   6460000 | Energy:     16.6445 | Acc:  6.71%
 Step:   6470000 | Energy:     14.3456 | Acc:  6.71%
 Step:   6480000 | Energy:     14.5956 | Acc:  6.70%
 Step:   6490000 | Energy:     13.1392 | Acc:  6.70%
 Step:   6500000 | Energy:     15.3966 | Acc:  6.70%
 Step:   6510000 | Energy:     14.6399 | Acc:  6.70%
 Step:   6520000 | Energy:     14.9026 | Acc:  6.70%
 Step:   6530000 | Energy:     11.9935 | Acc:  6.70%
 Step:   6540000 | Energy:     16.6960 | Acc:  6.69%
 Step:   6550000 | Energy:     17.7050 | Acc:  6.69%
 Step:   6560000 | Energy:     10.4419 | Acc:  6.69%
 Step:   6570000 | Energy:     11.3617 | Acc:  6.69%
 Step:   6580000 | Energy:     12.2574 | Acc:  6.69%
 Step:   6590000 | Energy:     14.0454 | Acc:  6.69%
 Step:   6600000 | Energy:     11.2101 | Acc:  6.68%
 Step:   6610000 | Energy:     16.6542 | Acc:  6.68%
 Step:   6620000 | Energy:     17.6871 | Acc:  6.68%
 Step:   6630000 | Energy:     19.7832 | Acc:  6.68%
 Step:   6640000 | Energy:     18.2806 | Acc:  6.68%
 Step:   6650000 | Energy:     10.5434 | Acc:  6.67%
 Step:   6660000 | Energy:     13.7139 | Acc:  6.67%
 Step:   6670000 | Energy:      9.1789 | Acc:  6.67%
 Step:   6680000 | Energy:     18.4131 | Acc:  6.67%
 Step:   6690000 | Energy:     14.8626 | Acc:  6.67%
 Step:   6700000 | Energy:     13.6151 | Acc:  6.67%
 Step:   6710000 | Energy:     11.5949 | Acc:  6.67%
 Step:   6720000 | Energy:     16.9180 | Acc:  6.66%
 Step:   6730000 | Energy:     22.6110 | Acc:  6.66%
 Step:   6740000 | Energy:     14.1268 | Acc:  6.67%
 Step:   6750000 | Energy:     13.1709 | Acc:  6.67%
 Step:   6760000 | Energy:     18.5488 | Acc:  6.67%
 Step:   6770000 | Energy:     12.5645 | Acc:  6.67%
 Step:   6780000 | Energy:     13.2097 | Acc:  6.67%
 Step:   6790000 | Energy:     13.3249 | Acc:  6.66%
 Step:   6800000 | Energy:      9.9573 | Acc:  6.66%
 Step:   6810000 | Energy:     11.9326 | Acc:  6.66%
 Step:   6820000 | Energy:     10.1500 | Acc:  6.66%
 Step:   6830000 | Energy:     10.6348 | Acc:  6.66%
 Step:   6840000 | Energy:     15.5098 | Acc:  6.66%
 Step:   6850000 | Energy:      9.1686 | Acc:  6.65%
 Step:   6860000 | Energy:     10.0270 | Acc:  6.65%
 Step:   6870000 | Energy:     12.9473 | Acc:  6.65%
 Step:   6880000 | Energy:     10.9982 | Acc:  6.65%
 Step:   6890000 | Energy:     10.4771 | Acc:  6.65%
 Step:   6900000 | Energy:     13.1611 | Acc:  6.65%
 Step:   6910000 | Energy:      6.7703 | Acc:  6.65%
 Step:   6920000 | Energy:     13.7807 | Acc:  6.65%
 Step:   6930000 | Energy:     13.5093 | Acc:  6.65%
 Step:   6940000 | Energy:     12.3435 | Acc:  6.65%
 Step:   6950000 | Energy:     15.9101 | Acc:  6.65%
 Step:   6960000 | Energy:     15.2522 | Acc:  6.65%
 Step:   6970000 | Energy:      7.3583 | Acc:  6.65%
 Step:   6980000 | Energy:      4.7311 | Acc:  6.65%
 Step:   6990000 | Energy:      5.7116 | Acc:  6.64%
 Step:   7000000 | Energy:      6.0583 | Acc:  6.64%
 Step:   7010000 | Energy:      6.0703 | Acc:  6.64%
 Step:   7020000 | Energy:      7.1992 | Acc:  6.64%
 Step:   7030000 | Energy:     13.3951 | Acc:  6.64%
 Step:   7040000 | Energy:      8.5885 | Acc:  6.64%
 Step:   7050000 | Energy:     11.8581 | Acc:  6.64%
 Step:   7060000 | Energy:      7.8600 | Acc:  6.64%
 Step:   7070000 | Energy:     10.7110 | Acc:  6.64%
 Step:   7080000 | Energy:     13.3230 | Acc:  6.64%
 Step:   7090000 | Energy:      9.5901 | Acc:  6.64%
 Step:   7100000 | Energy:      5.8417 | Acc:  6.64%
 Step:   7110000 | Energy:      4.9515 | Acc:  6.64%
 Step:   7120000 | Energy:     11.6405 | Acc:  6.64%
 Step:   7130000 | Energy:      7.3982 | Acc:  6.63%
 Step:   7140000 | Energy:      9.5913 | Acc:  6.63%
 Step:   7150000 | Energy:     10.3954 | Acc:  6.63%
 Step:   7160000 | Energy:     10.7597 | Acc:  6.63%
 Step:   7170000 | Energy:     18.2621 | Acc:  6.63%
 Step:   7180000 | Energy:      7.9826 | Acc:  6.63%
 Step:   7190000 | Energy:     10.1287 | Acc:  6.63%
 Step:   7200000 | Energy:     12.2557 | Acc:  6.63%
 Step:   7210000 | Energy:      8.3725 | Acc:  6.62%
 Step:   7220000 | Energy:     15.9452 | Acc:  6.62%
 Step:   7230000 | Energy:      8.6866 | Acc:  6.62%
 Step:   7240000 | Energy:      8.6970 | Acc:  6.62%
 Step:   7250000 | Energy:     11.3531 | Acc:  6.62%
 Step:   7260000 | Energy:     14.6037 | Acc:  6.62%
 Step:   7270000 | Energy:     12.9765 | Acc:  6.62%
 Step:   7280000 | Energy:     12.7671 | Acc:  6.62%
 Step:   7290000 | Energy:      5.9745 | Acc:  6.62%
 Step:   7300000 | Energy:      5.7672 | Acc:  6.61%
 Step:   7310000 | Energy:      3.2152 | Acc:  6.61%
 Step:   7320000 | Energy:     13.6812 | Acc:  6.61%
 Step:   7330000 | Energy:     10.4297 | Acc:  6.61%
 Step:   7340000 | Energy:      8.9197 | Acc:  6.61%
 Step:   7350000 | Energy:      7.4072 | Acc:  6.61%
 Step:   7360000 | Energy:      8.9952 | Acc:  6.61%
 Step:   7370000 | Energy:     10.5878 | Acc:  6.61%
 Step:   7380000 | Energy:      6.3106 | Acc:  6.60%
 Step:   7390000 | Energy:     11.1759 | Acc:  6.60%
 Step:   7400000 | Energy:      7.5404 | Acc:  6.60%
 Step:   7410000 | Energy:      7.3496 | Acc:  6.60%
 Step:   7420000 | Energy:      9.8058 | Acc:  6.60%
 Step:   7430000 | Energy:      6.7456 | Acc:  6.60%
 Step:   7440000 | Energy:      7.3220 | Acc:  6.59%
 Step:   7450000 | Energy:      9.7478 | Acc:  6.59%
 Step:   7460000 | Energy:      8.9602 | Acc:  6.59%
 Step:   7470000 | Energy:      8.8395 | Acc:  6.59%
 Step:   7480000 | Energy:     15.0699 | Acc:  6.59%
 Step:   7490000 | Energy:     12.9958 | Acc:  6.59%
 Step:   7500000 | Energy:     12.5625 | Acc:  6.58%
 Step:   7510000 | Energy:     19.2106 | Acc:  6.58%
 Step:   7520000 | Energy:     20.0528 | Acc:  6.58%
 Step:   7530000 | Energy:     14.7889 | Acc:  6.58%
 Step:   7540000 | Energy:     14.6899 | Acc:  6.58%
 Step:   7550000 | Energy:     15.5463 | Acc:  6.58%
 Step:   7560000 | Energy:     16.5597 | Acc:  6.57%
 Step:   7570000 | Energy:     16.8038 | Acc:  6.57%
 Step:   7580000 | Energy:     14.9596 | Acc:  6.57%
 Step:   7590000 | Energy:     12.7863 | Acc:  6.57%
 Step:   7600000 | Energy:     10.8294 | Acc:  6.57%
 Step:   7610000 | Energy:     11.0383 | Acc:  6.57%
 Step:   7620000 | Energy:     10.3507 | Acc:  6.57%
 Step:   7630000 | Energy:      5.9233 | Acc:  6.56%
 Step:   7640000 | Energy:     12.5727 | Acc:  6.56%
 Step:   7650000 | Energy:     15.8799 | Acc:  6.56%
 Step:   7660000 | Energy:     12.3681 | Acc:  6.56%
 Step:   7670000 | Energy:      7.9504 | Acc:  6.56%
 Step:   7680000 | Energy:     10.9869 | Acc:  6.56%
 Step:   7690000 | Energy:      5.5037 | Acc:  6.55%
 Step:   7700000 | Energy:      8.5282 | Acc:  6.55%
 Step:   7710000 | Energy:      6.1976 | Acc:  6.55%
 Step:   7720000 | Energy:     11.1554 | Acc:  6.55%
 Step:   7730000 | Energy:     10.0972 | Acc:  6.55%
 Step:   7740000 | Energy:      7.9954 | Acc:  6.55%
 Step:   7750000 | Energy:     10.1436 | Acc:  6.54%
 Step:   7760000 | Energy:      9.9514 | Acc:  6.54%
 Step:   7770000 | Energy:     11.9619 | Acc:  6.54%
 Step:   7780000 | Energy:     15.6310 | Acc:  6.54%
 Step:   7790000 | Energy:      2.5075 | Acc:  6.54%
 Step:   7800000 | Energy:      3.8368 | Acc:  6.54%
 Step:   7810000 | Energy:     10.3076 | Acc:  6.54%
 Step:   7820000 | Energy:     13.1868 | Acc:  6.53%
 Step:   7830000 | Energy:     10.3130 | Acc:  6.53%
 Step:   7840000 | Energy:     10.1373 | Acc:  6.53%
 Step:   7850000 | Energy:     14.2802 | Acc:  6.53%
 Step:   7860000 | Energy:      6.2913 | Acc:  6.53%
 Step:   7870000 | Energy:     12.5175 | Acc:  6.52%
 Step:   7880000 | Energy:     14.4836 | Acc:  6.52%
 Step:   7890000 | Energy:     19.5834 | Acc:  6.52%
 Step:   7900000 | Energy:     19.1706 | Acc:  6.52%
 Step:   7910000 | Energy:     17.0169 | Acc:  6.52%
 Step:   7920000 | Energy:     22.7638 | Acc:  6.52%
 Step:   7930000 | Energy:     16.2380 | Acc:  6.51%
 Step:   7940000 | Energy:     13.6585 | Acc:  6.51%
 Step:   7950000 | Energy:     13.6203 | Acc:  6.51%
 Step:   7960000 | Energy:     12.5083 | Acc:  6.51%
 Step:   7970000 | Energy:     10.2954 | Acc:  6.51%
 Step:   7980000 | Energy:     12.4430 | Acc:  6.50%
 Step:   7990000 | Energy:     14.2234 | Acc:  6.50%
 Step:   8000000 | Energy:     13.8390 | Acc:  6.50%
 Step:   8010000 | Energy:     16.3203 | Acc:  6.50%
 Step:   8020000 | Energy:     10.6051 | Acc:  6.50%
 Step:   8030000 | Energy:     10.4722 | Acc:  6.50%
 Step:   8040000 | Energy:      7.0651 | Acc:  6.50%
 Step:   8050000 | Energy:      7.4239 | Acc:  6.49%
 Step:   8060000 | Energy:      6.4630 | Acc:  6.49%
 Step:   8070000 | Energy:     13.5875 | Acc:  6.49%
 Step:   8080000 | Energy:      7.1451 | Acc:  6.49%
 Step:   8090000 | Energy:     10.8095 | Acc:  6.49%
 Step:   8100000 | Energy:     15.0096 | Acc:  6.49%
 Step:   8110000 | Energy:     17.1693 | Acc:  6.49%
 Step:   8120000 | Energy:     14.8377 | Acc:  6.48%
 Step:   8130000 | Energy:     15.9157 | Acc:  6.48%
 Step:   8140000 | Energy:     19.7703 | Acc:  6.48%
 Step:   8150000 | Energy:     13.6849 | Acc:  6.48%
 Step:   8160000 | Energy:     15.7737 | Acc:  6.48%
 Step:   8170000 | Energy:     15.5817 | Acc:  6.48%
 Step:   8180000 | Energy:     14.8175 | Acc:  6.48%
 Step:   8190000 | Energy:     11.4861 | Acc:  6.48%
 Step:   8200000 | Energy:      9.1070 | Acc:  6.48%
 Step:   8210000 | Energy:     12.3617 | Acc:  6.48%
 Step:   8220000 | Energy:     15.9163 | Acc:  6.47%
 Step:   8230000 | Energy:     11.9085 | Acc:  6.47%
 Step:   8240000 | Energy:     17.3604 | Acc:  6.47%
 Step:   8250000 | Energy:     19.3817 | Acc:  6.47%
 Step:   8260000 | Energy:     15.1885 | Acc:  6.47%
 Step:   8270000 | Energy:     10.5673 | Acc:  6.47%
 Step:   8280000 | Energy:      5.8182 | Acc:  6.47%
 Step:   8290000 | Energy:      9.5704 | Acc:  6.47%
 Step:   8300000 | Energy:      8.2874 | Acc:  6.46%
 Step:   8310000 | Energy:      6.2087 | Acc:  6.46%
 Step:   8320000 | Energy:     13.2511 | Acc:  6.46%
 Step:   8330000 | Energy:      8.1014 | Acc:  6.46%
 Step:   8340000 | Energy:     14.0279 | Acc:  6.46%
 Step:   8350000 | Energy:     11.2522 | Acc:  6.46%
 Step:   8360000 | Energy:     16.2473 | Acc:  6.45%
 Step:   8370000 | Energy:     12.8348 | Acc:  6.45%
 Step:   8380000 | Energy:      7.8216 | Acc:  6.45%
 Step:   8390000 | Energy:     10.2968 | Acc:  6.45%
 Step:   8400000 | Energy:      2.3413 | Acc:  6.45%
 Step:   8410000 | Energy:      6.3998 | Acc:  6.44%
 Step:   8420000 | Energy:      6.3877 | Acc:  6.44%
 Step:   8430000 | Energy:      8.2778 | Acc:  6.44%
 Step:   8440000 | Energy:      5.8193 | Acc:  6.44%
 Step:   8450000 | Energy:      5.8997 | Acc:  6.44%
 Step:   8460000 | Energy:     10.4668 | Acc:  6.43%
 Step:   8470000 | Energy:     14.5030 | Acc:  6.43%
 Step:   8480000 | Energy:      8.5288 | Acc:  6.43%
 Step:   8490000 | Energy:     12.3557 | Acc:  6.43%
 Step:   8500000 | Energy:     10.2876 | Acc:  6.43%
 Step:   8510000 | Energy:      8.6669 | Acc:  6.43%
 Step:   8520000 | Energy:      6.0362 | Acc:  6.42%
 Step:   8530000 | Energy:      9.2255 | Acc:  6.42%
 Step:   8540000 | Energy:      6.1526 | Acc:  6.42%
 Step:   8550000 | Energy:      8.1431 | Acc:  6.42%
 Step:   8560000 | Energy:     11.3274 | Acc:  6.42%
 Step:   8570000 | Energy:     12.6927 | Acc:  6.41%
 Step:   8580000 | Energy:     15.4561 | Acc:  6.41%
 Step:   8590000 | Energy:      6.9406 | Acc:  6.41%
 Step:   8600000 | Energy:     11.6851 | Acc:  6.41%
 Step:   8610000 | Energy:      5.2158 | Acc:  6.41%
 Step:   8620000 | Energy:      8.9737 | Acc:  6.41%
 Step:   8630000 | Energy:      4.6287 | Acc:  6.41%
 Step:   8640000 | Energy:      3.5372 | Acc:  6.40%
 Step:   8650000 | Energy:      5.8956 | Acc:  6.40%
 Step:   8660000 | Energy:      8.6575 | Acc:  6.40%
 Step:   8670000 | Energy:      5.9087 | Acc:  6.40%
 Step:   8680000 | Energy:      6.1310 | Acc:  6.40%
 Step:   8690000 | Energy:      8.6337 | Acc:  6.40%
 Step:   8700000 | Energy:     11.0802 | Acc:  6.40%
 Step:   8710000 | Energy:      4.3381 | Acc:  6.39%
 Step:   8720000 | Energy:      6.0588 | Acc:  6.39%
 Step:   8730000 | Energy:      6.3993 | Acc:  6.39%
 Step:   8740000 | Energy:      3.8028 | Acc:  6.39%
 Step:   8750000 | Energy:      4.1319 | Acc:  6.39%
 Step:   8760000 | Energy:      5.0366 | Acc:  6.39%
 Step:   8770000 | Energy:      3.8347 | Acc:  6.39%
 Step:   8780000 | Energy:      5.3163 | Acc:  6.38%
 Step:   8790000 | Energy:      5.6081 | Acc:  6.38%
 Step:   8800000 | Energy:      4.8222 | Acc:  6.38%
 Step:   8810000 | Energy:      5.7404 | Acc:  6.38%
 Step:   8820000 | Energy:      5.8989 | Acc:  6.38%
 Step:   8830000 | Energy:      8.9093 | Acc:  6.38%
 Step:   8840000 | Energy:      8.8026 | Acc:  6.37%
 Step:   8850000 | Energy:     15.4591 | Acc:  6.37%
 Step:   8860000 | Energy:     11.8385 | Acc:  6.37%
 Step:   8870000 | Energy:      3.0683 | Acc:  6.37%
 Step:   8880000 | Energy:      9.6012 | Acc:  6.37%
 Step:   8890000 | Energy:     11.3375 | Acc:  6.37%
 Step:   8900000 | Energy:      7.1193 | Acc:  6.37%
 Step:   8910000 | Energy:     11.0284 | Acc:  6.36%
 Step:   8920000 | Energy:     15.4100 | Acc:  6.36%
 Step:   8930000 | Energy:     12.8368 | Acc:  6.36%
 Step:   8940000 | Energy:     20.5619 | Acc:  6.36%
 Step:   8950000 | Energy:     19.9591 | Acc:  6.36%
 Step:   8960000 | Energy:      9.9425 | Acc:  6.36%
 Step:   8970000 | Energy:      9.3393 | Acc:  6.36%
 Step:   8980000 | Energy:     12.5897 | Acc:  6.36%
 Step:   8990000 | Energy:     10.5125 | Acc:  6.36%
 Step:   9000000 | Energy:      9.3822 | Acc:  6.35%
 Step:   9010000 | Energy:     11.7371 | Acc:  6.35%
 Step:   9020000 | Energy:     13.2862 | Acc:  6.35%
 Step:   9030000 | Energy:      7.2360 | Acc:  6.35%
 Step:   9040000 | Energy:      9.9715 | Acc:  6.35%
 Step:   9050000 | Energy:      5.1976 | Acc:  6.35%
 Step:   9060000 | Energy:      9.4158 | Acc:  6.35%
 Step:   9070000 | Energy:     13.5603 | Acc:  6.35%
 Step:   9080000 | Energy:      8.4458 | Acc:  6.35%
 Step:   9090000 | Energy:     11.0914 | Acc:  6.34%
 Step:   9100000 | Energy:      8.4843 | Acc:  6.34%
 Step:   9110000 | Energy:      8.2481 | Acc:  6.34%
 Step:   9120000 | Energy:      9.8456 | Acc:  6.34%
 Step:   9130000 | Energy:     13.8213 | Acc:  6.34%
 Step:   9140000 | Energy:     12.9603 | Acc:  6.34%
 Step:   9150000 | Energy:     11.4785 | Acc:  6.34%
 Step:   9160000 | Energy:     17.2053 | Acc:  6.34%
 Step:   9170000 | Energy:     17.7612 | Acc:  6.34%
 Step:   9180000 | Energy:     15.1735 | Acc:  6.34%
 Step:   9190000 | Energy:     19.7531 | Acc:  6.34%
 Step:   9200000 | Energy:     18.5129 | Acc:  6.34%
 Step:   9210000 | Energy:     18.1912 | Acc:  6.34%
 Step:   9220000 | Energy:     15.0590 | Acc:  6.34%
 Step:   9230000 | Energy:     17.8626 | Acc:  6.34%
 Step:   9240000 | Energy:     13.5745 | Acc:  6.34%
 Step:   9250000 | Energy:     11.7451 | Acc:  6.33%
 Step:   9260000 | Energy:     13.0603 | Acc:  6.33%
 Step:   9270000 | Energy:     11.5523 | Acc:  6.33%
 Step:   9280000 | Energy:      7.7913 | Acc:  6.33%
 Step:   9290000 | Energy:      6.8745 | Acc:  6.33%
 Step:   9300000 | Energy:      4.7195 | Acc:  6.33%
 Step:   9310000 | Energy:      6.5003 | Acc:  6.33%
 Step:   9320000 | Energy:      6.0991 | Acc:  6.33%
 Step:   9330000 | Energy:      9.8058 | Acc:  6.33%
 Step:   9340000 | Energy:      2.8809 | Acc:  6.33%
 Step:   9350000 | Energy:      9.8096 | Acc:  6.33%
 Step:   9360000 | Energy:     11.3644 | Acc:  6.33%
 Step:   9370000 | Energy:     11.8824 | Acc:  6.33%
 Step:   9380000 | Energy:      4.6803 | Acc:  6.33%
 Step:   9390000 | Energy:      3.4289 | Acc:  6.33%
 Step:   9400000 | Energy:      4.4774 | Acc:  6.33%
 Step:   9410000 | Energy:      4.5549 | Acc:  6.33%
 Step:   9420000 | Energy:      8.3847 | Acc:  6.33%
 Step:   9430000 | Energy:     10.7392 | Acc:  6.33%
 Step:   9440000 | Energy:      5.2291 | Acc:  6.33%
 Step:   9450000 | Energy:     10.0880 | Acc:  6.32%
 Step:   9460000 | Energy:      7.7025 | Acc:  6.33%
 Step:   9470000 | Energy:      7.1337 | Acc:  6.32%
 Step:   9480000 | Energy:      5.9926 | Acc:  6.32%
 Step:   9490000 | Energy:     10.6448 | Acc:  6.32%
 Step:   9500000 | Energy:      8.2063 | Acc:  6.32%
 Step:   9510000 | Energy:      9.8979 | Acc:  6.32%
 Step:   9520000 | Energy:     12.2927 | Acc:  6.32%
 Step:   9530000 | Energy:      8.7846 | Acc:  6.32%
 Step:   9540000 | Energy:      9.5719 | Acc:  6.32%
 Step:   9550000 | Energy:     16.3898 | Acc:  6.32%
 Step:   9560000 | Energy:     14.8286 | Acc:  6.32%
 Step:   9570000 | Energy:     13.8700 | Acc:  6.32%
 Step:   9580000 | Energy:     15.6357 | Acc:  6.32%
 Step:   9590000 | Energy:     12.0311 | Acc:  6.32%
 Step:   9600000 | Energy:     17.8036 | Acc:  6.32%
 Step:   9610000 | Energy:      6.8579 | Acc:  6.32%
 Step:   9620000 | Energy:      9.4234 | Acc:  6.32%
 Step:   9630000 | Energy:     13.0261 | Acc:  6.32%
 Step:   9640000 | Energy:     11.5133 | Acc:  6.32%
 Step:   9650000 | Energy:     18.6742 | Acc:  6.32%
 Step:   9660000 | Energy:     21.1986 | Acc:  6.32%
 Step:   9670000 | Energy:     17.5807 | Acc:  6.32%
 Step:   9680000 | Energy:     16.0672 | Acc:  6.32%
 Step:   9690000 | Energy:     22.0776 | Acc:  6.32%
 Step:   9700000 | Energy:     19.6927 | Acc:  6.32%
 Step:   9710000 | Energy:     21.6630 | Acc:  6.32%
 Step:   9720000 | Energy:     16.2210 | Acc:  6.32%
 Step:   9730000 | Energy:     23.6701 | Acc:  6.32%
 Step:   9740000 | Energy:     23.8095 | Acc:  6.32%
 Step:   9750000 | Energy:     27.1462 | Acc:  6.32%
 Step:   9760000 | Energy:     24.8633 | Acc:  6.32%
 Step:   9770000 | Energy:     24.4432 | Acc:  6.33%
 Step:   9780000 | Energy:     29.1510 | Acc:  6.33%
 Step:   9790000 | Energy:     21.9811 | Acc:  6.33%
 Step:   9800000 | Energy:     23.6363 | Acc:  6.33%
 Step:   9810000 | Energy:     19.1868 | Acc:  6.33%
 Step:   9820000 | Energy:     23.8644 | Acc:  6.33%
 Step:   9830000 | Energy:     22.6751 | Acc:  6.33%
 Step:   9840000 | Energy:     22.7781 | Acc:  6.33%
 Step:   9850000 | Energy:     21.2000 | Acc:  6.33%
 Step:   9860000 | Energy:     20.9440 | Acc:  6.33%
 Step:   9870000 | Energy:     24.0111 | Acc:  6.33%
 Step:   9880000 | Energy:     22.3470 | Acc:  6.34%
 Step:   9890000 | Energy:     21.0452 | Acc:  6.34%
 Step:   9900000 | Energy:     22.0192 | Acc:  6.34%
 Step:   9910000 | Energy:     22.6209 | Acc:  6.34%
 Step:   9920000 | Energy:     22.4053 | Acc:  6.34%
 Step:   9930000 | Energy:     23.3790 | Acc:  6.34%
 Step:   9940000 | Energy:     12.5179 | Acc:  6.34%
 Step:   9950000 | Energy:     22.7732 | Acc:  6.34%
 Step:   9960000 | Energy:     23.1281 | Acc:  6.34%
 Step:   9970000 | Energy:     21.5094 | Acc:  6.34%
 Step:   9980000 | Energy:     24.8978 | Acc:  6.34%
 Step:   9990000 | Energy:     29.2785 | Acc:  6.34%
 Step:  10000000 | Energy:     23.2519 | Acc:  6.34%
 ------------------------------------------------------------
 [MC Simulation] WALL TIME:    2616.2815 s
 [MC Simulation] Finished Successfully
rm -f ../bin/*.o ../bin/*.mod ../bin/main_serial.x ../bin/main_parallel_replicas.x
rm -f *.o *.mod
All serial benchmark runs complete.
