# Step Torsion_Angles(rad)...
         1    2.3488    1.6424    1.8088    0.7605    2.6566    2.0639    0.4714    0.5703    2.5544    2.0642    0.4844    0.5561    2.5659    2.0570    0.4948    0.5619    2.5673    2.1804    0.3473    0.6233    2.5660    2.2577    0.2495    0.6630    2.5660    2.2577    0.2495    0.6509    2.5670    2.1568    0.3347    0.6412    2.5521    2.1858    0.2275    0.7900    2.4950    1.7786    0.8185    0.4611    2.5097    1.7970    0.9293    0.3485    2.5570    1.7863    0.9293    0.3485    2.5570    1.7863    0.9293    0.3485    2.5570    1.7863    0.9293    0.3485    2.5546    1.8247    0.7131    0.5291    2.5052    2.2094    0.3670    1.0514    2.6337    2.6495    0.6338    1.1503    2.5620    2.6495    0.5397    1.0620    2.5913    2.5811    0.4902    1.0879    2.6801    3.0139    1.4793    1.6323    2.6207    3.0363    1.4409    1.6867    2.6289    3.0400    1.4667    1.7091    2.6295    3.0368    1.4162    1.6559    2.6540    3.0367    1.7015    1.7046    2.6341    3.0082    1.6516    1.7046    2.6341    3.0082    1.6516    1.7046    2.6341    3.0082    1.6509    1.7040    2.6343    3.0081    1.6510    1.7040    2.6650    2.6670    2.0967    1.7564    2.6552    2.5895    2.0856    1.8369    2.6549    2.6278    2.1601    1.9402    2.6934    2.6286    2.1958    2.0709    2.5952    3.1354    2.1716    2.1923    2.8070    2.5895    2.1960    1.7492    2.7696    2.6330    2.2059    1.8261    2.7659    2.6394    2.0934    1.9461    2.5576    2.9662    1.9144    2.2938    2.6379    3.0223    2.1930    2.2337    2.5840    2.9451    2.2519    2.1763    2.7336    2.6280    2.4023    2.0839    2.7707    2.6398    2.5011    2.1256    2.8136    2.5226    2.5670    2.1181    2.8014    2.5462    2.5983    2.1765    2.8138    2.5719    2.6075    2.1791    2.8322    2.4813    2.5788    2.2833    2.7304    2.7457    2.5818    2.3378    2.7347    2.6306    2.4996    2.2229    2.7224    2.5648    2.5084    2.2335    2.7311    2.4820    2.5783    2.1708    2.8301
     10000    1.1494    2.7570    1.4225    1.9487    2.1454    1.7043    1.8449    2.7403    1.1799    1.2912    2.3077    0.8417    2.8123    0.5926    2.6143    2.7079    2.9145    2.8854    2.9313    0.6110    2.6684    1.9120    1.9631    1.2512    2.4346    0.8036    2.9750    0.1508    3.0844    1.0339    0.6358    0.2315    1.3357    1.3314    1.1060    1.2692    0.8617    1.3914    0.9810    0.5578    1.2378    0.6514    1.1499    0.1499    1.7200    1.1494    2.4057    0.8115    2.5626    1.6173    1.6644    0.2292    1.4470    0.7036    0.8403    0.9082    0.3939    0.7776    1.9222    0.7608    2.6937    1.4507    2.2041    0.1861    1.8511    1.1103    1.8797    2.1305    1.7103    1.6806    1.7992    1.2395    2.2827    1.9258    0.9632    1.6697    0.9457    2.8114    0.9814    2.9887    0.0949    1.8237    0.4231    1.1714    0.4868    0.9947    0.9863    0.4827    2.2500    0.4119    2.3005    0.5684    3.0689    1.0945    1.6294    2.3565    2.3507    1.5034    3.0908    1.4497    2.1695    1.5884    2.3011    1.9924    0.3312    1.1738    3.1112    0.4910    2.2621    0.4824    2.7327    0.3351    2.0823    0.9642    2.1013    0.8088    2.9425    0.1746    2.4443    0.8272    1.2367    0.4717    2.1283    0.4899    2.7179    0.2486    3.0766    2.0211    2.4758    1.4962    1.4859    2.2360    0.3379    1.9766    1.6378    3.0456    1.5639    0.7030    0.5423    0.4978    0.1197    0.2119    0.0441    0.0901    0.4229    0.6297    0.2248    0.1278    0.0467    3.0601    0.0207    0.2486    0.6662    0.5427    0.0979    0.5642    0.2976    1.5147    0.6568    0.8978    0.6653    0.1182    0.8768    1.2493    0.1249    1.8370    1.0700    1.1871    0.0163    1.2238    0.7469    1.9798    0.1821    0.9234    0.8624    0.9161    0.0137    2.5849    0.3675    1.2486    1.1771    1.1247    0.0423    1.0019    1.8809    1.0858    2.9313    0.8904    2.9777    1.2184    2.3675    1.4410    1.1118    1.0022    0.3428    1.4150    0.2055
     20000    1.1854    2.1562    1.7865    1.7753    2.4446    1.5923    1.8578    2.6302    0.5623    1.1226    2.1656    1.4998    2.4604    2.3960    1.5421    2.1380    3.0591    2.8931    3.1179    1.3537    2.3837    3.1349    1.4021    2.1758    2.1926    2.2725    0.3680    1.0991    2.4093    1.8215    1.2023    0.1191    1.6893    1.7713    1.4509    1.1031    0.8877    1.9818    1.1187    0.4772    1.5007    1.2878    1.6504    0.3971    2.0712    1.7208    2.5276    1.4389    2.8114    2.1508    2.5197    0.7774    1.9498    1.5117    2.2638    0.7682    2.5928    1.2551    1.9904    0.9671    2.6236    2.0599    2.3674    0.7153    0.8423    2.2234    1.9660    2.8774    1.0496    0.6215    0.5283    1.4422    1.0408    1.1584    0.6730    1.4936    1.1033    2.3520    0.8411    2.8934    0.1946    2.0088    0.4211    1.5049    0.5799    2.9482    0.9572    1.1538    1.2415    1.8696    0.2493    2.1888    2.0367    1.3362    2.7822    1.5347    3.0746    2.2365    2.9652    2.4843    1.9294    2.7191    2.4621    2.6505    0.3173    0.5372    3.0359    1.4306    3.0410    1.0835    3.0518    1.6150    2.6785    0.9766    1.9145    0.8951    1.2562    0.4082    1.8332    0.8464    1.1007    0.7183    1.8530    1.5265    0.1447    1.2731    2.3907    1.2198    3.1145    1.7107    2.6183    2.4308    2.3039    1.8814    2.6668    2.7790    2.4479    1.1574    2.2708    0.4700    2.8314    0.3785    2.7912    0.2012    2.7874    0.9005    2.4372    1.4751    2.2680    2.5115    1.8962    1.7165    2.8701    1.4580    3.1282    0.7045    2.9294    0.5247    2.9724    0.3776    2.8829    0.6280    2.8866    1.1628    3.0295    1.2953    2.8875    1.1691    1.9263    1.3429    0.7895    2.3060    2.7447    1.0362    1.4445    1.6756    2.1678    2.8386    1.6420    1.8578    0.0980    1.5906    2.9962    1.6125    2.6070    0.0734    2.7451    1.2727    3.0485    0.1275    3.0611    1.1988    1.2191    1.9824    2.5640    3.0230    1.4832
     30000    1.0721    1.4381    1.9733    1.2491    2.9596    1.3477    1.5712    0.9208    0.8326    0.8091    1.6766    0.9672    1.9262    1.9831    2.9313    3.0564    2.9309    2.5382    2.6203    1.7802    2.3352    3.0267    1.4268    2.5403    2.1610    2.5382    0.7071    1.1744    2.4692    2.0677    0.2442    0.9959    1.2707    2.1850    0.1929    2.8140    0.3720    2.5301    0.4539    1.3270    0.9501    1.6915    1.1554    0.5847    1.3686    2.1270    1.3212    0.2058    1.8593    2.4837    2.7273    0.4591    1.1132    2.2314    0.8634    3.1193    1.5102    1.4731    1.2313    0.0850    1.8228    2.4623    0.4189    2.1240    0.3000    2.2185    1.7890    2.9590    0.7515    0.4824    0.3770    0.7558    0.6818    0.9311    0.6270    1.3159    0.8855    1.8871    0.9511    2.6722    0.2120    2.0851    0.1931    1.8372    0.7000    3.0533    0.9965    0.9894    1.3694    1.8197    0.3780    2.0905    2.1364    1.1923    2.9204    1.5061    2.9602    2.0332    3.0343    2.3471    0.6508    1.5960    1.8631    2.7055    0.5408    0.7468    2.8585    1.0396    3.0930    0.7631    3.1201    1.5516    2.4362    0.7460    2.1471    0.5821    1.5224    0.2564    1.8674    0.8280    2.1601    0.7530    2.8655    0.4942    3.0060    0.3363    3.0839    0.3597    2.9975    0.7616    2.6812    1.1479    2.4614    0.7138    2.6525    2.8136    3.0383    0.4711    1.6397    0.7342    2.2919    0.3827    2.7863    0.0530    3.1299    1.0023    2.9102    1.4127    1.8032    2.9943    1.6272    1.7988    3.0755    0.7914    2.2418    0.6209    3.0288    0.5587    2.4308    0.4576    2.7975    0.2732    3.0093    1.3496    2.0542    0.4100    2.1602    1.6643    3.1330    1.5087    1.9202    1.5523    1.3913    2.7391    0.6172    2.5931    2.4041    2.8902    2.8266    2.3134    2.0602    2.6080    2.6413    1.6532    1.0842    2.6953    1.5098    1.6547    2.5074    1.8548    1.8657    2.5094    2.8257    0.5752    0.1549    1.3514    0.2564
     40000    1.1225    1.8556    1.8676    1.5886    2.6243    1.4963    1.8225    1.6713    0.2462    1.1973    1.7998    1.2910    1.9530    0.2578    1.6349    2.2171    3.0824    1.2682    2.3003    3.0999    2.0913    2.7273    1.2973    2.0398    2.2399    2.4564    0.4751    0.8551    2.5750    2.2488    0.2666    0.9210    1.6560    2.1899    0.3106    2.5253    0.5789    2.4214    0.8277    0.7702    1.3793    1.5526    1.4754    0.1199    1.8379    2.0507    2.1442    1.1402    2.5643    2.4468    2.7322    0.7824    1.5402    1.9897    2.4133    0.2563    1.8030    1.4483    1.5834    0.6129    2.3317    2.3081    2.1628    0.4306    0.4062    2.4632    1.9134    2.8656    1.0281    0.6670    2.0773    1.3705    3.0036    1.6496    0.8821    2.4038    1.0238    2.5576    0.9861    2.9469    0.2070    1.9344    0.4026    1.5579    0.5791    2.9951    1.0046    0.9721    1.4328    1.8422    0.3160    2.1191    1.8754    1.2746    2.6510    1.3495    2.7015    2.1968    2.7184    2.0874    1.2995    2.3453    2.0997    2.1186    0.0206    0.6719    2.7204    0.5262    2.2760    1.0145    3.0737    1.6069    2.7357    1.0303    1.9661    0.6851    1.4039    0.5276    1.9641    1.1101    2.1538    0.1858    2.3397    1.0986    0.6830    1.4434    2.6233    2.2469    3.1206    1.4748    1.6825    1.9215    0.0123    1.9363    2.0770    2.9657    1.9593    0.9185    0.1661    0.2913    0.6414    0.2458    1.0640    0.0137    1.2280    0.4719    1.1988    1.3224    1.0466    2.4171    3.0501    1.1257    1.9813    1.3562    1.7479    0.1621    1.8627    1.1021    2.8525    0.2617    2.4910    0.1546    2.4179    0.1711    2.5111    0.0093    2.0036    0.0702    2.8175    0.3394    2.7295    0.8760    2.2573    1.2969    2.6470    0.3160    2.8908    1.3404    1.7526    0.0771    0.6082    0.0914    1.9316    0.2815    2.6811    0.6240    1.5316    1.8484    2.0458    0.5857    1.9553    2.1015    1.4384    2.4957    2.2800    1.5061    2.7213
     50000    1.0864    1.5352    1.9857    1.3435    2.8456    1.2003    2.0287    1.8641    2.1690    1.1690    1.9900    1.6876    1.9119    0.7007    2.2254    1.2693    2.9642    0.9902    2.6527    2.1624    2.1538    2.2274    1.4382    2.5896    2.2576    2.1799    0.3903    1.2167    2.3908    2.6943    0.1626    1.1575    2.0288    2.4916    1.7567    2.0592    0.9351    2.7565    1.1142    0.3936    1.6139    1.9515    1.6894    0.5490    2.0791    2.4063    2.4536    1.7769    2.7613    2.7430    2.9101    1.6949    1.7923    2.6486    2.2593    2.2276    2.8836    1.7905    1.0896    0.3758    2.3283    2.6868    1.6451    3.1165    0.6716    2.1160    1.8635    2.9248    0.6381    0.4000    0.2120    0.2309    0.3242    1.2568    0.7788    1.6692    0.9731    2.2160    0.9122    2.7274    0.2067    2.0767    0.2536    1.7068    0.5603    3.0350    0.9490    1.1058    1.3544    1.8962    0.2477    2.2384    2.1217    1.2531    2.8377    1.4653    3.0447    2.2255    2.7753    2.2612    1.0384    2.0393    1.9319    2.3846    0.2319    0.7186    2.7342    1.0175    2.9965    0.8543    3.0609    1.5798    2.4659    0.9547    2.0220    0.8498    1.3294    0.1634    2.0813    1.4963    1.6300    0.1452    2.1454    1.5177    0.3439    1.1755    2.7067    1.2035    3.0565    0.9199    2.9215    1.0236    2.7332    1.8089    2.4533    2.7939    2.3729    1.0248    2.0042    0.6198    2.9573    0.4034    2.5810    0.1112    2.6406    0.7570    2.1253    1.0007    1.3259    2.3121    1.8758    1.9515    2.5045    1.5170    2.0232    0.4249    2.7975    0.3084    1.9007    0.0771    1.5340    0.3877    1.1426    1.4054    2.6671    0.6515    2.3589    1.6724    2.8568    0.3246    1.1316    2.3383    2.5461    1.1134    1.5007    1.1935    2.6687    2.5236    0.8807    1.7688    0.7479    2.3248    2.1899    2.6355    3.0094    0.0658    2.7796    1.1363    2.8486    0.6530    2.9320    0.5652    2.7625    2.9024    2.1398    1.8220    0.9530
     60000    1.9589    1.2342    2.1971    1.0465    2.9393    1.3775    2.0232    1.0651    0.7963    1.0923    2.1504    1.3796    2.1068    0.9607    2.9335    0.6577    2.8882    0.9484    2.8569    1.1648    2.5457    1.4636    2.7854    1.2615    2.6188    1.7256    2.8170    1.5198    2.5530    2.4856    2.9853    3.0902    3.0722    3.0923    2.8527    2.5599    3.1399    2.9472    3.0197    2.8001    3.1285    2.9120    3.0080    3.0688    3.0092    2.9712    3.1155    2.8956    3.0867    2.7338    2.7147    2.9566    2.6654    2.7674    2.7306    2.7468    3.0724    2.5854    2.9916    2.7801    2.7720    2.7305    2.5599    3.0085    1.5612    1.6395    2.1653    2.2010    0.4576    0.4244    0.1402    0.9349    0.2510    1.5579    1.0781    1.4864    1.1673    2.3791    0.9837    2.8558    0.2392    2.3903    0.2072    1.7349    0.0674    3.0971    0.6792    1.7160    1.1815    2.1774    1.9560    1.9377    2.7092    1.4484    2.9408    2.0393    1.9522    2.4988    2.4399    2.5980    1.1100    2.6910    1.5997    2.5266    0.2655    1.2050    2.2098    1.6369    2.4025    0.7972    2.9353    1.6562    1.8961    1.1385    1.9168    1.8819    0.5191    0.0047    2.4994    2.0033    1.1902    0.0526    2.2027    3.1408    0.9343    1.3536    2.7335    0.9749    2.4687    0.7717    2.6522    1.4257    1.8717    1.4089    0.5108    3.0471    2.8611    0.4267    2.0597    0.7895    1.7142    0.3320    2.3577    0.1773    2.9225    1.2493    2.9380    1.7719    1.6409    2.8426    1.4465    2.1217    2.1620    2.0934    2.0619    0.5586    1.9393    0.4470    1.8827    0.6478    1.8472    0.0287    1.6472    1.4456    1.1344    1.7898    0.1507    2.5442    2.1822    2.4547    1.6293    1.7665    0.0150    2.2902    0.6603    2.7692    2.6031    3.0149    3.0977    2.3748    2.8535    2.1137    1.6430    2.4798    1.7911    2.9084    1.8633    2.4432    2.1029    0.8622    1.4733    0.0620    3.1000    1.8689    1.6955    0.3530    2.0503
     70000    1.0792    1.7417    1.8814    1.5658    2.6112    1.4319    1.8672    2.4655    0.3610    1.1065    2.0180    1.7060    1.8747    0.4122    1.9500    1.7534    3.0724    1.4607    2.4739    3.0275    2.1651    3.1300    1.5038    1.7524    2.3263    2.9644    1.1459    0.6419    2.7276    2.2246    0.1023    1.2036    1.4125    2.2775    0.1055    2.8163    0.4519    2.4728    0.6892    0.9792    1.1608    1.5301    1.2809    0.2987    1.5351    1.9814    1.9892    0.7345    2.3143    2.3897    2.6952    0.6018    1.3672    2.1847    0.8221    2.9122    1.5033    1.4946    1.1244    0.0187    2.0286    2.4655    0.2224    1.8793    0.4089    2.2524    1.8422    3.1126    0.9082    0.6042    0.2595    0.8427    0.7276    1.0635    0.6843    1.5773    0.9213    2.1402    0.9117    2.6836    0.1507    1.9756    0.2426    1.7105    0.6364    3.0475    0.9689    1.0330    1.3378    1.8241    0.3828    2.0862    2.0684    1.2101    2.8644    1.4556    3.1199    2.1201    2.9303    2.3112    1.1950    2.0623    2.0664    2.5217    0.3514    0.6931    2.8007    0.7972    2.7567    0.9070    3.1100    1.5731    2.4997    0.8074    2.2002    0.0507    2.0694    0.0879    2.2043    1.3150    1.6485    0.2138    2.5120    0.8060    3.1090    0.4309    3.0852    0.3244    2.9483    1.0589    2.7124    1.8661    0.8953    0.1203    3.0406    2.1488    2.6721    0.4770    1.8487    0.5560    2.3766    0.2541    2.6989    0.0272    3.0114    0.6599    3.0341    1.5556    1.9391    2.2562    1.4191    1.1350    1.9024    0.0705    2.1660    0.5113    1.3407    0.4045    1.3000    0.2400    1.4034    0.4815    0.0109    2.0820    2.8130    1.7233    2.6801    1.9153    1.6128    1.3160    0.1072    2.9763    1.9285    1.7636    0.9433    2.6538    2.8757    1.9004    3.0023    1.2454    2.1487    1.1266    2.7453    2.3073    2.9294    0.3229    0.1196    0.5492    3.1303    0.3381    3.1148    2.7105    2.5215    2.5050    2.8150    2.5405    1.7225
     80000    1.0639    1.6660    1.9006    1.4817    2.6914    1.3492    1.9036    2.4616    0.3208    1.0725    1.9759    1.5618    1.9842    0.4860    2.2556    1.2189    3.0380    1.1828    2.5037    2.7093    2.0839    2.8449    1.3801    1.9990    2.2270    2.7867    0.7129    0.8191    2.5961    2.3940    0.0260    1.3120    1.4752    2.4426    0.1701    3.1202    0.4303    2.6441    0.5418    1.1573    1.1478    1.7068    1.2727    0.3146    1.5468    2.1696    1.7551    0.7688    2.5020    2.5717    2.7720    0.6209    1.2259    2.5500    1.0306    3.0720    1.7213    1.6406    0.8734    0.1095    2.1154    2.6495    0.5544    2.0849    0.5986    2.0659    1.8399    3.1154    0.8869    0.5635    0.1689    0.6541    0.6702    0.9118    0.6391    1.3746    0.9056    1.9854    0.8711    2.6290    0.1518    2.0331    0.2102    1.7561    0.6267    3.0659    0.9510    1.0684    1.3158    1.8200    0.4085    2.0658    2.1496    1.2110    2.9512    1.5744    2.9221    2.1301    3.0066    2.4365    1.1269    1.9519    2.0131    2.6735    0.4369    0.6669    2.8807    0.9806    3.0402    0.8416    3.1167    1.5413    2.4340    0.7578    2.2250    0.2473    1.8951    0.0359    2.1895    1.3709    1.6055    0.2201    2.4220    0.6990    2.9267    0.4864    3.0488    0.3699    2.9784    1.0471    2.7026    1.7612    1.0859    0.2157    3.0667    2.1758    2.6344    0.4677    1.8934    0.6294    2.2628    0.2590    2.6108    0.0359    2.9756    0.7124    3.0230    1.6147    1.9126    2.2507    1.3916    1.2190    1.7622    0.1858    2.0614    0.5563    1.5099    0.2326    1.5429    0.0890    1.4040    0.4533    0.1133    1.9794    2.9043    1.7123    2.7092    1.7574    1.4885    1.2558    0.3063    2.6751    2.0991    1.8919    1.5003    2.8610    2.9336    1.5768    2.5609    1.3792    2.9010    1.3979    2.9693    2.7181    2.3632    2.6822    2.6095    2.3103    2.5954    1.1488    3.0764    2.2514    2.3359    2.5405    2.3012    2.5399    1.7462
     90000    1.3537    0.6588    1.3266    1.7560    0.8668    0.8431    2.3193    0.2855    1.3267    0.1288    1.8599    0.0914    0.8014    0.3205    0.3442    0.6054    0.4552    0.6310    0.5445    0.4431    0.5978    0.0722    0.4387    0.3126    0.1732    0.8849    0.7990    0.6248    0.8895    0.8088    2.0821    0.5528    2.7892    0.0656    2.5822    0.6344    3.0130    0.5526    2.8972    0.3080    2.8138    0.4366    2.1582    0.1444    1.9018    0.3328    0.3299    0.1640    1.5671    0.1619    2.2362    0.0701    2.8304    0.1539    2.7391    0.4829    2.6967    0.3979    3.0282    0.2709    2.3875    0.2301    3.0334    0.1547    3.0559    0.9223    2.9346    0.1332    2.7751    0.4857    2.7263    0.3029    1.6456    0.5683    2.9950    0.3075    2.9616    0.5418    2.6915    2.3572    2.8610    1.4763    2.3561    0.8121    0.9144    0.5420    0.7952    1.1296    1.5476    1.4545    1.5407    0.1951    1.2893    0.4384    0.4270    0.5183    0.1709    1.7035    0.4725    3.0461    0.8572    1.5347    1.2265    2.6528    0.1803    1.4762    1.1637    2.7466    0.1808    3.0240    0.0166    1.8939    1.0760    1.5172    1.2622    3.1319    1.3710    2.8914    1.3711    2.2310    0.4662    0.8371    0.9011    0.0445    0.4881    0.4282    2.5850    0.3296    0.7656    0.3256    0.2391    0.1150    0.1316    0.1593    0.0726    2.5774    0.0584    0.9812    1.3713    2.0429    0.8823    2.7173    1.1157    0.2631    1.8175    3.1030    1.1139    1.8545    0.5793    2.0605    0.6962    1.6626    0.3151    1.8999    0.7518    0.3813    1.4955    2.7185    0.9327    3.0660    0.7050    1.0037    0.6412    1.9254    0.6270    2.6647    0.5380    1.3237    0.6096    2.6526    0.4042    2.7111    0.8727    2.1126    1.1837    1.7059    1.4077    1.7322    1.8694    0.0197    1.9890    1.3068    1.4132    0.6131    2.1197    0.4843    1.6810    0.6895    2.1230    0.5542    0.6147    1.0317    0.2803    1.0151    1.5244    1.2760    3.1006
    100000    0.7559    2.0919    0.9593    2.9335    0.1061    1.9483    0.2102    0.6932    0.3322    0.7745    0.1474    2.0871    1.0768    2.0823    0.0492    1.4184    1.7055    1.0251    0.0144    2.4958    1.3283    0.9026    0.2921    1.5016    1.5852    0.8961    0.7570    1.0648    0.6897    0.8509    0.0925    1.0908    0.6530    0.8389    0.9006    1.5077    0.6025    1.1595    0.8810    1.1461    0.7799    1.1201    0.4630    0.9764    0.4168    0.5525    0.5421    0.1174    0.4369    0.0137    0.2878    0.7358    0.0756    2.0327    0.4803    1.7609    0.0403    1.1416    0.5569    1.0078    0.7122    0.5618    0.8513    0.4336    2.7244    1.1921    2.7459    1.7249    0.2787    2.3149    1.2653    1.6308    0.6666    2.8635    0.8635    1.6449    1.3216    2.9587    0.2939    1.4110    2.5686    2.9573    1.2980    1.1351    3.0270    2.6392    1.7522    0.7125    1.3951    1.4791    0.9231    0.0938    0.4513    0.5323    0.4534    0.3474    0.7278    0.0942    2.2190    0.0932    2.8777    0.1977    2.5186    0.2721    1.2843    1.2918    1.1111    1.6982    0.6098    1.8052    1.1978    1.6364    1.8428    1.0213    1.3682    3.1379    0.9202    1.1131    1.3742    1.8670    0.4148    0.9559    0.5262    1.1610    0.4690    1.6282    0.0616    2.7014    0.3940    0.7109    0.5612    0.8579    0.6296    0.6102    3.0126    0.4485    2.7180    0.2740    1.5722    0.2996    1.1853    0.0868    1.8179    0.6753    1.9038    3.1031    1.5015    1.2472    2.7388    1.1537    2.6243    0.5598    0.7331    2.2564    1.2726    2.6042    0.1514    0.7878    0.3866    0.5656    0.5577    0.4679    0.1048    0.5827    2.4277    0.0837    2.2748    1.6635    2.4544    0.5574    2.6533    0.0794    3.0263    0.4831    3.0719    0.0337    2.4003    1.1118    1.3802    0.6150    0.2551    0.5471    0.9267    0.2355    3.0845    0.0664    1.9415    0.8578    2.6388    0.0658    2.1275    2.8950    0.2701    2.0153    1.3945    1.7511    0.4840
    110000    1.2271    0.5883    1.5753    0.3663    1.3331    2.4945    1.1113    0.0593    1.0614    0.2749    1.4861    0.2836    0.6663    0.5605    0.7233    1.0645    0.2923    0.9161    0.7184    0.8310    0.4712    0.5158    0.6348    1.0080    0.2609    1.0922    1.5220    1.5555    2.6619    1.1777    2.2214    0.9452    1.8157    0.1407    1.9668    1.0365    2.2046    0.1666    2.3310    0.8499    2.4315    0.3098    2.4242    0.7898    2.9471    0.4438    1.3143    0.1960    2.9892    0.1779    2.5723    0.4990    2.1068    0.2091    1.7640    0.7997    1.2958    0.2752    1.4725    0.7253    2.0742    0.1361    1.7814    0.4307    2.7725    0.1860    3.0483    0.7659    2.5713    1.1070    3.0485    0.8170    1.7047    1.1817    2.3291    0.8359    3.1036    1.0401    2.5968    3.0348    2.8741    2.6063    2.8734    3.0912    1.3565    1.3385    1.3793    2.8575    2.0724    1.5434    1.7468    0.6288    1.1817    0.3478    0.8991    0.3312    0.3787    0.3816    2.6163    0.6717    2.7270    0.5614    2.2068    2.8552    0.1743    0.9623    1.7358    2.6595    0.0113    2.0837    0.2835    1.7537    0.6029    1.4287    1.1638    3.0250    1.2506    2.5499    1.3011    2.8983    0.7515    0.5950    0.2424    1.3760    0.4677    1.4926    0.9377    1.9980    0.2697    0.3449    0.0019    0.4715    0.1718    0.5129    1.3913    1.4489    2.6610    0.8756    2.6814    1.2317    1.7857    1.4397    2.4752    0.1476    2.7463    2.1733    3.0398    2.3508    0.4377    1.9104    0.2486    1.4422    0.4251    1.4865    0.3967    0.0893    1.3302    2.6569    0.9660    2.0022    0.8037    0.4786    0.7729    2.7332    0.5083    1.4171    0.8363    1.7891    0.6194    1.6678    1.2360    3.0344    0.9439    1.3465    1.6875    1.7170    1.4290    2.2261    2.9786    0.7157    1.9656    0.9487    1.2483    0.2985    2.0379    0.7953    1.0920    0.9900    2.8209    0.0323    1.7236    2.3504    0.7928    3.0751    1.7945    1.3824    0.7677
    120000    1.3145    0.6517    1.3636    1.1899    0.4213    1.9650    0.6806    0.0341    0.9814    0.0177    1.3966    0.4113    0.6104    0.4262    0.6092    0.7771    0.4991    0.7248    0.7350    0.4837    0.7000    0.1791    0.5966    0.4841    0.1720    0.9225    1.1919    0.4507    1.2717    0.9232    2.0921    0.6112    2.7862    0.1550    2.6582    0.6858    3.0754    0.6299    2.8781    0.3718    2.8095    0.5152    2.2838    0.0243    2.0723    0.3925    0.4962    0.1572    1.6870    0.2136    2.5036    0.0537    2.9606    0.1698    2.6606    0.4681    2.4488    0.3716    2.6692    0.3909    2.6987    0.2403    2.9304    0.2512    3.0359    0.9239    2.9710    0.1353    2.7322    0.5801    2.7238    0.3212    1.6476    0.6413    2.8727    0.3835    2.8928    0.6579    2.7184    2.5962    2.8468    1.7884    2.4083    1.0603    0.5960    0.7723    0.7731    1.3341    1.6394    1.4792    1.6240    0.3635    1.3019    0.4070    0.5440    0.4351    0.0087    0.4895    0.8570    2.5242    0.8895    1.2446    1.4595    2.5743    0.0786    1.3195    1.2825    2.6602    0.0796    2.8141    0.1251    1.9255    1.1219    1.6927    1.2190    3.0204    1.3094    2.8873    1.4172    2.4289    0.6689    0.3704    0.7802    0.5995    0.5826    0.3298    2.0854    0.6943    0.6665    0.0759    0.2518    0.0846    0.2335    0.0996    0.1282    2.5223    0.1648    0.9913    1.5694    1.8630    0.9935    2.6024    1.3428    0.1693    2.0441    2.7092    1.7282    1.9933    0.6698    2.0065    0.6720    1.5662    0.3594    1.6254    0.6753    0.2071    1.3780    2.9869    1.1174    2.5594    0.8158    1.0040    0.7154    2.8198    0.7933    2.1844    0.6318    1.5363    0.6996    2.5039    0.5787    2.7464    1.1080    1.9712    1.2939    1.8058    1.5091    1.9114    2.1295    0.0258    1.9942    1.2273    1.1910    0.2852    1.9314    1.1325    0.8428    1.1123    2.2984    0.0139    1.2770    2.4877    0.6300    2.9643    1.8435    1.4005    1.5656
    130000    0.9615    1.3680    1.2366    2.4846    0.2816    1.8896    0.4581    0.5212    0.6620    1.1759    0.3308    1.6203    0.5705    2.7148    0.5119    2.1519    1.1321    1.8712    0.7392    2.2459    0.0068    1.6829    0.0246    2.0831    0.4394    2.7255    1.0389    1.3870    0.2813    1.3098    0.2647    0.8497    1.1026    0.5094    1.2168    1.0110    1.1227    0.7047    1.2908    0.8395    1.3088    0.5835    0.9627    0.7928    0.1178    0.4443    0.7161    0.0926    1.2666    0.0034    0.9594    0.4726    0.5173    1.3168    0.7789    0.9633    0.5369    0.6905    0.9053    0.6828    1.1365    0.3531    1.1334    0.2412    2.7451    0.7980    2.9887    1.4087    0.9183    2.8754    1.9823    1.4895    1.2345    2.1968    1.1631    1.4376    2.3243    1.7960    1.3157    2.2682    2.3744    2.8963    2.0102    2.5967    2.6970    2.6726    2.1461    1.3639    2.9946    0.5626    0.1972    0.0198    0.1263    0.5677    0.5855    0.5487    0.3817    0.2135    2.1789    0.4756    2.9502    0.4826    2.3671    0.6334    2.8294    2.2478    0.6975    3.0095    0.3687    2.2886    0.4388    2.5384    0.0178    0.7390    1.4254    2.9397    1.2120    1.5160    1.6155    2.7708    0.2552    0.7307    0.2579    1.3869    0.1987    1.5139    0.1441    2.7104    0.2781    0.5212    0.4962    0.6458    0.4160    0.4706    2.7036    0.3530    3.0778    0.7145    2.4253    0.7512    2.0029    0.5316    2.9647    0.5015    2.9530    2.0181    2.6117    1.9561    3.0944    1.5453    2.3241    0.8739    0.1059    0.9295    0.5321    0.0050    2.0553    1.6543    0.6460    1.2089    0.4180    0.8286    0.1402    0.3658    0.1907    0.5359    0.8803    2.4026    1.2273    0.7264    1.7539    0.8160    1.3918    0.1123    2.8302    0.9878    2.1535    2.2718    2.1993    0.4004    0.5197    0.4533    1.3701    0.0174    2.8325    0.6852    3.0620    0.5162    2.2311    0.3745    2.2853    1.6410    1.4443    3.0836    1.0901    2.1312    1.3482
    140000    1.7723    1.2281    2.7157    1.3804    3.0890    1.6994    2.4666    0.6669    2.3117    0.0304    2.8552    0.7964    2.6268    0.8133    3.1280    0.5775    2.9141    0.9656    2.5781    0.7694    2.7374    1.0754    2.6239    1.1358    3.0253    1.5521    2.7663    1.3500    2.9352    1.9515    3.0369    2.7169    2.9785    2.8132    2.9295    2.2894    3.1352    2.5547    3.0104    2.7535    3.0438    2.5673    2.9213    2.1127    2.9309    2.1074    2.9171    2.1380    3.0647    2.0210    2.7427    2.1738    2.6879    2.1153    2.7352    2.9143    3.1299    3.0088    3.0464    2.2168    2.7706    2.1388    2.8166    2.5098    1.8943    1.4568    2.6005    1.9789    1.5068    0.9722    0.0022    1.2231    0.4720    1.6472    1.4639    1.4379    1.3585    2.5421    1.2891    2.9542    0.0698    2.6095    0.0368    1.8214    1.1026    2.1720    0.1193    2.0624    1.2184    2.3383    2.4992    1.7967    3.0895    1.6348    3.1387    2.8886    1.0961    1.7004    1.7849    2.7300    1.2963    2.6810    1.2509    2.4966    0.3222    2.6640    0.8576    1.7215    2.0461    0.7590    2.9951    1.6108    1.5467    2.2879    0.7049    2.0721    0.6930    0.7088    2.9351    2.0988    1.1171    0.2128    1.6196    2.3141    0.4337    2.0254    2.1674    1.3036    2.1787    0.5423    2.4886    1.2029    1.5971    2.2147    0.4915    3.0316    2.9826    0.5629    2.4037    0.8773    1.9461    0.5099    2.7089    0.2728    3.0201    1.4806    2.9011    2.0581    1.5014    2.8983    1.2886    2.6178    1.5028    2.6667    1.6073    0.3215    1.9181    0.8854    1.7296    1.0900    1.3974    0.0053    0.9518    2.3885    2.1368    2.7294    1.9481    2.1332    0.3004    2.8796    0.7148    2.8156    1.9884    3.0324    1.5129    2.6405    2.6601    2.5948    3.0926    2.5731    2.8165    3.0534    1.8269    2.4281    1.7790    2.0160    1.3334    2.9271    2.9115    0.1177    2.9910    1.6584    1.2979    2.1809    2.5494    1.8317    1.6266
    150000    1.8759    1.5007    2.1695    3.0509    2.0232    1.7457    0.0808    2.7437    1.8184    0.8019    0.6970    2.4174    2.5838    1.5404    2.2041    3.0593    1.2801    2.3313    1.7327    0.8012    1.8171    0.9125    1.0123    0.8469    1.7848    0.1411    1.7560    0.0395    2.4708    0.7243    0.6711    0.2313    1.7132    0.6220    1.5860    0.3692    1.4911    0.4552    1.7362    0.1020    1.8335    0.3579    2.1100    0.6216    3.0960    0.8659    2.4840    0.7180    2.9169    1.1457    2.2101    0.1492    2.1685    0.5491    1.6279    0.6695    1.4040    0.6010    2.1856    0.3747    2.4771    0.9343    2.2203    0.0739    2.4857    0.3925    1.8718    1.8232    1.7319    2.7452    1.5639    0.6032    0.2398    0.0493    0.8958    1.5120    0.0270    1.6822    1.0590    3.0409    0.3436    1.2731    0.9496    1.2291    0.6717    3.1245    0.8355    0.7150    1.2339    1.5555    0.3295    1.6417    0.7685    1.4503    0.6074    2.8856    1.7933    2.1053    2.4308    1.6832    2.0946    2.4895    2.4941    1.3352    2.3807    2.2653    1.9628    1.3929    0.3216    2.3874    2.8912    1.7623    2.7233    0.8209    1.9284    0.1674    2.1802    0.4468    2.5388    0.2925    2.2160    0.8607    3.0415    0.9656    3.0116    0.7578    2.7163    1.3369    2.8620    2.4131    3.0016    1.1210    2.7799    1.4118    2.9538    2.0269    2.9496    0.7905    0.9782    0.0188    1.8937    0.4295    1.8975    0.0593    1.9670    0.0062    2.4406    1.1894    2.6151    1.7438    1.9328    0.3941    3.0131    0.5457    2.5921    0.4640    2.4079    1.6794    0.5513    1.2291    1.2508    1.7346    0.2757    1.5806    1.9628    1.0917    1.3914    0.9274    2.0117    0.5850    1.2375    1.2853    2.5274    1.6348    2.2010    0.6607    3.0841    1.9571    0.1165    0.8700    1.4975    0.0637    1.7367    2.4785    2.6170    0.9889    0.3657    2.9941    0.2685    2.3589    0.9438    1.4369    0.4527    1.2781    0.1770    1.7720    0.9828
    160000    1.0369    2.0806    2.1053    1.5982    2.2409    1.7800    1.8829    1.4978    1.4224    0.0953    1.6365    0.5425    2.1697    0.1929    2.2071    0.8541    3.0165    1.0198    2.4260    1.5996    1.1111    2.2198    1.9310    1.7041    2.1141    2.7575    1.0929    0.5186    2.3869    1.4341    0.1583    0.9213    1.1648    1.8376    0.6502    1.9584    0.4718    1.8844    0.6354    0.9000    0.9433    0.9781    0.6807    0.8552    1.1603    1.5163    1.2160    0.6904    1.4920    1.9353    0.9908    1.0378    0.9303    1.3980    0.1361    1.5407    0.5193    1.0887    0.9596    0.7787    1.2707    1.9995    0.7374    1.2923    1.9790    2.0806    1.8316    2.5557    1.3970    0.8845    0.2374    1.8079    1.3799    0.3506    0.4200    1.6150    0.8985    1.8260    1.2521    2.8612    0.0510    1.7750    0.2246    1.8369    0.7994    3.1415    1.0218    0.6946    1.5139    1.6407    0.5426    1.8141    1.7459    1.1141    2.6540    1.2938    2.9434    1.9279    2.9502    2.0044    1.4721    2.3020    2.0877    2.2385    0.1760    0.6193    2.8328    0.2767    2.0111    1.0664    3.0785    1.5009    2.9048    0.7645    2.2418    0.3202    2.4151    0.0395    2.1430    0.8114    2.0595    0.2571    2.6682    0.4222    2.8237    0.2043    3.0125    0.2829    2.9912    1.0149    2.6712    0.8309    3.0801    0.4883    2.9820    1.7812    2.8155    0.5087    1.5502    0.3070    3.0255    0.2957    2.9355    0.0519    2.9567    0.4073    3.0692    1.2018    2.2311    1.9581    1.4657    0.8376    2.5430    0.3825    2.7028    0.4470    1.5068    0.5132    1.0279    0.3770    1.0431    0.7193    0.1291    1.5726    2.7882    1.1580    2.7971    1.4954    2.1427    0.1766    0.9440    1.9083    2.3780    1.5396    1.9442    1.9609    2.3134    2.8185    1.3488    1.6642    2.8933    1.8358    2.5151    2.2445    3.1341    1.3918    2.2352    2.3410    1.3077    2.4069    1.2585    0.6228    1.2188    0.4673    1.1061    1.5775    2.3001
    170000    1.1369    1.5665    2.4560    1.5329    2.6675    1.6835    1.8584    1.2323    1.5189    0.0238    2.1652    1.2718    2.1133    0.6462    2.5465    0.7856    2.9582    0.7447    2.9279    1.4060    2.3844    1.8862    1.2229    2.1296    2.2925    2.0924    0.4018    1.8708    2.0015    2.9223    0.3015    1.0760    2.3203    2.4930    2.7918    1.2431    1.1334    2.6342    1.5769    0.0943    1.7128    2.0147    1.7796    0.8895    2.3176    2.4308    2.6587    1.9708    2.8420    2.7128    2.9253    1.7256    1.8812    2.6492    2.3530    2.1756    3.0347    1.8506    1.9476    1.2648    2.3549    2.8785    2.1087    2.7353    0.7189    2.0629    2.0576    3.1031    0.6328    0.2207    0.0283    0.1983    0.1475    1.1267    0.8082    1.7862    1.0163    2.0786    1.0141    2.7645    0.2817    2.1736    0.2854    1.7855    0.5781    3.0343    0.9656    1.1337    1.3653    1.9388    0.1316    2.3576    2.1611    1.2632    2.8562    1.4855    3.0632    2.2493    2.6712    2.1899    0.8286    1.9689    1.8345    2.2021    0.1023    0.7478    2.5920    0.8311    2.7403    0.9197    2.9637    1.6136    2.4220    0.9885    2.0664    0.4875    1.6834    0.2105    2.2121    1.4946    1.5432    0.2062    2.5720    1.2999    2.6312    0.6130    3.0948    0.5153    2.8464    1.1039    2.8946    1.8254    1.4610    0.7935    2.7735    2.2134    2.8951    0.5990    1.9231    0.5497    2.6660    0.3740    3.0798    0.0563    2.9607    0.7555    2.9266    1.5695    1.9481    2.3957    1.5176    1.3956    3.1400    1.1575    2.4890    0.5191    1.6133    0.1643    1.3559    0.1712    1.1844    0.6140    0.2558    1.8911    3.0097    1.6531    2.5009    1.9634    2.1809    0.5449    0.6734    2.6313    2.1644    2.0237    1.1178    2.6056    2.3814    3.0033    1.3670    2.0431    3.0727    1.9257    2.6300    2.8260    2.4868    2.0778    3.1396    1.5579    1.6371    2.7154    1.5804    2.1213    1.4969    1.6493    0.8537    2.0191    2.8610
    180000    1.1255    1.5748    2.4675    1.5548    2.6002    1.6802    1.9541    1.6009    1.4397    0.0187    2.1811    1.3030    2.0496    0.6985    2.3539    1.0429    2.9982    0.7762    2.9016    1.4190    2.4283    2.1140    1.2762    1.7868    2.3013    2.2389    0.2353    1.3106    2.2329    2.6338    0.0911    1.1797    1.8256    2.3567    3.0943    0.3860    0.6793    2.5808    1.0532    0.6014    1.4260    1.9367    1.6210    0.5805    2.1577    2.3591    2.4985    1.7427    2.7893    2.6669    2.9974    1.5639    1.7765    2.6114    2.2509    2.2384    2.9486    1.8080    1.5214    0.7755    2.3082    2.8311    1.9338    2.8797    0.6719    2.0907    2.0307    3.0557    0.7891    0.3108    0.0638    0.0366    0.2953    1.1124    0.7943    1.8317    1.0200    2.1177    1.0139    2.7764    0.2573    2.1247    0.3100    1.7607    0.5857    3.0400    0.9717    1.0907    1.3890    1.9131    0.1922    2.2875    2.1039    1.2562    2.8380    1.4478    3.0073    2.2483    2.6825    2.1762    0.8698    1.9783    1.8480    2.1550    0.0604    0.7326    2.5867    0.6544    2.5234    0.9431    2.9700    1.6035    2.4883    0.9860    2.0772    0.2790    1.8801    0.2263    2.2069    1.4189    1.6024    0.2064    2.6179    1.1643    2.7453    0.5743    3.1021    0.4656    2.8921    1.1663    2.9006    1.9678    1.2988    0.6823    2.8014    2.1857    2.9075    0.6083    1.8881    0.5046    2.7031    0.3421    3.0424    0.0374    2.9094    0.6857    2.9313    1.5220    1.9808    2.4614    1.5951    1.4220    2.9812    1.2727    2.6869    0.5116    1.7680    0.0948    1.4297    0.2195    1.1827    0.6711    0.3030    1.7963    3.1337    1.5864    2.5568    1.8455    2.2307    0.3191    0.9064    2.2236    2.3507    1.9592    1.3687    2.4765    2.4837    3.0971    1.4886    2.1483    2.5726    2.3741    2.7904    2.4843    2.6641    1.8583    3.0688    1.6425    1.8210    2.9304    1.6347    1.2043    1.7150    1.1485    1.9266    1.2416    2.8254
    190000    1.1152    1.2493    2.6199    1.3998    2.8082    1.4356    2.0141    1.4392    1.5769    0.1643    2.3969    1.4556    2.0789    0.9497    2.8152    0.5884    2.8180    0.7762    3.0509    1.0906    2.4303    1.5253    0.7183    1.9514    2.3469    1.9490    1.8477    0.3518    2.1622    2.8708    2.7279    3.1277    2.8876    2.7647    2.5704    3.1401    2.7603    3.0262    2.9304    2.4741    2.7134    2.6284    2.3184    2.5425    2.9500    3.0031    2.9683    2.8767    3.1055    3.1085    2.6674    2.7720    2.4174    2.8187    2.7043    2.6755    3.0112    2.3540    2.5795    2.7169    2.5764    2.8363    2.2485    3.0062    1.0650    1.8641    2.1107    2.7039    0.2103    0.0592    0.1220    0.3569    0.0319    1.0542    0.8981    1.5518    1.0035    1.9257    1.0621    2.7219    0.3812    2.3729    0.2200    1.9054    0.4315    3.1000    0.8542    1.2142    1.3750    2.0139    0.1496    2.6333    2.3542    1.2495    2.9816    1.6757    2.9830    2.2813    2.6042    2.3149    0.6128    1.8740    1.5920    2.3003    0.1946    0.8620    2.4630    1.0122    3.0837    0.7991    2.9129    1.5940    2.2026    1.0283    2.0186    1.1597    1.0997    0.1855    2.2690    1.6298    1.4350    0.2081    2.4872    1.7452    2.2185    0.7284    3.0501    0.5470    2.7227    0.8659    2.8255    1.3971    1.8677    0.9566    2.7409    2.4017    2.8340    0.5671    1.9887    0.6940    2.3994    0.4684    3.0418    0.0646    3.0142    0.9016    2.9774    1.6204    1.8878    2.4482    1.4541    1.5432    2.7862    1.5568    2.1993    0.5026    1.4383    0.1375    1.3569    0.0485    1.2521    0.4062    0.3562    2.0123    2.7525    1.8400    2.4022    1.9803    1.6953    1.2213    0.4997    2.8164    2.0691    2.2602    1.2389    3.0633    2.4651    2.3403    1.8349    2.1603    3.1074    2.2907    2.5825    2.9424    2.3305    2.5975    2.4360    1.4981    2.3113    1.2707    2.6980    3.0439    1.4290    1.9971    3.0412    0.2224    2.9598
    200000    1.4766    3.0618    2.0247    2.1455    2.2786    2.4546    1.7243    2.4958    0.7819    0.7122    2.9974    2.7517    1.1943    0.6796    1.8785    1.9657    2.7252    2.4091    3.1313    1.9239    2.2486    2.4266    2.0325    1.2640    2.2046    1.2769    0.9112    0.3585    2.6873    1.5398    1.2288    0.1874    1.8996    1.3964    1.6451    0.7348    1.0660    1.3081    1.5495    0.1442    1.6998    0.8768    1.7533    0.6982    2.5162    1.4205    2.5660    1.1461    2.7934    1.8359    2.3045    0.5152    2.0449    1.1433    1.6976    0.6867    1.4777    1.0803    1.9375    0.7206    2.5524    1.7628    2.0785    0.1900    2.1443    1.0306    2.0240    2.0703    1.7133    1.0377    2.5105    0.7596    2.6725    1.6732    1.0375    3.1221    1.0864    2.9273    0.9963    3.1074    0.0918    1.7866    0.6826    1.3882    0.6203    2.9429    0.9793    0.9654    1.3663    1.7887    0.3163    1.9948    1.4948    1.3950    2.2845    1.6072    2.3638    2.2656    2.6084    2.0053    2.0388    3.0048    2.3700    1.7302    2.4391    1.4059    2.6844    0.2715    0.8620    1.6713    3.1127    1.6568    3.0744    1.0500    1.9652    0.0484    1.9812    0.3993    2.1836    0.9876    1.8565    0.0021    2.7778    1.0751    2.8915    0.7503    3.0113    1.0476    3.0119    2.5716    3.1135    1.8726    3.1019    1.7191    2.9754    2.1719    3.0197    0.8076    1.4718    0.0101    2.6752    0.0088    2.2790    0.0498    2.2840    0.4174    2.6233    1.3885    2.1665    2.1731    1.7924    0.7538    3.0744    0.7732    3.1010    0.5254    1.8843    0.9858    0.9085    0.8384    1.2565    1.0909    0.0125    1.7720    2.7619    1.3588    3.0772    1.3974    2.3766    0.2546    1.0053    1.7085    2.8328    1.4400    2.3003    1.3031    2.3382    2.9744    1.1459    1.2098    2.4852    1.1317    2.7223    2.1490    2.3521    2.1305    1.4625    1.5909    1.5155    1.5320    2.5060    2.5514    0.8096    1.2283    0.4687    2.3812    2.0812
    210000    1.0610    1.3683    2.4593    1.4253    2.6431    1.6211    1.8248    1.1215    1.5468    0.0769    2.1189    1.0812    2.1427    0.6789    2.4155    1.0167    2.8477    1.1903    2.4428    2.8190    2.2198    2.6194    1.0317    1.6526    2.2385    2.2238    0.1684    1.4266    1.8314    2.9135    0.4431    1.8134    1.1129    2.6481    1.0199    2.4552    0.6838    2.9107    0.2028    2.0842    0.8806    2.1991    1.0631    0.6349    1.4307    2.5462    1.1566    0.2403    2.4486    2.7619    2.8813    0.9608    0.9062    2.9710    1.3892    1.3318    2.6840    1.8758    0.2880    0.9462    1.6875    3.1121    1.5076    3.0112    0.4882    2.0105    2.0210    2.9657    0.9545    0.4087    0.2541    0.5042    0.5984    0.6339    0.6605    1.4032    0.9069    1.6463    1.1058    2.6828    0.3555    2.2701    0.1872    1.9895    0.6337    3.1004    0.9344    0.9432    1.4870    1.8699    0.2927    2.1625    2.1056    1.1800    2.9588    1.5095    3.0576    2.1981    2.7427    2.1919    0.6663    1.6780    1.5782    2.2491    0.1604    0.7000    2.5865    0.5167    2.5354    0.7974    2.9847    1.5139    2.4344    0.8926    2.1497    0.0823    2.1186    0.1497    2.2345    1.2857    1.7003    0.2494    2.6342    0.8361    3.0648    0.4699    3.0922    0.2110    2.8739    0.8662    2.7598    1.0465    2.0458    0.4980    2.8725    2.1612    2.7699    0.5331    1.7583    0.5537    2.5573    0.4138    3.1274    0.0053    2.9838    0.6892    3.0392    1.4340    2.0489    2.1321    1.3934    1.2457    2.5243    0.5445    2.4390    0.4602    1.4952    0.2359    1.2077    0.1194    1.0609    0.5886    0.2466    1.8476    2.8850    1.6365    2.6294    1.7199    1.7235    1.1647    0.5848    2.5086    2.0417    1.9327    1.3158    2.7892    2.3552    2.3720    1.6705    1.9892    3.0824    1.8417    3.0471    2.7748    2.6734    2.8766    2.5500    1.6650    2.1540    1.3228    2.6153    2.9511    0.9688    1.6392    3.0691    0.1993    2.6447
    220000    1.1791    1.4868    2.5549    1.5820    2.7411    1.7557    2.0196    1.1954    1.6850    0.1253    2.3227    0.9899    2.1035    0.9971    2.5140    0.9351    2.9349    1.0525    2.8943    2.1586    2.4352    1.8948    1.9012    3.1386    2.4285    1.8198    2.0972    0.5667    2.2404    2.7728    2.7484    3.0701    3.0058    2.6632    2.7580    3.0735    2.9263    2.8732    3.0459    2.3338    2.7886    2.4000    2.3862    2.4382    3.0310    2.8166    2.9145    2.7172    3.0516    3.0145    2.9547    2.6065    2.6217    2.8645    2.8717    2.3159    2.9104    2.0815    2.5323    2.4658    2.9705    3.1033    2.6905    2.6830    1.3104    1.8842    2.2148    2.9637    0.3608    0.0401    0.1210    0.6609    0.1032    1.2388    0.9344    1.7289    1.1324    2.1947    1.0021    2.8406    0.3362    2.2704    0.3438    1.6887    0.3606    3.0745    0.8513    1.3093    1.3345    2.0377    0.1986    2.6836    2.2620    1.3446    2.8207    1.5883    2.8924    2.5012    2.5264    2.2958    0.9959    2.2509    1.8441    2.1264    0.0526    0.7359    2.5066    1.0430    2.9862    0.8945    2.9265    1.6116    2.3285    1.2010    1.9127    1.4059    0.8141    0.3727    2.1329    1.7040    1.3656    0.1190    2.4613    2.0484    1.9584    0.9781    2.9463    0.8460    2.8035    1.1831    2.9596    1.8268    1.8313    1.3910    2.6839    2.4884    2.9777    0.6630    2.1200    0.5912    2.4655    0.3630    3.1258    0.1248    2.9754    0.8693    2.8593    1.6624    1.8756    2.4167    1.4927    1.4759    3.0942    1.1415    2.3287    0.5533    1.5823    0.1554    1.3940    0.1513    1.2945    0.5375    0.3140    2.0263    2.8051    1.8896    2.4923    1.8539    1.7237    1.3339    0.3781    2.8428    2.1201    2.2876    1.3102    2.8935    2.4094    2.6288    1.7253    2.1463    3.1330    2.1046    2.9069    3.0757    2.4134    2.7779    2.2890    1.7257    2.2998    2.0252    2.0581    2.9277    1.3621    1.1469    2.3972    1.1107    2.9675
    230000    1.1315    1.6357    2.4430    1.5560    2.5810    1.5987    2.0419    1.6966    1.4493    0.3612    2.5738    1.8150    1.8208    0.9595    1.9443    1.5183    2.9698    1.0114    2.4170    2.5425    2.1675    2.1969    1.4954    2.7626    2.2018    1.8860    0.2723    1.3128    1.9074    2.8857    0.1849    0.9474    2.4235    2.4469    3.0630    0.7677    1.0927    2.5826    1.2844    0.3281    1.5716    1.8815    1.6262    0.7551    2.3671    2.2653    2.5838    1.7172    2.7543    2.5728    3.0684    1.4205    1.8681    2.3059    2.5153    2.0489    3.0011    1.6894    1.6266    0.9450    2.4890    2.7727    2.1696    2.7009    0.7918    2.0049    2.0411    2.8494    1.0283    0.4387    0.1207    0.5534    0.6647    0.9785    0.7480    1.8025    1.0604    2.1156    0.9995    2.8222    0.2441    2.0928    0.3668    1.6755    0.5481    3.0479    0.9558    1.0542    1.4069    1.8801    0.2587    2.2032    2.0193    1.2772    2.7870    1.4167    2.8689    2.3123    2.6544    2.1822    1.0523    2.1260    1.9276    2.1071    0.0528    0.6315    2.6385    0.5751    2.4027    0.9753    3.0038    1.5746    2.5623    1.0282    2.0518    0.3213    1.8346    0.2531    2.1647    1.3733    1.6332    0.1982    2.6051    1.0922    2.8554    0.5882    3.0658    0.5590    3.0292    1.3634    2.8692    2.1759    1.2825    0.7889    2.8860    2.2070    2.8343    0.5700    1.8885    0.4492    2.5247    0.2400    2.9860    0.0485    3.0538    0.6130    2.9681    1.5352    1.9907    2.4916    1.6621    1.2642    3.0358    1.0204    2.6563    0.5141    1.5470    0.3833    1.2196    0.2789    1.2032    0.6470    0.1793    1.8545    3.1293    1.5947    2.5413    2.0225    2.1355    0.4712    0.6803    2.2173    2.4045    1.8075    0.9490    2.5993    2.3421    2.8775    1.3610    1.8324    3.0070    1.8043    3.0926    2.3370    2.5808    2.8046    2.0159    1.7535    2.0058    2.1392    2.1408    2.3036    0.9577    0.9065    1.3023    1.0848    1.8609
    240000    1.1096    1.7479    2.3595    1.5883    2.5075    1.6886    1.9509    1.6016    1.4786    0.0103    2.0934    1.2831    2.0922    0.4939    2.3578    1.0072    3.0251    1.0110    2.4413    2.4727    2.0534    2.3821    1.6192    2.8681    2.1372    1.9924    0.1292    1.6681    1.7939    2.5024    0.1886    0.8029    2.0537    2.3124    1.4073    1.5431    0.3657    2.4263    0.7814    1.0302    1.1487    1.6462    1.2439    0.0023    1.9323    2.0615    2.0565    0.8733    2.4150    2.4185    2.6225    0.6878    1.5173    2.1714    0.4600    2.3039    1.0869    1.6143    0.9345    0.1296    2.0295    2.6821    0.3469    1.9089    0.5720    2.0172    1.9438    2.8330    1.1383    0.5845    0.0781    0.8902    0.9188    0.7415    0.5764    1.6069    0.9915    1.9663    0.9949    2.7403    0.1707    2.0309    0.3272    1.7589    0.6611    3.0669    0.9816    0.9918    1.3837    1.8064    0.3785    2.0692    2.0154    1.2109    2.8582    1.4232    3.0851    2.1637    2.8540    2.2532    1.1028    2.0306    2.0251    2.3249    0.1323    0.6105    2.7880    0.6545    2.5211    0.9587    3.1081    1.5442    2.5938    0.9006    2.1379    0.1069    2.0352    0.1278    2.1602    1.2777    1.6941    0.2300    2.5776    0.8067    3.1241    0.4427    3.0629    0.3399    3.1026    1.3228    2.7505    2.1034    0.7256    0.0776    3.0192    2.1177    2.7137    0.4923    1.8327    0.4870    2.5368    0.2834    2.9047    0.0166    3.0984    0.6085    2.9783    1.5290    1.9967    2.5347    1.7037    1.2291    3.0041    1.0081    2.7449    0.4818    1.5077    0.3424    1.1825    0.1781    1.0984    0.6756    0.0901    1.8212    3.0566    1.5522    2.6023    1.9975    2.0539    0.5147    0.6242    2.1877    2.4387    1.7552    0.8456    2.9238    2.4682    2.7367    1.3944    1.7408    3.0091    1.6636    2.8704    2.0081    2.6914    2.4831    1.9869    1.8931    2.0227    0.9775    3.0788    1.6647    3.1122    1.1635    1.8468    0.9737    1.2800
    250000    1.3462    2.7550    2.0913    1.9574    2.3785    2.3325    1.7727    1.4890    1.4439    0.1844    1.9420    1.6804    1.8049    0.3324    1.8300    1.9142    2.9407    2.1282    2.7496    2.1614    2.1964    3.1218    1.4854    1.7357    2.2576    1.7911    0.3059    0.4952    2.7001    1.8131    1.3164    0.2947    2.2218    1.6697    1.7466    0.9777    0.7370    1.6614    1.4104    0.2710    1.5829    1.0868    1.7219    0.6171    2.3347    1.6012    2.6227    1.2456    2.6619    1.9980    2.4798    0.7269    2.0269    1.2893    1.6716    0.6926    1.5740    1.1868    1.7808    0.7059    2.5672    2.0041    1.8385    0.0562    1.4151    1.5929    2.0413    2.3281    1.5275    0.8970    2.4521    1.4808    2.0867    1.2695    0.8561    2.5437    1.1227    2.6962    0.9854    3.0635    0.0926    1.8355    0.6173    1.4449    0.6274    2.9665    0.9864    0.9920    1.3522    1.7960    0.3358    2.0215    1.6668    1.3455    2.5528    1.4315    2.5540    2.2801    2.6836    2.1234    1.8525    2.9325    2.3124    1.9442    0.5602    0.2509    2.7841    0.2642    1.6151    1.4379    3.1201    1.6101    2.9503    1.0316    1.9878    0.0891    1.9686    0.2806    2.1307    1.1365    1.7810    0.0992    2.6972    0.9748    2.9694    0.6017    3.0276    0.8356    2.9631    2.2751    2.9852    2.5133    2.7941    1.9347    3.0287    2.0631    3.0170    0.6727    1.8150    0.1667    2.9851    0.1124    2.7722    0.0302    2.6706    0.4610    2.7618    1.5808    2.0157    2.7835    2.0800    1.1495    3.0073    1.1829    2.8976    0.4305    2.1608    0.3720    1.3889    0.5747    1.2126    1.2687    0.1125    1.6572    2.2518    1.0102    2.6249    1.7032    2.5347    1.1484    2.0784    1.4610    3.1246    1.1042    2.2213    1.2549    2.7058    2.6531    0.9942    1.6180    1.5307    3.0111    2.4973    2.8702    2.2190    2.8113    1.8072    1.6633    1.9226    1.6532    2.1223    2.3474    0.9855    0.1012    1.2185    0.2309    1.7970
    260000    1.7981    1.8990    2.0317    2.7023    2.1408    2.7445    1.0173    2.7571    1.0931    1.4469    0.8159    2.6737    0.7871    0.4987    2.9020    2.9076    1.9669    2.9050    2.1637    1.0429    2.1150    2.7407    1.7005    1.2736    2.1138    0.2064    1.8513    0.2389    2.6034    1.1082    1.4003    0.4989    2.4040    0.9791    1.8882    0.4738    1.4461    0.7536    1.7361    0.0756    1.8810    0.5634    2.2386    0.7252    2.7564    1.0781    2.7495    0.9434    2.7908    1.3839    2.5662    0.5722    2.3803    0.7002    1.9699    0.3307    1.9681    0.7212    2.2992    0.6230    2.6973    1.1919    2.3941    0.2228    2.4116    0.2532    1.9095    1.9885    1.8133    2.2882    1.6617    0.4576    0.3000    0.5853    1.0361    2.2064    0.5811    2.1689    0.9861    2.8551    0.0112    1.5623    0.9461    1.2689    0.5979    3.0015    0.8497    0.8901    1.3419    1.7112    0.3293    1.7985    1.0469    1.4842    1.0979    2.8670    1.9133    2.3132    2.3863    1.8906    1.9879    2.8017    2.3440    1.4856    2.6977    2.2103    2.3187    1.0122    0.0250    2.0656    3.1087    1.6874    2.9198    0.9128    1.9249    0.0502    2.0958    0.3753    2.4100    0.1356    2.3394    0.3157    2.9940    1.0048    3.0666    0.8001    2.9111    1.4535    2.9794    2.7660    3.1388    1.4973    2.8986    1.6605    3.0506    1.9490    2.9668    0.7650    1.0601    0.0472    2.1530    0.2980    1.9370    0.0685    1.9462    0.1394    2.5609    1.5520    2.1385    2.9156    2.6093    0.8395    2.8323    1.0241    2.1505    0.0543    3.0086    0.0925    2.0533    1.0721    1.5596    2.8437    1.0212    1.5355    1.9164    1.0321    1.1349    1.4334    2.3203    1.6726    2.7273    0.9031    2.4872    0.2943    2.8955    0.6475    2.3603    1.0116    0.1617    1.0701    0.9664    2.0123    1.8638    3.0879    1.6159    1.6061    0.7145    1.4333    1.3395    1.7021    2.2302    2.6174    0.7537    0.0019    1.1025    0.1687    0.1745
    270000    2.0787    1.1761    2.6018    2.6290    2.3023    2.3036    0.9844    2.9109    2.5091    1.1219    0.9160    2.9775    1.7547    0.7097    0.6948    2.6595    0.0406    2.2154    0.9732    1.2479    1.5847    1.8223    0.4415    1.5855    1.6654    0.6838    0.8247    0.5438    1.9178    1.9156    2.2913    0.8691    2.9782    0.7063    2.5381    0.2367    2.6677    0.4708    2.4750    0.2659    2.7236    0.5000    2.6246    0.7760    3.1091    1.0727    2.9534    1.0369    2.9320    1.0015    3.0495    0.8756    2.9141    0.7053    2.7735    0.5754    3.1181    0.6176    2.9244    0.8235    3.0993    0.9814    3.0541    0.7516    2.1453    0.5341    1.7108    0.1859    0.8164    0.3864    1.0208    0.3721    0.7913    0.8240    1.3433    2.6023    0.5717    1.5097    0.9577    1.8962    0.8657    1.6117    1.2761    1.4464    0.5135    3.0059    0.4140    1.2888    1.2634    1.9493    0.0998    1.9015    0.6845    1.7089    0.4289    2.6129    1.7289    2.4560    1.9677    2.1871    1.7448    2.5433    2.1108    1.5728    2.1351    2.3088    1.6761    2.3138    0.8448    2.1802    2.9569    1.6898    3.1062    0.9262    1.7976    0.5881    1.3892    1.0932    2.8347    1.9238    1.4911    3.0803    2.9208    2.0528    2.9968    3.0257    2.9533    2.9278    2.9672    2.4566    2.6666    1.7000    2.4695    1.7690    2.7194    2.1955    3.0462    0.9027    0.3289    0.7931    0.8354    0.8165    1.4127    0.2501    1.4512    0.0850    2.3619    1.6429    2.0962    2.8114    3.0106    0.4843    2.4430    0.8342    2.4598    0.3658    2.9246    2.8280    0.4036    1.8069    1.4729    3.0337    1.1393    2.0265    1.9917    1.4307    1.3788    1.0256    2.3322    1.7393    2.3299    0.9306    2.2519    0.6427    2.8381    1.0634    1.6706    0.1455    0.4166    0.7237    0.0403    1.0743    0.9161    2.7077    1.3054    0.9843    0.0446    1.5090    0.6553    2.7582    0.5437    2.5252    0.8048    0.0852    1.2459    0.8558    2.0316
    280000    1.8409    2.0433    2.0878    2.6144    2.2583    3.0883    1.1855    2.9940    1.6588    0.9785    0.6664    3.1051    0.7484    2.5587    1.3567    2.6624    2.3275    2.8766    2.0584    1.4294    1.9515    2.7795    1.1194    1.5486    2.0669    0.7535    1.1096    0.5469    2.4359    1.4515    1.8101    0.8624    2.6314    1.1061    2.0965    0.0164    1.9688    0.9630    2.0325    0.2274    2.2990    0.7426    2.4369    0.9624    2.8933    1.2551    2.9870    1.2433    2.9061    1.5676    2.9023    0.9730    2.6085    0.8647    2.4935    0.4331    2.7981    0.8302    2.4808    0.8668    2.9022    1.3393    2.6709    0.6149    2.2953    0.0775    1.8653    1.9931    1.8006    2.3509    1.5138    0.0833    0.7523    1.2102    1.0838    2.4299    0.7184    2.1690    0.9143    2.7302    0.1964    1.6926    0.9668    1.3464    0.5311    2.9363    0.7600    1.0991    1.3701    1.8444    0.2359    1.9546    1.1222    1.5955    1.1805    2.7930    1.8837    2.4631    2.2453    1.9728    1.8386    2.8432    2.1916    1.4737    2.6098    2.2301    2.1203    1.3589    0.1146    1.8814    2.9479    1.6500    3.1218    1.0324    1.8967    0.1970    1.8496    0.6051    2.4625    0.0135    2.5002    0.2870    3.0642    1.3559    2.8352    1.2691    2.9565    1.7187    3.1285    3.1139    2.8977    1.7410    2.7451    1.8950    3.1222    2.1827    2.9328    0.8259    0.9631    0.0278    1.9752    0.4152    1.8853    0.0670    1.8909    0.1392    2.5375    1.3675    2.2414    2.5051    2.3426    0.6414    2.8395    0.8481    2.7024    0.4261    2.4369    1.5585    0.5822    1.3236    1.3598    1.6674    0.1854    1.8591    2.5616    1.3263    2.8927    1.2397    2.3522    0.0123    1.1088    1.3315    2.8212    1.0786    2.8014    0.5553    2.8863    1.4356    0.1494    1.0195    1.5915    0.0181    2.1207    2.4885    2.0131    1.3137    0.6561    1.8183    1.0451    2.8241    1.7878    2.9265    1.5418    0.7249    1.1926    1.7330    1.5801
    290000    1.4692    2.9017    1.9395    2.1393    2.2324    2.5827    1.6675    1.7487    1.3626    0.6090    1.4378    2.2508    1.4025    0.0166    1.9757    2.4229    2.8111    2.6499    3.0956    1.6501    2.1360    2.4512    1.9402    1.4056    2.3034    0.2418    2.4478    0.3406    2.7904    1.1133    1.3153    0.5213    2.2546    1.2307    1.7570    0.8988    0.8767    1.1242    1.5702    0.1675    1.6927    0.7414    1.9476    0.6159    2.3876    1.2689    2.8729    1.1409    2.5862    1.6656    2.6557    0.7549    2.2604    0.8329    1.8019    0.4686    1.8327    0.8534    2.0633    0.5652    2.5338    1.4403    2.1681    0.0785    2.3544    0.6471    1.8953    2.1877    1.6674    1.7050    2.0111    0.7352    2.2749    1.7569    1.0236    2.2195    0.8459    2.7517    1.0070    2.9408    0.0338    1.6486    0.7757    1.3262    0.5582    3.0054    0.9453    0.8315    1.4727    1.7148    0.3973    1.8529    1.3221    1.4041    1.4401    2.4626    1.9642    2.3405    2.3765    1.8500    1.7572    3.1370    2.1102    1.5090    2.5218    1.3197    2.2938    0.7158    0.5783    1.6429    2.9874    1.5843    3.0853    0.9630    2.0238    0.1251    2.2326    0.3691    2.3987    0.1792    2.6293    0.0401    3.0110    0.8873    3.0270    0.6427    3.0224    0.9573    2.8723    2.7717    3.1280    1.6102    2.9802    1.6404    3.0238    2.0719    2.9916    0.7491    1.4358    0.1407    2.6326    0.1960    2.2663    0.0021    2.2685    0.1637    2.7243    1.2026    2.3431    2.2566    2.0882    0.5871    2.9634    0.7132    2.8480    0.4171    2.2350    1.0019    1.0154    1.0035    1.2124    1.3913    0.0070    1.6877    2.7385    1.4558    2.9844    1.2758    2.1213    0.4258    0.9794    1.4216    2.9361    1.2934    3.1412    0.4816    2.5257    2.8493    0.8878    1.3500    0.4623    1.1486    2.1945    2.8910    2.4734    2.5760    2.7245    1.5987    1.5445    1.9241    2.5249    1.4669    1.3354    0.2816    1.7496    0.8750    1.3762
    300000    1.1150    1.3623    2.5484    1.4727    2.6677    1.7157    1.8477    1.3280    1.5480    0.1008    2.1636    1.2225    2.0953    0.7414    2.5792    0.8996    2.9300    0.9552    2.9575    1.8397    2.3834    2.0912    1.5508    2.5675    2.4201    1.9826    1.0962    0.1156    2.3873    2.9204    2.8594    2.2129    2.8324    2.3953    3.1190    2.9526    3.0387    2.6524    2.6156    1.5505    2.5471    2.0157    2.0179    1.4282    2.6879    2.4322    3.0431    2.4549    2.8411    2.7203    2.8872    2.1957    2.4098    2.4011    2.7049    2.1097    2.8170    1.8907    1.8422    1.4801    2.7124    2.9252    2.2149    2.8711    1.0732    1.9285    1.9983    3.1282    0.7937    0.3753    0.2220    0.3083    0.4011    0.9974    0.8319    1.7993    1.0762    2.0929    1.0246    2.8251    0.3037    2.1550    0.3496    1.6874    0.4670    3.0859    0.9185    1.0935    1.4459    1.9650    0.1251    2.3563    2.0841    1.3073    2.7983    1.4614    2.7576    2.4901    2.4876    2.1464    0.8212    1.9899    1.6837    1.9836    0.0867    0.7319    2.4279    0.5026    2.3822    0.9207    2.8762    1.5724    2.4573    1.1412    1.9644    0.6585    1.5347    0.3557    2.1700    1.4276    1.5866    0.1749    2.6281    1.3395    2.5748    0.7212    3.0381    0.5887    2.9215    1.1502    2.9207    1.6854    1.9240    1.0315    2.8695    2.4465    2.9510    0.6448    1.9281    0.4847    2.5014    0.2178    3.0060    0.0223    3.0486    0.6563    3.0028    1.5138    1.9739    2.4218    1.5753    1.2801    2.8549    0.8528    2.5190    0.4656    1.6332    0.2895    1.2736    0.3145    1.1399    0.7432    0.2041    1.9242    2.8839    1.7766    2.6265    1.6330    1.5967    1.5441    0.2230    2.8270    2.1639    2.1212    1.4561    2.7248    2.5162    2.8466    1.7332    2.1752    2.9789    2.3702    2.7314    2.7066    2.2072    2.7757    2.2260    1.6408    2.4199    0.6459    2.9646    0.1006    1.4233    0.9465    2.8900    0.4274    2.4831
    310000    1.2058    1.0388    1.6460    3.0667    0.8053    2.6199    1.3414    1.0759    0.1799    1.1974    1.2371    0.9326    1.0707    0.9652    2.6796    1.3029    2.0821    1.1176    2.3986    1.0754    2.4683    0.4979    2.3346    2.8606    1.0995    1.0593    2.4833    0.9544    2.8393    0.9857    2.7644    0.8034    1.9608    0.0328    2.0430    1.3054    2.2716    0.2862    2.1769    1.2317    2.4792    0.5133    2.1216    1.1478    3.0334    0.7496    1.6116    0.4939    3.1354    0.4251    2.8197    0.7331    2.8630    0.5133    2.2657    1.0594    1.5310    0.0195    1.7360    0.9151    2.2892    0.1052    2.0597    0.7253    2.7513    0.5495    2.8360    0.9052    2.8535    0.9263    2.8987    0.9176    1.9886    1.0638    2.9066    0.9682    3.0269    1.2522    3.1317    2.9290    3.0045    3.1032    2.8679    2.3494    1.9025    1.5969    1.1991    2.6430    1.5289    2.4676    2.9052    1.0464    1.4376    0.0680    1.3843    0.1180    1.3210    2.8774    1.4226    0.8326    2.8983    0.0102    2.9295    0.1852    2.7887    0.3756    2.6741    3.0307    0.2396    2.6891    0.3511    0.4451    0.0263    2.3774    0.9501    2.9384    0.9169    3.0529    1.0810    2.8946    0.6706    1.3040    0.1477    2.1857    0.0269    2.4821    1.2981    1.6365    0.4897    0.6576    0.0723    0.6616    0.4792    0.8178    0.3426    3.0798    2.9629    0.5664    2.4372    1.2806    1.8203    1.5374    2.5469    0.0911    2.8338    2.1028    2.9906    2.2143    1.1156    2.3683    0.5903    1.7826    0.8449    1.8081    0.5780    0.3252    1.0427    3.0957    1.0604    2.5265    1.1355    0.1336    1.0861    1.7443    0.2777    1.4418    0.8088    1.5324    0.1626    2.2216    0.4291    2.5558    0.0627    1.1936    2.0692    1.8175    1.5222    1.9173    0.7664    1.6308    1.4233    1.0488    2.0971    1.1526    2.3652    0.8052    1.2506    0.7669    3.1195    0.1030    2.0273    2.1609    1.0931    2.9764    1.8913    1.5363    1.4824
    320000    1.0637    1.5499    1.1000    2.6380    0.0931    3.0006    0.6946    1.4699    0.7913    1.7030    0.5584    1.1759    0.9175    2.1898    0.7247    1.2938    1.4297    1.4629    2.5309    1.5922    1.1209    0.1838    2.8612    2.5272    0.5552    2.3503    1.5265    1.1918    1.4406    3.0437    1.0476    0.6988    1.4211    0.3690    1.6112    1.1312    1.2111    0.7701    1.5026    1.0918    1.3484    0.5463    1.2486    1.0359    0.4175    0.9944    0.3627    0.2816    1.9416    0.0475    1.7014    0.5989    1.3172    0.9042    1.4122    0.9666    0.8253    0.5918    1.1328    0.7966    1.3836    0.4146    1.2758    0.4414    2.6833    0.5117    2.9559    1.5735    2.2070    1.5866    2.6036    1.1199    1.6841    1.3969    2.0661    0.9325    3.1003    1.1270    2.4702    2.7639    2.6879    2.9877    2.8537    1.9688    2.2869    1.5794    1.4900    2.8425    1.8006    2.1635    2.1774    0.5470    0.8110    0.3710    0.8690    0.3723    0.5152    0.8759    2.9660    0.2142    2.5793    0.2908    2.9495    0.4998    3.1162    1.6651    1.4305    2.5005    0.5503    2.6794    0.2322    1.1944    0.1515    1.4474    1.2268    3.0700    1.0759    2.5772    1.1385    3.1284    0.5419    1.4155    0.1658    2.2185    0.1926    2.3809    0.8823    2.2229    0.0697    0.6627    0.2703    0.7055    0.0787    0.6636    2.2291    0.9191    2.8870    0.8514    2.8514    1.2115    1.9385    1.2627    2.7150    0.1691    2.9164    2.0926    3.1411    2.3188    1.0175    1.8357    0.1502    1.3636    0.4435    1.4577    0.4190    0.1257    1.4167    2.5489    0.9362    2.2980    0.9678    0.5586    0.5123    0.8341    0.2063    1.1081    0.5747    1.6589    0.4355    1.2339    0.8076    1.3397    0.7688    0.3754    2.6359    1.4713    1.4255    2.2463    1.1816    1.2722    0.0534    0.6448    0.1637    0.8185    2.7318    0.0522    2.2431    0.3158    2.2336    0.6654    2.1175    2.2782    1.2964    2.6388    1.2369    1.4243    0.6265
    330000    1.0622    1.1498    1.2349    2.4148    0.2782    2.9036    0.5232    1.3853    0.5676    1.6043    0.4784    1.1096    0.3713    2.8886    0.5859    1.6972    1.7173    1.3418    1.9533    2.2319    0.8782    0.5710    2.8603    2.5176    0.4822    2.6787    1.1542    1.3598    1.4827    2.6476    1.2654    0.6874    1.5250    0.3250    1.6312    1.0346    1.3468    0.6569    1.5552    0.9828    1.5030    0.4294    1.3244    0.9357    0.9490    0.5920    0.4060    0.1996    2.1427    0.0230    1.8329    0.4936    1.3584    0.8023    1.3916    0.7954    0.9123    0.4618    1.2150    0.6998    1.5043    0.3265    1.3585    0.3369    2.6824    0.2408    3.1151    1.0590    2.3393    1.3400    2.9540    0.8017    1.6763    1.2235    2.1315    0.6500    2.8583    0.9716    2.4532    2.7130    2.5551    2.8031    2.5255    2.4634    1.8320    1.5466    1.4147    3.1039    1.7777    1.8198    1.8174    0.3624    0.8531    0.4402    0.7152    0.5037    0.3116    2.1665    1.4308    0.4143    2.1338    0.4391    3.0711    0.7388    2.7262    1.9795    1.1830    2.2773    0.5325    2.9607    0.1327    1.1231    0.2404    1.2922    1.3195    2.9017    1.1965    2.7787    1.1624    2.8444    0.7453    1.4803    0.2635    2.4197    0.3739    2.4030    0.8253    2.0050    0.0095    0.5027    0.2551    0.5689    0.0418    0.4765    2.0748    0.9130    2.4898    0.6874    2.4631    1.4711    1.7316    1.6806    2.2005    0.0477    2.6085    2.2743    2.8042    2.4324    0.5735    1.8960    0.2962    1.3487    0.3781    1.4317    0.4528    0.0628    1.4102    2.6031    1.0255    2.3460    0.8928    0.5605    0.4341    1.0663    0.1023    1.1798    0.4256    1.6975    0.5990    1.4712    0.5767    1.5798    0.3509    0.7287    2.3179    1.4655    1.3872    2.0906    1.1882    1.1673    0.4747    0.0711    0.6048    0.8988    2.4800    0.2473    1.8707    0.4343    2.5676    0.5878    1.9658    2.3081    1.1529    3.0983    1.5659    1.9256    1.6342
    340000    1.4587    1.0794    1.2848    0.2705    3.0534    0.9811    1.9305    0.3218    1.6537    1.4624    2.8156    1.8393    1.9661    0.3735    2.2145    1.1859    2.6910    1.5659    2.3062    2.2737    0.9342    2.6545    1.8491    2.1726    1.2671    2.6623    0.8061    1.8857    0.6447    1.6557    0.2992    1.3815    0.4936    2.6833    0.2711    2.3602    0.1277    2.9726    0.0866    2.5183    0.3739    2.4201    0.0449    2.3841    0.5994    2.2777    0.2274    2.2826    0.2088    2.4136    0.0359    2.1207    0.1956    2.8332    0.5519    3.0687    0.4547    1.8010    0.6734    2.8592    0.5344    3.0922    0.6068    2.5178    1.0440    2.7204    1.4794    2.9913    1.1336    0.7722    0.2959    1.1400    0.9167    0.2235    0.2418    0.5463    0.5398    0.8089    1.9076    2.9122    0.5077    2.2511    0.1984    2.9187    1.1631    2.6241    0.6561    0.4853    1.9046    1.7719    0.5108    1.8882    1.7664    1.0297    0.9283    0.3377    1.9881    2.0082    2.6572    1.7084    0.5309    1.1818    0.5879    1.9767    0.2206    0.6331    2.4348    0.1249    2.2051    0.6409    2.9346    1.3052    2.6307    0.6016    2.4894    0.5574    2.8465    0.0309    2.3694    0.5004    2.4177    0.3362    2.9497    0.2314    2.8572    0.0763    3.0677    0.8886    2.4915    0.0228    2.2251    0.0156    2.3477    0.0731    2.9270    1.5110    2.1116    0.1428    1.1576    0.3408    1.6076    0.2616    1.3707    0.1887    2.4059    0.2550    2.3907    0.9082    2.1762    1.8023    1.1725    0.7079    1.2851    0.7568    1.4833    0.5167    1.1342    0.6774    1.4545    0.2660    2.5590    0.2233    0.9935    2.5137    2.1864    1.4031    2.3915    1.8397    1.6102    1.8634    1.2008    1.5080    0.9949    1.5978    0.8679    2.4708    2.9840    1.4902    2.8839    1.0815    2.5856    1.3462    2.4716    1.1676    3.0012    1.5238    1.1815    1.3330    2.3309    0.9400    3.0374    0.5352    0.5348    0.3168    2.4949    2.2999    1.9487
    350000    1.4746    2.7822    1.8833    2.1761    2.1198    2.7342    1.5326    2.9468    0.7291    2.5036    1.2458    2.9479    0.4015    0.5241    3.0408    2.8301    2.5835    2.9050    2.7248    1.0065    2.3193    1.9771    2.1213    1.1175    2.2775    0.1692    2.5473    0.0018    2.9436    0.8002    0.8870    0.1695    1.7433    1.1180    1.4515    0.9318    0.8771    1.1096    1.2145    0.4554    1.3068    0.7744    1.2631    0.0032    1.8718    1.2312    2.3946    0.6958    2.4356    1.5758    1.9360    0.0104    1.7237    0.8041    1.2593    1.0506    0.8679    0.9105    1.7789    0.3689    2.2913    1.4945    1.8406    0.2493    2.6119    0.7486    2.0097    1.8889    1.8587    1.4464    2.3043    0.7383    2.3277    2.0192    1.0036    2.0312    0.7679    2.6226    1.0160    2.8685    0.0256    1.5772    0.7670    1.3007    0.4913    3.0666    0.8724    0.8379    1.5045    1.7178    0.4309    1.8013    1.2513    1.4131    1.0365    2.9267    1.8040    2.3861    2.3031    1.8361    1.7165    3.1047    2.0837    1.5068    2.6654    1.4814    2.2979    0.6991    0.5684    1.6741    3.0288    1.5796    3.0319    0.9018    2.0185    0.1438    2.2645    0.2547    2.4106    0.1932    2.6618    0.0972    3.0093    0.7958    3.0721    0.5679    2.9735    0.8518    2.7683    2.8805    3.0716    1.4619    3.0910    1.3515    3.0584    1.7094    3.1309    0.5296    1.3369    0.1550    2.7816    0.1972    2.5954    0.0017    2.6578    0.1339    2.6076    1.2803    2.4185    1.6464    1.4483    0.3618    2.6348    0.2930    2.9186    0.7170    1.5751    1.3529    0.7230    1.0597    1.4263    0.9805    0.2589    1.6130    3.1384    1.6494    2.7054    0.9409    1.8754    0.8999    0.0544    2.0567    2.1539    1.3384    2.5333    1.8880    2.3651    2.9898    1.1088    1.2543    1.9304    0.2725    2.2081    2.3924    2.2326    2.3206    1.8388    1.9795    1.3249    1.3784    2.9014    2.4037    1.4650    1.5761    0.1855    2.3366    1.2153
    360000    1.1462    1.8822    2.3165    1.6502    2.5090    1.8967    1.8198    1.3894    1.4471    0.0988    2.2124    1.6382    1.8299    0.6890    1.5539    2.0625    3.0838    2.4425    2.6788    1.8555    2.3027    2.9265    1.3583    2.0166    2.2956    2.2271    0.1307    0.5563    2.7566    1.9090    1.0306    0.0364    1.7101    2.0096    1.3447    1.6396    0.4112    2.3399    0.9731    0.8302    1.2082    1.5988    1.4735    0.2717    2.0512    1.9990    2.4325    1.3457    2.6027    2.3698    2.5711    0.7903    1.7158    1.8831    1.4190    2.0289    0.0927    1.6089    1.3164    0.6379    2.5097    2.5264    1.1096    0.4751    0.7502    2.0242    2.0306    2.5932    1.2740    0.5818    1.6908    2.9241    1.7977    1.1716    0.9629    2.4133    1.1025    2.4469    1.0450    3.0167    0.2273    1.9179    0.4535    1.5153    0.4861    3.0476    0.9351    0.9813    1.5211    1.9058    0.2883    2.1577    1.7885    1.3558    2.4642    1.4624    2.3667    2.4513    2.4343    1.9899    1.1057    2.2721    1.8251    1.8028    0.2480    0.6565    2.4524    0.0582    1.7296    1.1016    2.9119    1.5752    2.7138    1.0568    2.0367    0.0461    2.1910    0.3188    2.2389    1.0555    1.9261    0.1861    2.8124    0.9962    2.8296    0.5782    3.0857    0.4661    3.0652    1.4743    2.9788    2.9331    0.1365    0.3520    2.8094    1.9499    2.8502    0.5197    1.6478    0.1885    2.6741    0.0686    2.9697    0.0456    3.0746    0.3991    2.9625    1.4578    2.0328    1.9784    1.3442    0.7886    1.9857    0.1278    2.2016    0.6496    1.4552    0.7514    1.1763    0.5891    1.5302    0.7269    0.1685    1.9469    2.8160    1.6922    2.8215    1.3933    1.5547    1.4645    0.1120    2.9284    1.9327    1.8809    1.6688    2.6844    2.3924    2.7025    1.6800    1.8593    3.1358    1.7933    3.0014    2.7276    2.4726    2.9051    2.0849    1.8795    2.1331    2.0430    2.7587    2.2082    2.8649    0.5437    1.0080    2.3824    2.8928
    370000    1.3756    2.9554    1.8583    2.1124    2.1314    2.6398    1.5727    2.0535    1.2162    0.6839    1.4276    2.4607    0.9729    1.3220    2.7971    2.9551    2.6599    2.7599    2.8877    0.9832    2.3704    1.8564    2.1262    1.1054    2.3714    0.3149    2.8282    0.0870    3.1225    0.7657    0.7377    0.0133    1.5027    1.1892    1.2734    1.1317    0.7665    1.2314    1.0900    0.5276    1.2080    0.7529    0.9785    0.2744    1.6401    1.2241    2.1414    0.4362    2.2183    1.6421    1.6867    0.2459    1.5022    0.8169    1.0125    1.1816    0.7063    0.9161    1.5866    0.1135    2.0441    1.5349    1.6259    0.5027    2.7617    0.8217    2.0122    2.0226    1.7789    1.3089    2.4668    0.9318    2.1318    1.7268    1.1761    2.0148    0.8786    2.9437    1.0891    2.9093    0.0151    1.5547    0.6985    1.3022    0.5163    3.0925    0.9190    0.7505    1.5279    1.6685    0.4704    1.7660    1.2947    1.3503    1.0779    2.8699    1.8271    2.3186    2.3681    1.8078    1.7136    2.9976    2.0466    1.5437    1.5416    0.4561    2.3767    0.5250    0.7632    1.6030    3.0667    1.5509    3.0216    0.8704    2.0666    0.1813    2.3140    0.1919    2.3887    0.2343    2.6898    0.1762    2.9784    0.6601    3.1144    0.4347    2.9779    0.4979    2.5746    2.7389    2.9698    1.3816    3.1039    1.2503    3.0533    1.7011    3.0863    0.5216    1.4135    0.1339    2.8745    0.1373    2.7100    0.0044    2.7637    0.1478    2.7083    1.2464    2.3649    1.6658    1.4379    0.3803    2.5863    0.2590    2.8615    0.7117    1.5352    1.2601    0.7726    0.9427    1.3446    0.9839    0.1647    1.6087    3.1046    1.5529    2.8469    1.0381    1.7948    0.8772    0.1975    2.0151    2.1073    1.3260    2.4401    2.0939    2.2436    2.6384    1.4836    1.3288    2.5320    0.9295    2.4660    2.3934    2.2744    2.3540    1.9075    1.9262    1.3681    1.5884    2.7223    2.3414    1.8037    1.2546    0.3336    2.4504    1.1167
    380000    1.1496    1.9222    2.3036    1.6601    2.4912    1.9024    1.8127    1.4149    1.4411    0.1326    2.2270    1.6556    1.9498    0.5547    2.2974    1.0866    3.1249    2.2447    2.6019    1.9510    2.2624    3.0438    1.3777    1.8516    2.2969    2.3520    0.1994    0.4614    2.8283    1.8168    0.9534    0.1296    1.6355    1.9708    1.1405    1.8418    0.4013    2.3056    0.9336    0.8421    1.2104    1.5559    1.4504    0.2092    1.9917    1.9700    2.3189    1.2184    2.5818    2.3533    2.4509    0.6161    1.6410    1.8685    1.2739    1.7647    0.4491    1.5746    1.3338    0.6120    2.4926    2.4590    1.1997    0.4266    0.7670    2.0016    2.0321    2.5575    1.3151    0.6167    1.5203    3.1034    1.7391    1.1355    0.9159    2.3595    1.1007    2.4321    1.0337    3.0037    0.2028    1.9117    0.4615    1.5184    0.4952    3.0508    0.9327    0.9893    1.4953    1.8856    0.3169    2.1280    1.7864    1.3397    2.4593    1.4644    2.4137    2.4085    2.4806    2.0083    1.2355    2.3822    1.8867    1.8076    0.2980    0.5958    2.4948    0.0738    1.7124    1.1374    2.9396    1.5659    2.7621    1.0467    2.0345    0.0074    2.1424    0.3047    2.2308    1.0371    1.9414    0.1874    2.7984    0.9823    2.8639    0.5766    3.0769    0.4977    3.1048    1.5445    2.9711    2.9740    0.0113    0.2386    2.8504    1.9624    2.8668    0.5359    1.6826    0.2059    2.7303    0.0905    3.0235    0.0558    3.1233    0.4238    2.8645    1.4979    1.9747    2.0256    1.3398    0.7331    1.8652    0.3236    1.9673    0.6821    1.4472    0.7965    1.2297    0.6139    1.6745    0.7064    0.1504    1.9592    2.7939    1.7099    2.8621    1.3129    1.5912    1.5283    0.2825    3.1002    1.8578    1.8643    1.6404    2.9891    2.4811    2.2838    1.9145    1.7348    3.0736    1.7276    2.8362    3.0281    2.1782    2.9901    2.3994    1.5526    1.9321    1.6483    2.8853    1.7839    2.9479    0.2224    1.1736    1.4464    2.2867
    390000    1.1608    1.9696    2.3031    1.6706    2.4583    1.8554    1.9348    1.7902    1.3287    0.0646    2.2373    1.7542    1.8311    0.6079    2.0110    1.5319    3.1134    3.1062    3.0939    1.2328    2.4454    2.8430    1.4931    1.5687    2.3831    3.0783    0.8373    0.3880    2.8853    1.6600    1.1191    0.0714    1.5595    1.9142    1.0171    1.8812    0.4975    2.3239    0.8217    0.9376    1.2258    1.5439    1.4284    0.2485    2.0847    1.9412    2.3411    1.2377    2.5876    2.3514    2.4869    0.7145    1.7213    1.8398    1.4349    1.6488    0.5330    1.5500    1.4082    0.6922    2.5287    2.4402    1.3809    0.2468    0.7589    2.0465    2.0266    2.5496    1.3287    0.6396    2.0134    2.4812    1.8551    1.1108    0.9436    2.4110    1.1193    2.4137    1.0426    3.0298    0.2096    1.9211    0.4793    1.5053    0.4989    3.0403    0.9424    0.9767    1.5000    1.8759    0.3126    2.1181    1.7600    1.3503    2.4367    1.4857    2.3897    2.4146    2.4758    2.0098    1.2557    2.4080    1.9003    1.7973    0.3046    0.5996    2.4860    0.0278    1.6498    1.1555    2.9386    1.5687    2.7768    1.0537    2.0376    0.0370    2.1725    0.3258    2.2333    1.0020    1.9717    0.1811    2.8208    0.9650    2.8753    0.5785    3.0778    0.5049    3.1257    1.6095    2.9782    3.1055    0.3172    0.1082    2.8464    1.9414    2.8773    0.5365    1.6658    0.1821    2.7488    0.0776    3.0539    0.0580    3.1396    0.4090    2.9273    1.4636    2.0480    1.9899    1.4001    0.7325    1.9608    0.2109    2.0863    0.6534    1.4298    0.8368    1.1475    0.6497    1.5897    0.7412    0.1296    1.9357    2.8194    1.6904    2.8805    1.3094    1.6066    1.4867    0.2714    3.0954    1.9816    1.8817    1.5659    3.1019    2.5535    1.9671    2.0948    1.6436    2.9905    1.6508    2.9346    3.0982    2.2031    3.1034    2.4029    1.6615    1.8221    2.3190    2.6568    2.2294    2.6590    0.4469    0.3359    3.0412    2.8182
    400000    1.9303    1.1857    2.7775    1.3804    3.0905    1.4629    2.0811    1.2813    1.8993    0.1401    2.4867    1.3563    2.1752    1.0829    2.9638    0.5477    2.9051    0.8312    2.7851    1.0752    2.6368    1.4475    2.6971    1.1038    2.7013    1.5928    2.7874    1.3185    2.5741    2.2528    2.9373    3.0619    3.0804    2.9710    2.7429    2.5841    2.9769    2.8368    3.0644    3.1184    2.9615    3.1211    2.8928    2.9063    2.8244    2.7022    2.9001    2.7156    2.9820    2.5105    2.8509    2.6459    2.8166    2.6268    2.8475    2.9821    2.9617    2.9826    3.1343    2.4610    2.8787    2.3950    2.7434    2.7826    1.7620    1.5605    2.2182    2.0148    0.8032    0.5980    0.0986    1.0013    0.3678    1.6083    1.2469    1.5207    1.2358    2.4721    1.1702    2.8212    0.3540    2.3996    0.2626    1.7751    0.0129    3.0335    0.5926    1.7525    1.1895    2.3592    1.6484    2.1410    2.7236    1.3899    2.8797    1.9751    0.5147    1.3478    2.0649    2.3263    0.8093    2.5835    1.4818    2.1030    0.0883    1.4170    1.8921    1.8732    2.3420    0.8718    2.7477    1.7409    1.8432    1.6810    1.4373    2.1793    0.2526    0.3005    2.3347    2.1635    1.0289    0.0798    2.1887    2.9462    1.0367    1.6782    2.5347    1.0208    2.3812    0.7963    2.7586    1.3929    1.8245    2.8529    1.4386    2.7839    2.9525    0.6244    2.3070    0.8252    2.1669    0.4606    2.7649    0.1957    3.0393    1.1840    2.9187    1.8972    1.6308    2.7081    1.3804    2.1437    1.6551    2.5776    1.8205    0.5830    1.9375    0.3551    1.8376    0.4500    1.5763    0.0632    0.7569    2.3374    2.4240    2.3429    2.1806    1.8372    0.8349    2.2504    0.1929    2.9779    1.8970    3.0879    1.4420    2.9450    2.9610    2.4715    2.1991    2.6604    3.0516    3.0307    2.3281    2.5283    2.1847    2.1976    2.4055    1.6438    2.5246    0.8558    2.9584    1.2428    2.0897    2.5968    3.1020    0.7801    3.0786
    410000    2.0122    1.0355    2.6351    1.2255    2.9247    1.4370    1.8495    0.9397    1.8155    0.1071    2.2392    1.0783    2.2814    0.8494    3.0777    0.3577    2.7227    0.8467    2.6216    1.0222    2.3358    1.6898    2.6085    1.0557    2.3625    1.8051    2.1199    0.6961    2.2972    2.6186    2.7527    3.0725    2.7981    2.9703    2.5137    2.6605    2.7557    2.8488    2.8686    3.0899    2.7918    3.0027    2.5863    2.9453    2.7814    3.0617    2.8698    3.1092    2.8860    2.8601    2.8089    2.9631    2.8021    2.6196    2.9089    2.9086    2.9150    2.7215    2.7647    2.4066    2.7625    2.5180    2.4703    2.9096    1.4623    1.6941    1.9903    2.1268    0.2919    0.1198    0.2415    0.4481    0.0408    1.1553    1.0546    1.4284    0.9697    2.0366    1.0977    2.7070    0.3808    2.3437    0.1263    1.8484    0.2220    2.9994    0.7056    1.3415    1.3818    2.1843    0.5425    3.0919    2.4695    1.2543    2.9527    1.7333    1.3120    2.0362    2.2392    2.2260    0.5431    1.9673    1.3380    2.1426    0.1403    1.0154    2.2171    1.1081    3.0948    0.7832    2.7877    1.6177    2.0545    1.2183    1.8659    1.8837    0.4594    0.1760    2.4349    1.8343    1.2811    0.1506    2.5280    2.1356    1.7263    0.8748    3.0298    0.6109    2.5519    0.6641    2.6975    1.2238    1.9291    1.2663    2.6134    2.5831    2.7343    0.4959    1.9496    0.7628    2.0793    0.3626    2.6123    0.0915    3.0703    0.9935    3.1252    1.6548    1.8290    2.4133    1.3536    1.6954    0.1418    2.0640    1.8213    0.4653    1.3929    0.0614    1.3614    0.1391    1.3846    0.2697    0.4208    2.2132    2.4943    2.0386    2.2526    1.8647    0.9493    2.1807    0.1417    2.9383    1.8683    2.5922    1.2496    3.0770    2.5911    2.3513    1.8822    2.5205    2.9081    2.7414    2.8315    2.9788    2.5263    2.6322    2.0208    1.9854    2.9068    0.4595    2.9174    0.0931    1.0663    1.2006    3.1219    0.2338    2.8199
    420000    1.0682    1.9797    2.1883    1.6592    2.3064    1.9445    1.8788    1.7748    1.2675    0.8416    3.0903    2.1916    1.4409    0.9739    2.9491    2.7203    3.1131    2.7255    2.9737    1.3495    2.4261    2.1199    1.9233    1.4546    2.3783    1.4383    2.3668    0.1227    3.0859    1.2718    0.3593    0.6345    1.0390    1.7600    0.6437    2.1592    0.4322    2.1403    0.6099    1.0759    1.0239    1.3228    1.0922    0.4227    1.5291    1.7122    1.8139    0.3738    2.1794    2.1251    1.6022    0.6270    1.0002    1.6418    0.5432    1.6826    0.2869    1.4236    1.1887    0.1246    1.8037    2.3630    0.9473    0.8640    0.3874    2.0710    2.0116    2.4712    1.4432    0.7479    0.6714    2.3137    1.6296    0.7743    0.7169    1.9933    1.0219    2.2878    1.0771    2.9850    0.1547    1.8058    0.3812    1.5126    0.4933    3.1304    0.9194    0.8562    1.5499    1.7932    0.4618    1.9658    1.7404    1.2549    2.3503    1.4987    2.4513    2.3034    2.5359    1.9500    1.2743    2.2728    1.7840    1.8428    0.2029    0.5775    2.5524    0.0383    1.6682    1.1336    3.0013    1.5244    2.8681    0.9203    2.1335    0.2598    2.3928    0.2008    2.2540    0.7860    2.1507    0.1839    2.8450    0.7355    3.0631    0.4454    3.0649    0.1848    3.1246    1.3948    2.8259    1.8367    0.7174    0.2102    2.9493    1.8985    2.7847    0.4803    1.6047    0.2020    2.7629    0.1053    3.0018    0.0271    3.1151    0.3732    3.0604    1.2801    2.1986    1.9487    1.4752    0.7063    2.2154    0.0381    2.4185    0.4874    1.4694    0.7803    0.9518    0.6273    1.1925    0.7893    0.1302    1.7977    3.0205    1.5314    2.9094    1.5893    1.7473    1.0408    0.2724    2.5873    2.0639    1.7112    1.2855    3.0180    2.3345    1.9674    1.8275    1.6173    2.9401    1.6864    2.8581    2.0916    2.7957    2.3253    1.6368    1.7960    2.2882    0.9706    3.0122    0.8162    1.6041    0.0420    2.4349    0.6531    2.7208
    430000    1.4065    3.0804    1.9407    2.1306    2.1956    2.5562    1.6748    2.6168    0.9921    0.8190    1.6738    1.8857    1.5502    0.6296    2.4920    2.4160    2.6598    2.8059    2.8155    1.3256    2.2800    2.1210    2.1064    1.2145    2.2960    0.1628    2.4833    0.1192    2.8785    0.9671    0.9375    0.1728    1.6579    1.1651    1.4272    0.9157    1.0281    1.2504    1.2732    0.4163    1.4443    0.9076    1.6416    0.4544    2.3100    1.3458    2.4867    1.0338    2.7122    1.7474    2.0829    0.2570    1.9088    1.0257    1.5556    1.2073    0.8680    1.0805    1.8404    0.7757    2.6823    1.6651    1.9909    0.0539    3.1343    0.0628    2.0254    2.0994    1.7220    1.1958    2.4149    0.8778    2.4929    1.9390    1.0128    2.9991    0.9991    2.7552    0.9139    2.9510    0.1282    1.6467    0.6749    1.3178    0.4294    3.0706    0.8238    0.9849    1.4693    1.8349    0.4258    1.9018    1.4029    1.4231    1.6502    2.2502    2.0309    2.4074    2.3738    1.9413    1.7905    3.1146    2.1290    1.5904    2.3241    1.2093    2.4299    0.5846    0.6578    1.6434    3.0223    1.6024    3.1398    0.9859    1.9921    0.0296    2.1111    0.3354    2.3323    0.4696    2.3689    0.0312    2.9262    1.0075    2.9430    0.7741    2.9891    0.9506    2.9251    2.5153    3.0979    1.9784    2.9912    1.6114    3.0151    1.9537    3.1305    0.6589    1.4488    0.0948    2.8397    0.1618    2.6031    0.0481    2.6039    0.2181    2.7723    1.2669    2.3312    2.0703    1.8717    0.4943    2.9585    0.5229    3.0611    0.4833    1.8416    1.1987    0.7641    0.9755    1.2405    1.1306    0.0636    1.6878    2.7379    1.3217    3.0521    1.4358    2.1261    0.2818    0.7753    1.7166    2.7800    1.4493    1.7737    2.0348    2.1996    2.8715    1.2365    1.2841    2.7431    1.4333    3.0839    2.6501    2.2127    2.4122    1.7389    1.8060    1.5890    2.0160    2.5419    2.7747    2.1055    0.2672    1.2028    1.0952    1.7739
    440000    1.1485    1.5440    2.5191    1.5741    2.6058    1.6987    1.9910    1.6885    1.4795    0.2200    2.1248    1.1746    2.0213    0.7468    2.2977    1.2024    3.0529    1.7935    2.1996    2.2600    2.4170    2.5518    1.3647    2.2780    2.3926    2.1253    0.1838    0.9232    2.5921    2.5296    2.7874    1.9154    2.5070    2.2108    2.9753    2.6691    2.8406    2.6349    2.5313    1.4480    2.3631    2.0376    2.1386    1.6559    2.8765    2.4140    2.7866    2.3682    3.0840    2.7264    3.0836    2.0791    2.5313    2.4430    3.0811    2.1470    2.8137    2.0260    2.0365    1.9149    2.9304    2.9251    2.7275    2.4508    1.2339    1.8539    2.0859    3.0249    0.5484    0.1631    0.1672    0.6111    0.0717    1.4559    0.9648    1.9764    1.1244    2.5519    0.9797    2.9339    0.2912    2.0318    0.3936    1.5591    0.3961    3.0268    0.8560    1.2480    1.4094    2.0696    0.0799    2.4597    2.0271    1.3872    2.6009    1.4456    2.4488    2.5822    2.3760    2.0657    1.0727    2.3690    1.8136    1.8464    0.2292    0.7284    2.4116    0.5033    2.2431    1.0478    2.8575    1.6406    2.4938    1.1912    1.9543    0.8434    1.3263    0.4317    2.2168    1.5589    1.4600    0.1051    2.7330    1.5209    2.3106    0.8370    3.0595    0.7319    2.8036    1.3003    3.0385    2.0887    1.5568    1.2382    2.6320    2.1712    2.9386    0.6114    1.9001    0.3840    2.6116    0.1466    3.0435    0.1105    3.0704    0.5868    2.9335    1.5230    1.9943    2.3135    1.5270    1.3923    3.1306    1.1070    2.6273    0.5011    1.8180    0.2074    1.3812    0.4508    1.1854    0.8024    0.2184    1.9092    2.9586    1.7190    2.5326    1.8933    1.9688    0.7975    0.6201    2.4226    2.2254    2.1703    1.2146    2.5518    2.4585    3.1062    1.4058    2.2898    1.5995    3.1393    2.5821    3.0472    2.5687    2.3676    2.6724    1.7401    1.9534    2.9672    2.5386    2.8117    2.1385    0.8872    1.5385    1.8252    2.9353
    450000    2.0106    1.1354    2.6443    1.3605    2.8027    1.5506    1.8833    1.0373    1.7580    0.0642    2.2400    0.9619    2.2057    0.8556    2.8315    0.5784    2.8266    0.9979    3.0655    1.8106    2.3645    1.8831    2.8942    1.4365    2.3801    1.8802    1.0777    0.1898    2.3560    2.9361    2.7716    2.8406    2.9101    2.7324    2.5068    2.7791    2.7836    3.0228    2.8825    2.9258    2.7694    2.7990    2.4993    2.9412    2.6893    3.0775    2.7020    3.0561    2.7291    3.0335    2.8753    2.9438    2.7366    2.8708    2.8606    2.7411    2.9176    2.5320    2.9226    2.7157    2.8057    2.7217    2.4579    3.0643    1.3179    1.7717    2.0845    2.3707    0.1228    0.0973    0.1057    0.6255    0.1836    1.3004    1.0431    1.6866    1.0601    2.1994    1.1011    2.7951    0.4212    2.2529    0.2717    1.7228    0.3201    3.1396    0.8035    1.2845    1.4247    2.1880    0.2704    2.8391    2.3024    1.3097    2.7986    1.5010    1.9685    2.9921    2.1995    2.0604    0.5489    1.9361    1.4746    1.9356    0.0178    0.9415    2.2292    0.9154    2.8599    0.8666    2.7678    1.6504    2.1839    1.2554    1.8795    1.7413    0.5398    0.3413    2.3361    1.7737    1.3252    0.1528    2.6882    1.7509    2.0207    0.8244    3.0920    0.6059    2.5867    0.8410    2.8535    1.4377    1.8449    1.2551    2.4600    2.2737    2.7655    0.5145    1.8924    0.5879    2.2489    0.2306    2.6735    0.0863    3.0781    0.7652    3.1040    1.5727    1.9092    2.5239    1.5014    1.8101    2.3734    1.9047    2.3676    0.4920    1.7435    0.0653    1.4232    0.1247    1.1068    0.6776    0.2907    2.1091    2.5959    1.9856    2.3241    1.6335    1.1463    2.0292    0.0856    2.9504    1.9729    2.5298    1.3884    2.9265    2.6913    2.9165    1.9833    2.6651    2.5427    3.0252    2.6569    2.3605    2.3193    2.1046    2.4181    1.7097    2.6277    0.8332    2.9884    2.2957    2.8482    3.0191    2.9154    0.3422    2.8535
    460000    1.0676    1.7826    2.2815    1.6211    2.3876    1.7727    2.0235    1.8237    1.3177    0.1965    2.3776    1.7302    1.8491    0.1832    1.9982    1.8584    3.1120    2.7506    2.9832    1.3550    2.3955    2.4313    1.7042    1.5349    2.2862    2.1972    1.7416    0.2188    3.0520    1.4150    0.3014    0.7177    1.0126    1.7682    0.5532    2.1796    0.4915    2.1537    0.5566    1.0799    1.0374    1.3782    1.2144    0.3952    1.4691    1.8216    1.9260    0.9666    2.6691    2.1929    1.7193    0.6370    0.8522    1.7534    0.5740    1.6881    0.0175    1.4793    1.3159    0.1477    1.9279    2.4098    1.3159    0.4939    0.2110    2.2859    2.0402    2.3869    1.4712    0.6835    2.0965    2.0763    2.2178    0.8615    1.1034    2.5882    1.1202    2.2708    1.1433    3.1026    0.2560    1.8883    0.4236    1.4704    0.4107    3.1190    0.9289    0.8489    1.6333    1.8303    0.4109    2.0134    1.7132    1.3146    2.1999    1.6291    2.1987    2.4564    2.3392    1.8644    1.0471    2.1619    1.6454    1.6935    0.2911    0.6190    2.3922    0.1051    1.5397    1.1281    2.9138    1.5341    2.8241    0.9813    2.0834    0.2281    2.3754    0.2867    2.2960    0.6623    2.2925    0.1615    2.9459    0.8231    2.9218    0.4976    3.0934    0.2460    3.1139    1.3718    2.9696    0.5402    2.8117    0.1816    2.7910    1.8933    2.9268    0.5420    1.5148    0.0757    3.0079    0.0357    2.9450    0.0360    2.8552    0.2847    3.0074    1.0929    2.3608    1.9401    1.5368    0.8217    2.7806    0.5175    2.7934    0.4650    1.5881    0.8398    0.9188    0.7745    1.2405    0.8563    0.1955    1.8933    2.6934    1.5273    3.1348    1.2061    1.9252    1.3859    2.2640    0.8572    1.8660    1.6608    1.5917    2.9882    2.2190    1.4252    2.2780    1.4565    2.7370    1.8264    3.1212    1.9171    2.7534    1.9275    1.3560    2.1784    3.0366    1.1118    2.9468    0.3461    0.9499    0.2904    1.8210    0.8624    1.2791
    470000    1.8574    2.4330    2.9998    2.2010    3.0750    1.8836    2.2298    3.1001    1.6832    2.6702    2.5142    2.0054    1.5061    1.3666    2.1452    1.3290    2.6815    0.5442    2.3985    1.6959    3.0996    1.3228    2.6691    1.7317    3.1008    1.1114    2.3152    1.9209    2.7260    2.0048    2.4718    2.9140    3.0230    2.0949    2.9725    2.3882    3.0353    2.1839    3.1211    2.0258    3.0085    2.1677    2.8187    2.6443    2.8764    2.9500    2.9237    3.1285    2.9999    2.8601    3.1086    2.9966    2.8175    2.3998    2.9287    2.1511    2.6408    2.3088    2.7128    2.4875    3.0827    2.7912    2.8741    2.6918    2.0554    1.0452    3.0910    2.6916    0.9380    2.0879    1.1455    2.0849    1.3711    3.1356    1.3652    1.7857    1.7451    2.6294    1.0917    2.6674    0.5436    2.0121    1.1132    1.5415    0.3379    2.2935    0.0980    2.8829    0.6453    2.9333    1.4600    2.4704    1.4573    2.8444    2.0001    2.2864    1.6074    3.1082    1.9924    2.4602    2.5722    1.6924    2.2760    1.6151    2.7796    0.7300    1.8254    2.6343    2.2190    1.7432    2.7527    1.7632    2.2692    2.2443    1.3778    2.2231    0.2687    1.9977    1.3492    2.3330    0.3379    1.2040    1.7056    3.0300    1.2904    2.5602    1.7784    2.2831    2.1888    3.0030    1.7555    2.3391    1.7623    2.7267    2.5739    2.1462    3.0339    0.9258    3.0004    0.3996    2.0798    0.0549    2.7525    1.0074    2.6952    1.3208    2.3438    2.2581    1.3584    3.1336    1.7433    2.3309    2.5417    1.9124    1.1938    2.9593    2.7981    1.3965    2.4364    0.3349    2.0540    0.4428    2.5463    2.1762    1.7549    0.9218    2.6350    2.6009    3.1317    2.4066    2.6763    2.9907    2.3324    2.1091    2.5416    2.8225    2.5323    2.4231    2.3199    3.0579    0.3644    2.6046    1.4412    2.4760    1.4961    2.8226    1.6380    1.9676    1.8123    0.6718    2.2270    1.6714    1.6049    1.3996    3.0083    0.1947    3.0426
    480000    1.8386    1.3442    2.7690    1.5418    3.1307    1.6409    2.2172    1.1449    2.1237    0.3588    2.4658    1.4725    2.1895    1.0732    2.8472    0.6268    2.9359    0.8259    2.9465    1.1813    2.8112    1.3608    2.7789    1.2460    2.9051    1.5844    2.9184    1.4539    2.6913    2.2301    2.9966    3.1319    3.0666    2.8404    2.8817    2.8472    3.1196    3.1023    3.1353    2.8491    3.0318    2.9490    2.8826    2.8849    2.8629    2.7311    2.8984    2.6824    2.9785    2.5206    2.8797    2.8329    2.7651    2.8822    2.8057    2.7827    2.9750    2.8291    2.9745    2.8106    2.9194    2.6264    2.8155    2.9755    1.8334    1.4324    2.6825    2.2873    1.0783    1.0582    0.5281    1.5469    0.9221    2.2943    1.3657    1.7017    1.4514    2.9299    1.1945    2.9788    0.4070    2.2927    0.4586    1.6211    0.0403    3.0246    0.5160    2.0094    1.0782    2.5434    1.5240    2.2200    2.5196    1.6790    2.6345    1.8908    0.5342    1.6767    1.9088    2.1793    1.5194    2.8761    1.7055    1.7813    0.2046    1.4643    1.7259    2.2924    2.1051    1.0028    2.6738    1.8063    1.8861    1.9806    1.2871    2.2942    0.0963    1.0354    1.7549    2.3560    0.8482    0.2591    2.1537    2.7978    1.1118    2.4182    2.0406    1.2638    2.2346    1.1929    3.0759    1.7276    1.6849    2.9030    1.6479    2.4543    3.0419    0.7027    2.5403    0.7598    2.3248    0.4210    3.0081    0.3005    3.0921    1.1535    2.7096    2.0528    1.5710    2.4971    1.4101    2.2008    1.8568    2.3205    1.7531    0.8796    2.2272    0.7638    1.7218    0.1909    1.3699    0.3027    0.5891    2.3619    2.4043    2.5683    2.0961    1.9662    0.7410    1.7410    0.9813    3.0193    1.8848    2.7508    1.6545    2.9848    3.0400    3.0084    2.7198    2.8249    2.9944    2.8415    2.4254    2.8168    2.3876    2.2339    2.4521    1.8441    2.3519    0.8412    2.5007    0.4340    0.7441    1.2295    3.1377    0.3703    2.8813
    490000    1.1666    1.9369    2.3096    1.7051    2.5021    1.9845    1.8419    1.4755    1.3828    0.0899    2.2358    1.8950    1.5645    0.6675    1.4235    2.4490    3.1242    2.3285    2.6949    2.0118    2.3339    3.1405    1.4172    1.5608    2.3772    0.6915    2.8588    0.3882    2.8860    1.6492    1.4903    0.6313    2.0894    1.6876    1.6064    1.0504    0.7769    1.9391    1.2279    0.4294    1.4716    1.3924    1.6988    0.5954    2.2224    1.8458    2.4563    1.6901    3.1238    2.2073    2.3567    0.5586    1.7533    1.7195    2.1287    2.7618    1.7156    1.5113    1.7830    1.2338    2.8574    2.3308    2.1975    0.6430    0.8584    2.1304    2.0685    2.5366    1.2547    0.5151    2.8613    0.4861    3.1403    1.6145    1.0473    2.7044    1.1357    2.7579    0.9621    3.1412    0.2797    1.9173    0.5153    1.4433    0.3784    3.0369    0.8587    1.1048    1.5137    1.9596    0.3036    2.1581    1.7483    1.4103    2.3403    1.5594    2.2717    2.5014    2.3639    1.9741    1.3276    2.5964    1.9034    1.7004    0.4680    0.5417    2.4388    0.1177    1.4397    1.2312    2.9027    1.5975    2.7739    1.0875    1.9987    0.0763    2.0341    0.3876    2.2596    1.0415    1.8883    0.0746    2.8817    1.1887    2.6251    0.7355    3.0731    0.7319    3.0129    1.6811    3.1286    2.9534    0.0865    0.7348    2.7496    2.0132    3.0407    0.6130    1.6051    0.0655    3.0828    0.0027    2.7628    0.0814    2.6815    0.3797    2.7740    1.2744    2.2399    1.9674    1.4641    1.0202    2.8146    0.6780    2.8784    0.4731    1.8985    0.5471    1.1721    0.8131    1.2179    0.9442    0.1264    1.7645    2.4531    0.0905    1.4979    2.0871    2.3792    0.6222    0.9196    2.1814    1.9219    1.8554    0.4718    2.5738    2.4848    2.2455    1.6205    1.4915    2.8740    1.3078    2.8535    1.2580    2.8950    1.7087    2.5452    2.7040    1.6235    1.2639    3.1037    1.5640    1.4303    0.0125    2.0539    0.6567    0.7348
    500000    1.1401    1.5764    2.4796    1.5491    2.6135    1.6253    2.0159    1.6457    1.4765    0.1583    2.3364    1.7072    1.7574    1.0613    1.0717    2.3434    3.0209    1.1889    2.0941    3.0536    2.2516    2.5179    1.1742    1.8911    2.3214    2.3631    0.3316    0.6118    2.7757    2.0727    1.3528    0.3470    1.9450    1.9997    1.4776    1.2169    0.7038    2.3451    1.1483    0.4137    1.5386    1.8339    1.8330    0.5818    1.9482    2.2309    2.4118    1.9527    3.0844    2.4889    2.6872    0.8864    1.6692    2.2937    3.0638    1.9908    2.9721    1.8232    1.8005    1.3958    2.7228    2.7470    3.0255    1.8616    0.8427    2.0094    2.1065    2.9079    0.8554    0.2341    2.4472    2.7041    0.7731    1.5581    1.0178    2.4496    1.1227    2.6512    1.0002    3.0194    0.3061    1.9740    0.4596    1.5370    0.4157    3.0320    0.8711    1.1622    1.4946    2.0414    0.1920    2.3347    1.8981    1.3799    2.4616    1.4291    2.3410    2.5012    2.3432    1.9304    1.0644    2.3945    1.8241    1.7012    0.3576    0.6810    2.3744    0.0726    1.5751    1.1053    2.8348    1.6398    2.6117    1.1221    2.0132    0.0178    2.1240    0.4077    2.2894    1.2106    1.7901    0.1332    2.9171    1.2112    2.5130    0.6622    3.1262    0.6094    2.8390    1.3838    3.0904    2.7501    0.6996    0.8820    2.6498    2.0148    2.9777    0.5826    1.6490    0.1860    2.9825    0.0955    2.8875    0.0761    2.7850    0.4380    2.8459    1.3639    2.1136    2.1278    1.4875    1.2352    3.0611    0.9553    2.8005    0.4917    1.9078    0.3295    1.3076    0.7315    1.2007    0.8840    0.1267    1.8606    2.8027    0.8130    1.8643    2.2043    2.2915    0.8003    0.8796    2.0736    1.9442    2.0597    1.0256    2.6956    2.3346    1.5954    2.3797    1.3319    2.3674    1.8695    2.8242    1.6719    2.7439    1.8522    1.8939    2.2501    2.7149    1.0158    2.9039    0.9599    2.7296    1.6402    2.3205    2.9372    2.4448
    510000    1.6614    1.0451    3.1270    1.9389    1.7255    0.5126    1.2129    1.4978    1.6826    0.3592    0.9853    1.0924    1.8729    0.8714    2.3505    2.1808    1.9104    1.3883    1.7563    0.3801    1.9431    0.1878    2.4035    0.5026    1.8160    0.0152    1.9575    0.3329    2.5205    0.0597    0.0041    0.1761    1.8084    0.2857    1.5270    0.2172    1.4344    0.1358    1.5449    0.1128    1.5467    0.1779    0.1963    0.2895    0.9456    0.6251    2.2680    0.4011    2.7819    0.8748    1.9199    0.1843    1.8014    0.3133    1.3784    0.6964    1.0862    0.4982    1.9654    0.1725    2.1928    0.7800    1.9501    0.3665    2.9366    0.3822    2.0465    1.4197    1.5340    3.0038    1.7582    0.5204    0.2775    0.3750    0.8375    0.6089    0.7409    0.8039    1.1103    2.7793    0.4153    1.1160    1.1886    1.3678    0.3750    2.9109    0.5951    0.6797    1.3067    1.3856    0.5115    1.3585    0.5783    1.3697    0.0789    1.9363    1.1434    2.3707    1.6953    1.7436    1.4978    2.8262    1.6530    1.4601    2.1685    2.2998    1.1807    1.9784    0.3386    2.2740    3.0145    1.7503    2.0419    0.4321    2.0758    0.1127    2.4172    0.0046    2.9533    0.4443    3.1096    0.3785    2.5812    1.0681    2.9763    0.7446    2.5972    1.3248    2.7415    2.2054    2.8441    0.7813    2.4120    1.2031    2.9008    1.8106    2.7324    0.5494    0.7989    0.3101    1.5954    0.8738    1.5438    0.1404    1.6524    0.7631    2.8427    0.3372    2.4129    1.4866    2.3921    0.4482    2.5583    0.1994    1.6275    0.1646    2.6389    2.9996    0.8349    1.4431    1.4038    2.5488    0.4045    0.9908    1.7068    1.2754    1.4094    0.4000    1.7569    0.2032    1.8935    0.5155    3.1409    1.2548    2.0277    0.4657    1.6962    3.0478    1.4270    0.3033    2.5647    0.3907    2.8981    0.2051    2.9001    0.2957    3.0597    0.8910    0.8468    0.5879    1.9177    3.0928    0.0020    2.6469    0.0107    2.7504    0.3779
    520000    1.1315    1.6313    2.4313    1.5801    2.2887    1.1441    2.1998    1.4272    1.4659    0.2881    2.4267    1.8369    1.6859    0.9598    1.3874    2.0999    3.0806    2.1697    2.4537    1.9824    2.2790    2.8508    1.3064    2.0513    2.2757    3.1031    1.0441    0.3922    2.9373    1.6389    0.9045    0.1785    1.4098    1.7927    1.1283    1.6861    0.4536    2.1040    0.9447    0.8015    1.1556    1.5790    1.5375    0.0328    1.6552    1.9976    2.3198    1.4204    2.8411    2.3060    2.3813    0.3551    1.4124    2.0487    2.0994    0.7874    0.8710    1.6631    1.6316    0.9748    2.5073    2.6413    2.6661    1.1145    0.5396    2.1538    2.1084    2.6008    1.1681    0.3620    3.1285    0.3557    3.0967    1.3975    1.0839    2.6414    1.1249    2.5648    1.0354    3.0529    0.2927    1.9613    0.4742    1.5259    0.4317    3.0434    0.9064    1.0511    1.5482    1.9659    0.2728    2.2169    1.8217    1.3622    2.3801    1.4711    2.2972    2.4610    2.3510    1.8941    1.0706    2.3677    1.8079    1.6738    0.3795    0.6557    2.3810    0.1493    1.4785    1.1219    2.8462    1.6139    2.6848    1.0649    2.0409    0.1564    2.2970    0.3579    2.3136    0.9616    2.0309    0.1520    2.9574    1.0753    2.6312    0.6017    3.1283    0.5110    2.8952    1.3666    3.1029    3.0011    0.3377    0.7099    2.6693    1.9514    2.9791    0.5666    1.5540    0.1159    2.9970    0.0110    3.0074    0.0607    2.8793    0.3340    2.8772    1.2943    2.1875    1.9789    1.4130    1.1492    2.8932    0.7582    2.9304    0.4296    2.2656    0.0613    1.7196    0.6919    1.2617    0.9659    0.2637    1.6555    2.5878    0.9294    2.2825    1.8088    2.0573    0.6350    0.5535    2.6025    2.0713    1.9417    1.0752    2.8147    2.3650    1.8232    2.0154    1.7011    3.0693    1.8563    2.8113    2.3379    2.5903    2.8544    2.0716    1.5299    1.9735    1.1050    3.0560    1.3585    2.6132    0.8357    2.2193    1.0995    2.5729
    530000    2.0329    0.9540    2.7731    0.9679    2.8061    0.8131    2.3962    1.0962    1.8758    0.1378    2.2835    1.1891    2.3658    0.9084    3.0365    0.1559    2.6232    0.7208    2.5908    0.6351    2.2932    1.2454    2.5645    0.7684    2.3769    1.7102    1.8438    0.5970    2.4081    2.7644    3.1306    2.5047    2.6936    2.9061    2.6732    2.7231    2.8084    2.9274    3.0079    2.9793    2.9355    3.1055    3.0857    1.8761    2.1277    2.7809    2.6332    2.9661    2.6288    2.7264    2.6196    2.9975    2.5999    2.2160    2.8464    3.1399    3.1299    2.9121    2.5620    2.4161    2.4326    2.2708    2.4644    2.9262    1.4102    1.7345    1.9655    1.6944    0.7652    0.3817    0.2498    0.7220    0.3154    1.3208    1.1404    1.5672    0.9907    2.1076    1.2327    2.7051    0.5586    2.4187    0.1720    1.9145    0.2584    2.9793    0.6779    1.3243    1.4270    2.3029    0.5980    3.0819    2.5190    1.1593    2.9291    1.5476    0.1035    1.0220    2.0141    1.9522    0.2005    1.6775    1.2415    1.8805    0.0320    1.0356    2.0859    0.9270    2.9303    0.7700    2.6652    1.6894    1.9860    1.2844    1.8375    2.3502    0.0234    0.0651    2.7308    1.8904    1.3072    0.2632    2.8300    1.7026    1.8937    0.6944    3.0132    0.4380    2.3413    0.4697    2.6196    1.0945    1.8700    1.4641    2.2415    2.3719    2.6178    0.4094    1.8342    0.7475    2.0859    0.3128    2.5052    0.0344    3.0966    0.9526    3.1397    1.6583    1.8131    2.2794    1.2871    1.9800    1.2449    3.0908    1.9445    0.5570    1.8582    0.3064    1.4989    0.0639    1.3901    0.2323    0.5709    2.2211    2.3747    2.1761    2.0883    1.9676    0.0597    2.7850    0.5028    2.9768    1.8375    2.8488    1.2530    2.6879    2.8744    1.9049    2.2330    2.2737    2.9853    2.7755    2.5707    3.0419    2.5867    2.6171    2.2265    1.8087    2.8273    0.5247    2.5727    0.0936    1.2122    0.4410    3.0160    0.5551    2.4261
    540000    1.0968    1.1531    2.6072    1.0893    2.6342    0.8949    2.2718    1.1023    1.6787    0.3125    2.4248    1.5283    2.0584    0.9942    2.8854    0.4328    2.8110    0.7815    3.1276    1.3986    2.2072    1.7686    2.7307    1.9598    2.2475    2.1199    0.3466    0.8763    2.6350    2.4899    0.4705    1.9005    0.9951    2.3676    1.6959    2.5075    1.3351    2.7845    0.7415    1.0789    1.1395    2.3091    1.9552    0.0081    1.1673    2.6267    2.3507    2.2592    2.9095    2.8357    2.9693    1.8272    1.8897    3.1103    2.5420    2.3488    2.8863    2.2111    2.7372    3.1105    2.4600    2.9682    2.2366    2.8588    0.8716    1.8943    2.0447    2.6064    0.1645    0.0276    0.2089    0.5867    0.2756    1.2630    1.0139    1.9997    1.0409    2.2017    1.1168    2.8375    0.4387    2.1885    0.2811    1.7121    0.3847    3.1263    0.8571    1.1375    1.5246    2.1035    0.0494    2.5096    2.1483    1.2586    2.7268    1.3333    2.4671    2.6228    2.2678    1.9092    0.4689    1.7740    1.4812    1.7694    0.1614    0.8147    2.2689    0.3249    2.1922    0.8763    2.7588    1.6167    2.3584    1.1160    2.0225    0.0655    2.1706    0.2972    2.4073    1.3822    1.7057    0.2233    2.9339    1.2211    2.3973    0.5722    3.0394    0.3585    2.6298    0.8086    2.8980    1.2804    1.9517    0.9509    2.5155    2.0931    2.7561    0.4812    1.6706    0.4132    2.4517    0.1523    2.7685    0.0491    3.1058    0.5867    3.0571    1.4712    2.0050    2.0532    1.3086    1.4627    3.1298    1.1150    2.3908    0.5194    1.8811    0.0180    1.4510    0.4491    1.2087    0.6134    0.3726    1.9108    2.7699    1.7573    2.2454    1.8802    1.4192    1.4574    0.4263    3.1358    1.8773    2.3550    1.3205    2.8918    2.5433    1.8912    2.1811    2.1071    3.0644    2.4509    2.6791    2.8536    2.6146    3.0407    1.9795    1.8831    2.8007    0.7493    2.9989    0.3148    1.3169    0.4837    2.8110    0.8180    2.0231
    550000    1.1184    1.5747    2.4483    1.4901    2.3473    1.0263    2.2595    1.3800    1.5352    0.0762    2.0643    1.3010    2.0139    0.7263    2.1178    1.2188    3.0423    2.1968    2.4491    1.8925    2.3224    3.0354    1.3598    1.8957    2.3041    2.4145    1.7263    0.3654    3.0247    1.5108    0.5181    0.6558    0.9360    1.8353    0.7616    2.1198    0.3157    2.2216    0.7346    1.1193    0.8864    1.6583    1.4921    0.3167    1.3062    2.0155    2.2226    1.1988    2.6454    2.3325    2.4646    0.3169    1.2508    2.1931    2.3983    1.8743    3.1059    1.6981    1.6256    0.8458    2.3337    2.7143    2.9921    1.7159    0.4756    2.1487    2.0927    2.7146    1.0764    0.3397    2.8404    0.7835    2.9863    1.4065    1.0677    2.5841    1.0950    2.5229    1.0490    3.0126    0.3160    1.9947    0.4358    1.5592    0.4289    3.0597    0.9099    1.0435    1.5679    1.9874    0.2511    2.2477    1.8641    1.3358    2.4321    1.4153    2.3035    2.4614    2.3283    1.8570    0.9148    2.2164    1.7281    1.6389    0.3801    0.6775    2.3282    0.1656    1.4976    1.0848    2.8123    1.6007    2.6645    1.0448    2.0528    0.1855    2.3405    0.3107    2.3557    0.8750    2.1389    0.1829    2.9980    1.0276    2.6321    0.5521    3.0957    0.4228    2.8736    1.2560    3.0850    2.3049    1.0471    0.7256    2.6356    1.9495    2.9654    0.5632    1.5383    0.1459    2.9617    0.0395    3.0532    0.0541    2.9483    0.3599    2.9411    1.3013    2.1910    1.9466    1.3942    1.1429    2.9124    0.7564    2.9100    0.4253    2.2296    0.0215    1.6662    0.7132    1.2090    0.9493    0.2654    1.7143    2.9363    1.2311    2.3772    1.7606    1.9836    0.7992    0.3562    2.9825    1.9163    1.9478    1.1765    2.9296    2.3239    1.7790    2.0127    1.7863    3.0912    1.9085    2.9234    2.3984    2.6920    2.9682    2.1627    1.6157    2.1614    1.3516    3.1121    1.6592    2.9937    1.6304    2.5067    0.2301    1.7796
    560000    1.9661    0.9767    2.7754    0.8940    2.9202    1.0131    2.4414    0.9434    2.0741    0.2713    2.3704    1.2487    2.3918    0.9428    3.1349    0.3081    2.7562    0.7964    2.4756    0.7133    2.4126    1.3656    2.5303    0.9355    2.5893    1.8071    2.2031    1.0502    2.5815    2.6573    3.0574    2.7753    2.8537    2.8929    2.7845    2.6978    2.9475    2.9211    3.0856    3.0307    2.9931    3.0930    3.0502    2.2780    2.4483    2.7238    2.7253    2.8363    2.7560    2.6090    2.7809    2.7816    2.7420    2.3031    2.7911    3.0758    3.1172    2.9346    2.8798    2.4340    2.6563    2.3086    2.6089    2.9277    1.6129    1.6830    2.2000    1.7596    1.0407    0.6521    0.0348    1.0382    0.5285    1.6599    1.2605    1.6307    1.1379    2.3977    1.2483    2.7654    0.5500    2.3957    0.2401    1.8076    0.1127    3.0048    0.6166    1.5296    1.3284    2.4189    1.1246    2.5493    2.6462    1.2173    2.8832    1.6316    0.1337    1.1318    1.8883    1.9470    0.2110    1.8230    1.3314    1.7372    0.0818    1.1423    1.9392    1.2101    3.1340    0.8346    2.5923    1.7770    1.9277    1.6173    1.5678    2.4091    0.0266    0.2203    2.6383    2.1494    1.0857    0.2012    2.7760    2.0162    1.5620    0.9703    3.1237    0.6921    2.2368    0.6305    2.7288    1.3186    1.7699    2.0594    1.7845    2.3440    2.7367    0.4985    2.0459    0.7961    2.1503    0.3972    2.6853    0.1009    3.1322    1.0251    3.0560    1.7810    1.7754    2.3908    1.3556    2.1746    1.6438    2.6180    1.9984    0.6969    2.2815    0.6604    1.6495    0.0144    1.5267    0.2082    0.7171    2.3257    2.2970    2.3782    2.0434    1.9986    0.1726    2.8986    0.6124    2.8712    1.9076    3.0446    1.3008    2.9054    2.5907    2.2624    1.6481    2.7057    3.0840    2.8667    2.6206    3.0334    2.5174    2.3465    2.2155    1.8443    2.5794    0.3215    2.6993    0.1536    1.1224    0.6872    2.9958    0.7168    2.5773
    570000    1.3589    2.8715    2.0450    2.2896    2.0104    0.6356    3.0507    2.7237    0.6702    0.0535    2.6971    2.8149    0.1303    0.2928    2.6704    2.6916    2.6719    2.9753    2.7955    1.0449    2.4007    1.6547    2.4646    1.0411    2.4095    0.3257    2.7713    0.0235    2.9410    0.5642    0.5607    0.0919    1.5554    0.9932    1.3143    0.8979    0.8381    1.0797    1.1087    0.5654    1.1511    0.8728    1.0967    0.2893    1.5341    1.3009    2.2767    0.7316    2.5143    1.6869    1.8414    0.1532    1.4957    1.1236    1.2211    1.1912    0.6890    1.1237    1.7014    0.4440    2.2415    1.7943    1.8325    0.1177    2.0058    1.5753    2.0966    1.7220    1.9408    1.0501    2.6024    0.4454    3.0365    2.4121    1.0343    2.3057    0.8258    2.6746    0.9253    2.9198    0.1577    1.6839    0.6956    1.3848    0.4013    3.0743    0.8248    0.9797    1.5669    1.8428    0.4280    1.9157    1.3834    1.4361    1.3044    2.5860    1.8715    2.4200    2.2360    1.8094    1.5874    3.0799    1.9596    1.4522    2.0281    0.7357    2.1468    0.8797    0.4866    1.5861    2.8704    1.5815    3.1067    0.9032    2.0119    0.0289    2.1675    0.2412    2.4740    0.0445    2.9060    0.1327    3.1327    0.9594    2.8597    0.6850    3.0777    0.8724    3.0615    2.2809    2.9547    1.5070    3.0925    1.1965    2.8273    1.8909    2.9697    0.6364    1.0619    0.0930    2.2638    0.2814    2.2779    0.0120    2.2952    0.0028    2.7808    0.8557    2.6176    1.9274    1.7183    0.7872    3.1076    0.6574    2.5599    0.1534    2.8978    0.3724    2.3229    0.9842    1.4925    1.4826    0.2488    1.2619    1.8011    0.5920    1.4341    1.4403    1.9763    0.2924    1.6471    1.2777    2.2092    1.4578    1.4299    0.8808    2.4941    2.6567    1.2413    1.4825    2.7499    1.5260    3.1073    1.5976    2.8301    1.7857    1.6799    2.0465    1.4761    0.7505    2.6923    1.6738    0.1599    1.2345    1.6395    0.5380    0.1996
    580000    1.0871    1.4250    2.4931    1.3938    2.3895    0.8315    2.4944    1.6712    1.4579    0.0779    2.2085    1.5324    1.8461    0.8730    1.7254    1.6581    3.0130    1.6497    2.0825    2.2782    2.2761    2.9661    1.3850    1.8128    2.3963    1.6273    2.4558    0.2540    3.1396    1.2717    0.3976    0.6816    0.7266    1.6933    0.9007    1.7968    0.3596    2.0833    0.5810    1.2576    0.8067    1.6543    1.3434    0.5814    1.1601    1.9974    2.0188    1.2276    2.8074    2.3602    2.2246    0.2175    0.8102    2.2993    1.3077    2.2387    1.3778    1.7607    1.6072    1.0258    2.4571    2.7905    3.1003    1.4725    0.3885    2.1844    2.1460    2.5050    1.2511    0.3698    2.2552    2.1062    2.2564    1.3374    1.0955    2.5824    1.0861    2.5371    1.0452    3.0271    0.3257    1.9618    0.3947    1.5176    0.3556    3.0967    0.8718    1.0226    1.5985    1.9912    0.2686    2.2323    1.8625    1.3350    2.3973    1.4372    2.2483    2.5256    2.2728    1.8326    0.8523    2.1298    1.6197    1.5930    0.4043    0.6640    2.2731    0.1902    1.5010    1.0502    2.7915    1.5704    2.6757    1.0412    2.0472    0.0986    2.2646    0.3134    2.3476    0.7907    2.2169    0.1964    3.0184    1.0210    2.6393    0.5833    3.1143    0.4235    2.9135    1.2522    3.1292    0.9852    2.4512    0.7880    2.5595    1.9234    2.9929    0.5813    1.5132    0.1264    2.9489    0.0238    3.0239    0.0525    2.8877    0.3120    3.0026    1.1833    2.2680    2.0045    1.4876    1.0668    3.0679    0.8467    2.8785    0.4381    2.0781    0.1342    1.5692    0.7425    1.1892    0.9753    0.3273    1.6268    2.8092    1.0274    2.2370    1.6566    2.0272    0.7280    0.5508    2.8337    1.9651    1.8962    1.2110    3.0700    2.4060    2.3393    1.6660    2.0270    2.9149    2.0252    2.8732    2.6408    2.6134    3.1342    2.2346    1.7105    2.0153    1.8631    2.6126    2.9125    1.3122    1.6929    2.4130    0.1422    2.2136
    590000    1.0741    1.5360    2.4139    1.5017    2.3005    1.0769    2.2151    1.4845    1.3557    0.0854    2.2531    1.7255    1.5901    0.7703    1.1107    2.6684    3.0590    2.7302    2.8403    1.4504    2.5388    2.2621    1.9740    1.2622    2.5937    1.1206    2.6954    0.1297    3.0576    1.0332    0.4025    0.5324    0.7782    1.5750    0.9101    1.7333    0.3582    1.9682    0.6213    1.1689    0.8258    1.5069    1.1560    0.7688    1.0696    1.8562    1.9098    0.4142    2.0822    2.1629    1.8374    0.6829    0.6396    1.8840    1.0790    1.7423    0.4438    1.5487    1.6440    1.4400    2.8858    2.5782    2.1589    0.4501    0.2447    2.2941    2.1978    2.0285    1.6867    0.4791    2.5565    1.5180    2.4779    1.1312    1.1363    2.6062    1.1139    2.4247    1.0450    3.0774    0.3177    1.9583    0.3904    1.4548    0.3071    3.1151    0.8618    0.9898    1.5868    1.9125    0.3747    2.0923    1.8056    1.3212    2.3517    1.5004    2.3043    2.4815    2.3415    1.8846    1.0524    2.2470    1.6775    1.6062    0.4802    0.5421    2.3431    0.1690    1.4989    1.0897    2.8511    1.5217    2.7868    0.9877    2.0488    0.0282    2.1801    0.2518    2.3390    0.6849    2.2972    0.1966    2.9878    0.9932    2.7202    0.6247    3.1123    0.5134    3.0097    1.4176    3.1130    1.6108    1.2146    0.7574    2.6091    1.9425    3.0448    0.6195    1.5359    0.0937    2.9596    0.0048    2.9872    0.0658    2.8823    0.3165    3.0103    1.1720    2.3175    1.9568    1.5127    0.9240    2.9461    0.6763    2.8632    0.4299    1.9167    0.4370    1.3033    0.8214    1.1709    0.9543    0.3061    1.6594    2.7107    0.5086    1.9317    1.5606    2.0447    1.0665    1.9362    0.8367    1.6400    1.7435    0.8003    2.4255    2.4030    1.5007    2.0592    1.6238    2.9987    1.4345    3.1044    1.4596    3.0588    2.2648    2.1519    1.8157    2.0065    1.1396    3.1239    1.2271    1.7727    0.3020    2.2089    1.1146    0.9123
    600000    1.0601    1.3960    2.4645    1.3916    2.3414    0.6839    2.6863    1.8090    1.3587    0.0002    2.1895    1.5559    1.9126    0.7113    2.4884    0.8536    3.0344    3.1357    3.0064    0.7811    2.7103    1.8406    2.0620    1.0937    2.6600    1.2042    2.5207    0.1002    2.9931    1.1336    0.0548    0.9777    0.3854    1.6752    0.5598    2.0777    0.2911    2.1364    0.4111    1.3743    0.7009    1.6186    1.1003    0.9910    0.8813    1.9167    1.6946    1.3838    0.3395    2.1994    1.6158    0.9599    0.4343    2.0615    0.4519    1.5042    0.5194    1.5826    1.6307    0.8556    0.4706    2.6950    2.4734    0.6388    0.0055    2.3426    2.2199    1.9973    1.7125    0.4364    2.2803    1.8857    2.4466    0.9530    1.2505    2.6821    1.1301    2.2215    1.1401    3.0514    0.3751    2.0220    0.3759    1.5010    0.3221    3.1341    0.8868    0.9281    1.6452    1.9145    0.3547    2.1132    1.8119    1.3031    2.3105    1.4953    2.2322    2.5015    2.2824    1.8131    0.8625    2.0533    1.5328    1.5505    0.4525    0.5861    2.2557    0.2175    1.4897    1.0407    2.8001    1.5119    2.7621    0.9735    2.0827    0.1493    2.3224    0.2524    2.3759    0.5570    2.4432    0.2090    3.0607    0.9095    2.7287    0.5401    3.1292    0.3596    2.9821    1.2707    3.1147    0.4007    2.4293    0.7034    2.5399    1.9626    3.1117    0.6451    1.4674    0.0818    3.1047    0.0069    2.8950    0.0569    2.8560    0.3201    3.0433    1.1120    2.3559    1.8363    1.4417    0.7239    2.4289    0.1562    2.5240    0.4851    1.5317    0.8876    0.8960    1.0022    1.3568    0.6717    0.3716    1.7017    3.0968    1.1007    2.6400    1.2403    1.9795    1.3226    1.8136    0.8861    1.5369    1.7499    0.2272    2.1664    2.7446    1.9783    1.6596    1.6990    2.9717    1.1693    2.7209    1.6103    3.0687    3.0919    1.4716    0.4778    1.4191    2.4489    2.8258    2.4170    1.6361    2.4218    0.6453    1.1748    1.8113
    610000    1.0983    1.5678    2.4328    1.5056    2.3271    1.0477    2.2514    1.4986    1.4065    0.0499    2.0459    1.5089    1.9505    0.6422    2.4923    0.8453    3.0840    3.1224    3.0485    1.0065    2.6101    2.1926    1.9509    1.2219    2.6413    1.1613    2.6980    0.1661    3.0985    1.2201    0.4472    0.7117    0.6741    1.5995    0.8920    1.7590    0.3239    1.9740    0.6196    1.1497    0.8492    1.5194    1.3182    0.6446    1.0730    1.8662    2.0035    1.3061    2.9073    2.1791    1.9520    0.5751    0.6559    1.9612    1.3484    1.9336    0.6968    1.5989    1.7392    1.6253    2.9845    2.6793    2.4269    0.8288    0.4276    2.1645    2.2266    2.0927    1.6022    0.3806    2.7293    1.5993    2.2634    1.1734    1.1470    2.6052    1.1286    2.4189    1.0448    3.0616    0.3300    1.9963    0.4167    1.4880    0.3507    3.0815    0.8807    1.0285    1.5677    1.9486    0.3098    2.1609    1.8236    1.3467    2.4143    1.4681    2.3029    2.4928    2.3367    1.8897    1.0198    2.2646    1.6944    1.5949    0.4866    0.5738    2.3038    0.2142    1.4526    1.0997    2.8187    1.5478    2.7429    1.0108    2.0323    0.0033    2.1425    0.2707    2.3339    0.7859    2.1898    0.1704    2.9823    1.0625    2.6400    0.6507    3.1218    0.5679    2.9446    1.4114    3.0715    2.3642    0.3287    0.8869    2.5792    2.0511    3.1228    0.6777    1.5400    0.1073    3.1226    0.0234    2.7627    0.0755    2.7257    0.3832    2.9345    1.1948    2.2840    1.9821    1.5268    0.8073    2.7059    0.4341    2.6250    0.4889    1.6009    0.8483    0.9279    0.9559    1.3682    0.6844    0.3643    1.7106    2.9947    0.9286    2.4471    1.4106    2.1060    1.2199    1.9861    0.8198    1.7254    1.8256    0.6936    2.4585    2.5139    1.7666    1.8787    1.6947    2.8822    1.4971    2.9456    1.6199    2.9267    2.3279    1.8356    1.7145    2.0050    1.4243    3.1192    1.5550    2.6432    1.1421    2.3808    0.4386    1.3162
    620000    1.0747    1.2456    2.5683    1.2444    2.5158    0.8519    2.3872    1.4046    1.5409    0.1993    2.4147    1.6292    1.9057    1.0561    2.7833    0.5512    2.8818    2.4456    2.1821    1.4088    2.4471    2.8631    1.0205    1.4852    2.5193    2.5119    1.5448    0.3461    3.1054    1.8198    0.3074    1.6928    0.1464    2.0571    0.3182    2.5811    0.2586    2.5612    0.2838    1.7158    0.6300    2.1129    1.7048    0.8756    0.5071    2.3697    1.8960    2.9889    1.4984    2.5707    2.5244    0.3009    0.3195    2.7854    2.7182    2.2140    2.4655    1.9913    2.3085    2.2481    2.8923    3.0710    2.5952    2.3522    0.7427    1.9796    2.2293    2.8067    0.9102    0.1868    0.4004    0.0483    0.0168    1.0284    1.0117    2.0194    1.0621    2.0863    1.1170    2.8905    0.4253    2.1657    0.3006    1.6241    0.3388    3.1357    0.8563    1.0728    1.5518    2.0437    0.1443    2.3764    2.0460    1.2976    2.6445    1.3600    2.4426    2.5981    2.2885    1.8940    0.6253    1.8777    1.4928    1.6403    0.3250    0.7067    2.2491    0.0182    1.8155    0.9333    2.7576    1.5704    2.5173    1.0840    2.0302    0.0089    2.1897    0.3122    2.3503    1.1175    1.9200    0.2094    2.9734    1.1469    2.4854    0.6175    3.1008    0.4376    2.7784    1.0645    3.1078    1.3606    2.1063    0.9244    2.4724    2.0728    3.0291    0.6420    1.6643    0.3185    2.7758    0.1555    3.0494    0.0676    2.9456    0.5146    3.0535    1.3194    2.1649    2.0047    1.4100    1.0769    2.5431    0.4248    2.4463    0.4888    1.5727    0.5485    1.1025    0.7476    1.3129    0.5823    0.4350    1.7975    2.9617    1.3613    2.2125    1.7783    1.7281    1.5827    1.2453    1.4615    1.7367    2.0785    0.9623    2.8734    2.5087    2.2728    1.6347    2.1809    2.9867    1.7946    2.9259    2.4371    2.7775    2.9768    2.2353    1.7130    1.9488    2.4374    2.7933    2.4338    2.9536    1.5794    2.6575    0.2741    1.9890
    630000    1.1521    1.8686    2.3392    1.7303    2.1997    1.2011    2.2017    1.5988    1.3303    0.1095    2.0333    1.6789    1.7184    0.7553    1.1058    2.5075    3.1070    3.1009    3.0925    1.0566    2.5545    1.6848    2.4592    1.0342    2.6155    0.7704    3.0314    0.0966    3.1243    1.0706    0.3796    0.4893    0.8998    1.4004    0.9839    1.4548    0.5527    1.6960    0.7874    0.8375    1.0792    1.2402    1.3179    0.5110    1.1693    1.6347    2.1501    1.6170    2.9911    1.9719    1.8615    0.5811    0.7899    1.5214    1.4793    1.8430    0.3822    1.4529    1.7205    2.0804    2.6747    2.4194    2.0661    0.4779    0.4988    2.2383    2.2443    1.7413    1.9405    0.5380    2.9194    0.7794    2.7663    1.2604    1.3048    2.9881    1.1870    2.6168    0.9988    3.0679    0.3063    1.9457    0.5123    1.3822    0.3112    3.0508    0.8695    1.0269    1.5596    1.8980    0.3555    2.0561    1.6861    1.4111    2.2124    1.6928    2.1590    2.5472    2.3012    1.9420    1.2702    2.5415    1.7848    1.5612    0.6929    0.4143    2.2761    0.3918    1.2077    1.2395    2.8333    1.5165    2.8805    1.0105    1.9710    0.2198    1.9002    0.2997    2.3069    0.6561    2.2467    0.0972    2.9434    1.1988    2.6405    0.8339    3.0278    0.8490    3.0693    1.7502    2.9631    2.4607    0.3715    1.4116    2.6390    2.2254    2.9477    0.7710    1.5532    0.0058    2.9664    0.1095    2.6533    0.0880    2.6595    0.3630    2.9064    1.1885    2.3390    2.0026    1.6377    0.7319    2.8876    0.5406    2.8173    0.5008    1.7100    0.9818    0.8861    1.0746    1.3319    0.8872    0.3030    1.7217    3.0995    1.2875    3.0137    1.0880    2.1756    1.0515    1.8768    1.1437    1.8776    1.7255    0.7513    2.7133    2.4628    2.1334    1.6541    1.5163    2.6800    1.0842    2.4475    1.4866    2.8322    2.2201    2.1802    2.0907    1.5768    2.9801    2.6319    1.3071    1.2760    1.2392    2.7005    2.0976    0.4833
    640000    1.1295    1.9137    2.2924    1.7356    2.1705    1.1902    2.2265    1.7586    1.1569    0.0962    2.2214    1.9857    1.4588    0.4280    1.6207    2.4917    3.0624    3.1265    3.0515    0.8440    2.6601    1.3406    2.6415    0.9138    2.6538    0.7133    2.9743    0.0037    3.0772    0.8402    0.2300    0.4866    0.8071    1.2815    0.9534    1.4125    0.5131    1.5276    0.8154    0.8149    0.9757    1.0749    1.0926    0.5862    1.2167    1.4602    2.0552    0.7572    2.4983    1.8078    1.6167    0.6463    0.8653    1.2801    0.8974    1.3412    0.0371    1.2547    1.5901    0.0173    1.6288    2.2093    1.7635    0.0982    0.2613    2.6660    2.2168    1.7193    1.9661    0.6378    2.8406    0.8729    2.6845    1.3180    1.4577    2.8280    1.1162    2.7672    1.0258    3.0413    0.2601    1.8485    0.5108    1.3897    0.3358    3.0889    0.8782    0.9331    1.6287    1.8584    0.4275    1.9730    1.6050    1.3668    1.8741    1.9782    2.0083    2.4790    2.2699    1.8238    1.1948    2.4709    1.7009    1.4805    0.7088    0.4266    2.1831    0.5233    1.0666    1.2548    2.8111    1.5065    2.9642    0.9196    2.0459    0.0365    2.1860    0.2253    2.4122    0.2440    2.6905    0.1214    3.0886    0.9603    2.7600    0.6406    3.0905    0.6396    3.1252    1.7410    3.0091    1.5261    1.1717    0.7065    2.6595    2.0883    2.9743    0.7125    1.4269    0.0689    2.7915    0.1495    2.6361    0.0632    2.6537    0.2371    2.9021    1.0135    2.4835    1.7658    1.5088    0.5780    2.7610    0.3491    2.8288    0.4898    1.7103    1.0455    0.8269    1.1341    1.3240    0.8612    0.3242    1.6200    2.9892    1.0064    2.7939    0.8405    2.3284    0.7100    0.8633    2.1958    1.9532    1.5917    0.6783    2.9955    2.5368    2.7780    1.2454    1.5434    2.8012    1.0229    2.2188    1.5990    2.8577    2.4617    2.4482    2.2371    1.4403    2.9015    2.6519    1.4810    1.6003    1.6856    2.4503    0.6554    1.0601
    650000    1.2532    2.2683    2.2399    1.9294    2.1805    0.8595    2.8171    2.2804    1.1278    0.3440    2.0230    1.8864    1.6401    0.6361    1.4010    2.3039    2.9359    3.1291    2.9027    1.2399    2.4183    1.8343    2.4516    1.0879    2.4730    0.4148    2.7888    0.0945    2.9908    0.9114    0.5991    0.1059    1.2805    1.1899    1.2402    1.0602    0.8222    1.3676    1.1209    0.5255    1.3135    1.0157    1.3980    0.0024    1.7604    1.4011    2.3607    1.2800    3.0809    1.7664    1.9160    0.1141    1.4286    1.1844    1.5794    1.6633    0.0201    1.2512    1.8166    1.4848    3.0809    2.0616    2.0020    0.3755    0.4365    2.4601    2.2080    1.5649    2.0907    0.6847    2.8828    0.4563    2.9772    1.8163    1.2498    2.8912    1.1215    3.1314    0.9066    2.9265    0.2742    1.8564    0.6294    1.3491    0.3235    3.0228    0.8186    1.0895    1.5384    1.9059    0.3802    1.9957    1.5472    1.4568    1.9128    2.0104    2.0232    2.5377    2.2769    1.9471    1.4607    2.8256    1.8937    1.5170    1.1009    0.0932    2.2132    0.6856    0.8173    1.4196    2.8415    1.5349    2.9933    0.9856    1.9353    0.2792    1.8184    0.3182    2.3426    0.4601    2.3799    0.0260    2.9835    1.2632    2.6582    0.9509    3.0011    1.0891    3.0910    2.0928    2.8960    2.0706    1.3062    2.6818    2.7372    2.2467    2.8972    0.7719    1.3701    0.0938    2.5821    0.2320    2.3942    0.0729    2.4114    0.3032    2.7411    1.0929    2.4469    1.9207    1.6641    0.5877    2.9088    0.4873    2.9183    0.5345    1.7621    1.1851    0.7576    1.2335    1.4179    0.9096    0.2735    1.6746    2.9302    1.0337    2.3405    0.4054    2.4328    0.7020    1.3575    1.6611    2.1455    1.6378    0.4578    2.5077    2.4760    2.1622    1.5996    1.3044    2.5060    0.9527    2.3367    1.3669    2.7567    1.9530    1.9735    2.1621    1.4432    2.9395    2.5031    1.3874    1.3338    1.0916    2.6637    2.2671    0.2858
    660000    1.0943    1.4467    2.4924    1.3956    2.4092    0.9273    2.3640    1.5363    1.4689    0.0909    2.2275    1.5174    1.9930    0.7640    2.5189    0.7413    3.0438    1.1383    1.9810    2.7938    2.2733    2.9499    1.4235    1.5302    2.4185    2.8315    1.2129    0.2799    3.1040    1.3994    0.0112    1.0438    0.5291    1.7157    0.6320    2.0794    0.3214    2.1106    0.5318    1.1349    0.9467    1.5356    1.4070    0.6720    0.9384    1.8226    2.1267    1.9198    2.7715    2.0847    1.9582    0.4760    0.7749    1.6821    1.2315    1.9606    0.9317    1.4659    1.7854    1.6493    3.0465    2.5510    2.4425    0.8282    0.3705    2.2930    2.2202    1.9110    1.7813    0.4568    2.7618    0.8705    2.9544    1.2207    1.3201    2.9228    1.1611    2.5290    1.0452    3.1392    0.3430    1.9748    0.4420    1.4357    0.2953    3.0924    0.8756    0.9821    1.6434    1.9459    0.3220    2.1306    1.7681    1.3746    2.3372    1.5280    2.1124    2.5912    2.2353    1.8500    0.8820    2.1513    1.5765    1.5144    0.5372    0.5742    2.1801    0.3258    1.3682    1.0995    2.7637    1.5151    2.7694    1.0287    2.0115    0.0805    2.0758    0.3174    2.3242    0.6417    2.3039    0.1436    3.0165    1.0955    2.6103    0.6655    3.1050    0.5926    2.9702    1.4468    3.0131    1.5999    0.9610    0.9400    2.5701    2.1922    2.9953    0.7222    1.4992    0.0307    2.9485    0.0676    2.6810    0.0891    2.6498    0.3373    2.9401    1.0604    2.3675    2.0044    1.6035    0.7511    2.8449    0.4977    2.6737    0.5063    1.6263    0.8683    0.9512    1.0219    1.2960    0.8544    0.3163    1.7555    3.0314    1.2858    2.8878    1.5244    2.2683    0.8726    0.7867    2.4410    1.9878    1.7393    0.6702    2.7537    2.4533    1.9462    1.7739    1.7633    2.9352    1.3736    2.4922    2.0327    2.7742    3.0721    2.4442    1.7710    1.5282    3.1057    2.6865    1.1847    1.4646    1.2468    3.0067    1.6898    1.1441
    670000    1.9982    1.1045    2.7487    1.1496    2.7951    0.9785    2.4975    1.2175    1.8470    0.1078    2.3472    1.3172    2.2781    0.9598    3.0186    0.3992    2.8635    0.7881    2.5487    0.9036    2.5149    1.5233    2.1599    0.7670    2.5571    1.9755    2.2865    1.1046    2.5336    2.9772    2.9568    2.3157    2.5458    2.6387    2.7768    2.8840    2.9404    3.0798    3.0876    2.8707    3.0372    2.9211    2.8565    2.2941    2.1754    3.1321    2.6760    3.0965    2.5815    3.1264    2.9650    2.8785    2.7837    2.9373    2.7762    2.6128    2.9711    2.4556    3.0784    3.0252    2.9198    2.6227    2.7689    3.0618    1.6271    1.8010    2.3713    2.1457    0.7169    0.3598    0.0522    1.0066    0.4857    1.4859    1.2139    1.7967    1.1360    2.3361    1.1655    2.8464    0.5181    2.3203    0.2728    1.6826    0.1601    3.0844    0.7040    1.3705    1.4305    2.3197    0.6205    3.0910    2.3826    1.3351    2.8291    1.4933    0.5762    1.6387    2.0138    1.9382    0.3621    1.8792    1.4086    1.6202    0.2485    0.9752    2.0002    0.5350    2.3899    0.8839    2.6166    1.6865    2.1484    1.4782    1.7425    2.0598    0.2347    0.5435    2.2490    1.9530    1.1807    0.1541    2.7767    1.8728    1.7617    0.9862    3.0840    0.7666    2.4352    1.0140    3.1275    1.5930    1.8419    1.6145    2.1248    2.3761    3.0114    0.6482    1.9934    0.5874    2.4392    0.3277    3.0784    0.1265    2.9826    0.8474    3.0171    1.5772    1.9237    2.3283    1.4223    1.5911    0.6798    2.6329    2.0150    0.6029    1.4487    0.3826    1.3059    0.6374    1.7598    0.3566    0.3694    2.3733    2.4286    2.0328    2.1593    2.2027    1.1404    2.1861    0.0976    2.5504    1.9253    2.6599    1.2179    2.8945    2.5410    2.1253    1.8867    2.3871    3.0345    2.6440    2.6052    3.1385    2.4744    2.5463    2.1410    1.8406    2.4097    2.1863    2.9021    0.1295    1.5537    1.8217    3.0445    1.5863    2.3533
    680000    1.4206    1.7999    2.9761    1.6239    1.4680    2.9063    2.8005    0.4366    1.6411    2.0322    3.0340    1.1388    2.4931    1.3357    2.4468    1.1680    2.5799    0.7375    2.9411    1.1831    2.9231    1.1006    3.1052    1.3077    2.7990    1.3366    3.0340    1.4353    3.0480    1.5899    2.9886    2.7648    3.0950    2.8825    2.8735    2.7740    3.0615    2.7699    3.1142    3.0265    3.0411    3.0276    2.9376    2.6148    3.1252    2.3448    2.9223    2.1402    3.0234    1.8969    2.8647    2.4042    2.4526    2.9366    2.5192    2.9411    3.0621    3.1090    2.9760    2.6257    2.8446    2.5395    2.7622    2.4999    1.9677    0.2031    2.1955    2.7875    1.7247    1.5395    0.2060    1.6550    2.6439    2.0353    2.2656    1.5375    2.1971    2.3409    1.8155    3.1394    0.9751    0.6083    2.7576    1.6181    1.9287    2.1370    0.4948    3.0857    0.5935    3.0387    1.9765    2.4291    0.9032    1.7952    2.1608    3.0957    1.1015    2.5570    1.5554    1.8959    3.0310    0.6519    2.0816    1.0422    0.5927    2.0798    1.2494    3.0492    1.4966    2.4645    1.5569    2.0942    1.4536    3.0601    0.2429    2.5917    0.2444    2.9996    0.2920    2.8373    0.5483    1.5528    0.8707    3.0801    0.8584    2.3952    1.3543    2.0568    1.5082    1.8637    0.4078    1.7287    1.2531    2.0126    1.9597    1.8869    2.8942    0.7140    2.8266    0.9038    2.2268    0.5120    2.6199    0.5262    2.5575    1.7036    2.5091    2.4703    1.2054    3.0645    1.2272    3.1352    1.8070    2.4136    1.2927    0.5111    0.8626    1.9878    0.6650    1.3874    1.3518    0.3288    1.1062    2.9527    1.8081    2.4973    2.0546    2.8286    0.7684    2.6698    1.2901    2.4107    2.1904    1.7006    2.2682    2.9459    0.2662    3.0723    0.7994    2.8992    2.0164    2.7163    1.0652    2.6945    2.1036    1.9243    1.1868    2.8135    2.5870    1.0327    1.4519    0.3321    0.3039    2.0661    0.9867    0.3521    2.8457
    690000    1.0313    1.5499    2.3657    1.3278    2.3773    0.9123    2.1359    1.3574    1.3085    0.6757    2.9847    1.9736    1.2999    1.3299    2.9544    3.0680    3.0974    3.0337    3.0770    0.6122    2.8111    1.3061    2.3375    0.9707    2.5964    1.6820    1.9293    0.2032    2.6416    0.8749    0.1600    0.8061    0.4721    1.6664    0.3661    2.4162    0.2639    2.2165    0.3375    1.1542    0.8571    1.3204    0.9220    0.9583    0.8884    1.5381    1.5966    1.3655    0.4005    1.8312    1.1609    0.9623    0.5172    1.2533    0.1158    1.1134    0.1872    1.1499    1.3246    0.8793    0.6680    2.2637    1.3428    0.6484    0.9078    3.0506    2.1773    1.8590    1.9160    0.7257    2.3979    1.6686    2.3396    0.4403    2.2366    2.5205    1.2440    2.1622    1.3145    3.0375    0.3029    1.8898    0.4355    1.4107    0.3143    3.0949    0.9099    0.7394    1.7771    1.8174    0.4675    1.9359    1.6311    1.2955    1.5730    2.2304    1.8435    2.5035    2.1859    1.6985    0.7975    1.9079    1.3050    1.4368    0.4827    0.5648    2.0812    0.4200    1.2905    1.0934    2.7643    1.4418    2.9510    0.8894    2.1234    0.1837    2.3879    0.2159    2.4546    0.1085    2.8904    0.1894    3.0622    0.7231    2.8262    0.4100    3.1279    0.0923    3.1110    1.3053    3.1208    0.5383    2.5078    0.3298    2.6174    1.9353    3.0479    0.6721    1.3721    0.0747    2.8053    0.1280    2.7567    0.0467    2.7892    0.1536    3.0925    0.8510    2.5660    1.7445    1.5656    0.5869    2.9544    0.4232    2.9430    0.4461    1.6968    1.0118    0.8375    1.0664    1.1930    0.9533    0.3959    1.6010    2.8317    1.2606    2.4843    0.5137    2.0438    1.1330    3.0539    0.0007    1.7981    1.4286    0.5642    2.4733    2.3295    1.4173    2.0169    1.4979    2.8008    0.9757    2.2605    1.7336    3.1322    2.6988    2.7158    2.4311    1.5489    2.9333    2.8198    2.7720    2.1808    1.0886    0.9256    0.9980    2.9822
    700000    2.0508    1.0563    2.6697    1.1060    2.6133    0.9121    2.3371    1.2257    1.6283    0.0821    2.2555    1.3183    2.0868    1.1586    3.0203    0.3360    2.8446    2.3742    1.5918    1.0978    2.5867    2.2780    0.1069    1.0022    2.5436    2.2949    0.6250    0.4927    2.4075    2.7485    2.2450    0.3154    1.6300    2.5222    1.5230    2.6245    2.0816    3.0935    1.3944    2.1681    2.0526    2.6308    2.2875    1.6166    0.7930    2.7132    2.3700    2.8803    2.2967    2.7521    2.9588    2.2252    2.6769    2.7455    2.7495    2.2140    2.6201    1.9957    2.6332    2.5681    3.0185    3.0269    2.7375    2.6089    1.2057    1.9240    2.2514    2.9383    0.3358    0.0779    0.6449    0.1955    0.2807    1.1308    1.1040    1.9264    1.0693    2.0704    1.1428    2.8803    0.5128    2.2746    0.2768    1.6291    0.2249    3.0802    0.7815    1.1204    1.5752    2.1586    0.0425    2.5757    2.1347    1.3054    2.7844    1.3402    2.0589    3.0771    2.1177    1.8715    0.4428    1.7617    1.3447    1.5801    0.3119    0.7863    2.1030    0.1119    1.9558    0.8903    2.6701    1.5673    2.3837    1.2815    1.9019    0.7892    1.4532    0.5125    2.2374    1.3878    1.6509    0.1791    2.9379    1.3508    2.2778    0.7069    3.1260    0.5222    2.7007    1.0313    3.1144    1.3513    2.1565    1.0719    2.3576    2.1977    3.0907    0.6823    1.7079    0.3847    2.7290    0.1943    2.9947    0.0943    2.8877    0.6272    3.1166    1.3275    2.1315    2.2760    1.5441    1.4740    2.5114    1.6574    2.5595    0.5343    1.7582    0.2378    1.3626    0.7120    1.2510    0.7849    0.3573    2.0088    2.6267    1.7430    2.4872    1.6710    1.5477    1.6119    0.1414    2.9002    1.9380    2.2281    1.0936    3.0672    2.4392    2.2107    1.7939    2.4420    2.6531    2.2881    2.9091    3.1301    2.6568    2.4107    2.4692    1.6655    2.3156    2.6036    3.1398    0.6897    1.7292    0.1197    1.5149    0.6586    2.7435
    710000    1.9051    0.9513    2.8938    0.8128    3.1069    1.0327    2.6381    0.9967    2.5174    0.5494    2.4974    1.3382    2.3293    1.1751    3.1323    0.4082    2.8635    0.8243    2.2539    0.4667    2.4417    1.2888    2.5273    0.9165    2.7649    1.5368    2.7661    1.0738    2.6998    1.8743    3.0109    2.9442    2.9694    3.1006    2.8542    2.3173    2.9844    2.5112    3.0976    2.7176    2.9877    2.7287    3.1296    2.3365    2.8479    2.4107    2.8175    2.4604    3.0118    2.3097    2.7804    2.7098    2.6925    2.4645    2.7115    3.0109    3.1406    2.9888    3.0507    2.4572    2.7659    2.2179    2.8343    2.6362    1.9176    1.5792    2.5233    1.8550    1.5562    1.0459    0.0560    1.2072    0.8515    2.0624    1.5166    1.5656    1.3610    2.6867    1.3839    2.8128    0.6780    2.5163    0.3737    1.7782    0.3746    2.7129    0.3544    1.7921    1.2146    2.5957    1.7266    1.9654    2.9044    1.2055    2.8925    1.7653    0.0701    1.2172    1.6806    1.8655    0.0132    1.8462    1.3823    1.4799    0.2076    1.3041    1.6924    1.7572    2.7607    0.8645    2.4447    1.9097    1.7474    2.3308    0.9489    2.6195    0.1763    3.0272    0.2481    2.5089    0.8069    0.0161    2.5250    2.4316    1.1525    1.9223    2.4311    0.9854    2.0245    0.8206    2.8332    1.5265    1.5924    2.8424    1.2712    2.4356    2.8545    0.5766    2.2626    0.8932    2.1448    0.5464    2.8161    0.1703    3.1281    1.2464    3.0095    1.9264    1.6669    2.5995    1.3588    2.3805    1.4524    2.9148    1.8506    0.6314    1.8148    0.5727    1.4129    0.2511    1.6386    0.0389    0.4559    2.8275    2.1655    2.5336    1.9865    2.0255    0.3264    2.8286    0.1196    2.5086    1.9049    2.8080    1.5683    2.8372    2.9941    2.2510    2.1242    2.8252    3.0900    2.9130    2.2838    2.5732    2.2546    1.9750    2.5403    1.8886    2.1501    0.4706    3.0584    0.6503    2.1993    0.9584    2.8571    1.9774    2.3179
    720000    1.0994    1.9331    2.2408    1.7522    2.1528    0.8769    2.6326    2.2856    0.8149    0.4323    3.1075    2.4483    0.7846    1.1059    2.8510    3.0642    3.0148    3.1367    2.9631    0.5100    2.7500    0.9878    2.7451    0.7656    2.6008    1.4179    2.2125    0.2324    2.7620    0.7482    0.0072    0.5732    0.6681    1.4437    0.5424    2.0303    0.4277    1.9258    0.5003    0.9197    1.0096    1.1246    0.9282    0.8124    0.9185    1.4389    1.7886    0.9872    0.7345    1.7539    1.3695    0.8453    0.6523    1.0225    0.6560    1.0787    0.0017    1.0873    1.5564    1.0222    0.5250    1.9914    1.7362    0.2296    2.0510    1.8487    2.2275    1.5510    2.1699    0.8543    2.8066    0.8119    2.6359    0.9649    2.1915    2.0023    1.2204    2.7130    1.1661    2.8154    0.2691    1.8535    0.6142    1.2735    0.2701    3.1020    0.9043    0.8146    1.7271    1.7676    0.4938    1.8491    1.4966    1.3812    1.1633    2.7528    1.7036    2.5703    2.1319    1.7742    1.0679    2.2913    1.4921    1.4276    0.7209    0.3894    2.0357    0.6174    1.0509    1.2468    2.7850    1.4175    3.0931    0.8885    2.0297    0.0699    2.1133    0.2220    2.4535    0.0658    2.8833    0.1522    3.1363    0.8669    2.8878    0.6178    3.0384    0.6321    2.9811    1.8958    2.9777    1.1277    2.0701    0.1483    2.7066    2.2022    2.8140    0.7596    1.2707    0.1760    2.3250    0.3134    2.3843    0.0689    2.3883    0.1290    2.9105    0.7818    2.6285    1.9310    1.8166    0.6294    3.0069    0.6059    2.9700    0.3671    2.0543    1.0189    0.9091    1.1503    1.2023    1.0677    0.4430    1.4899    3.1366    1.0192    1.8652    0.0456    2.5639    0.4352    1.6079    1.2063    2.5126    1.1788    2.8971    0.5869    2.1575    1.4745    1.9184    1.4069    2.5616    0.6310    1.7692    1.3570    3.1169    1.6151    2.0123    2.7225    1.8357    2.8790    2.9080    2.6474    1.2209    2.0049    1.8490    2.0547    0.1547
    730000    2.1487    1.0599    2.5706    0.9848    2.5492    0.6101    2.3809    1.2313    1.5376    0.5093    2.8490    1.4871    1.8444    1.4410    2.9994    3.0614    2.7326    2.9309    2.6081    0.8116    2.8046    2.1907    1.5759    1.5099    2.2480    2.9209    1.1951    2.1958    0.2216    2.0813    0.5171    1.7851    0.0927    2.6862    0.1343    2.6232    0.1070    2.8801    0.1230    2.3981    0.4739    2.7575    1.6770    1.2785    0.1354    2.5951    0.9057    2.3890    0.4558    2.5691    0.8723    1.7230    0.1372    2.9617    0.0752    0.8349    1.7808    1.8377    1.5113    1.0126    0.2852    2.9950    1.8772    2.5467    0.1338    2.0616    2.1779    2.5076    1.4038    0.4582    0.7232    1.0895    0.8273    0.4834    0.8079    1.5660    0.9237    1.5665    1.3170    2.8366    0.5291    2.2456    0.1818    1.7441    0.3487    2.9512    0.7964    0.8223    1.7401    2.0319    0.2488    2.2409    1.9613    1.1872    2.6970    1.2457    2.4165    2.6630    2.1750    1.7552    0.4535    1.4515    0.9731    1.6103    0.1741    0.6823    2.1976    0.0367    1.9234    0.8168    2.7306    1.4528    2.5583    0.9593    2.1459    0.3827    2.6270    0.2283    2.3963    0.7061    2.3368    0.2698    3.0773    0.7661    2.7890    0.3881    3.0843    0.0415    2.8541    0.7190    2.8910    0.4811    2.6862    0.5193    2.5999    2.0057    2.8994    0.5966    1.4700    0.3190    2.7185    0.1892    3.0809    0.0155    3.0712    0.4867    2.9315    1.1410    2.2171    1.7989    1.2558    0.8307    1.5606    0.5363    2.1831    0.5193    1.3712    0.7130    1.0368    0.7717    1.4813    0.6281    0.2596    2.1638    2.4122    1.5557    2.8544    1.3424    1.5539    1.6941    0.4995    2.2173    1.3310    1.8041    0.8362    2.6896    2.5151    1.5775    1.9653    2.0910    2.7618    1.4815    2.3027    2.1449    2.9814    2.7930    2.4550    3.0257    2.4372    2.6285    2.8823    2.9449    2.9076    2.4808    2.9508    2.1948    2.6752
    740000    1.1212    1.2706    2.5420    1.3335    2.3689    0.9753    2.3034    1.2429    1.5374    0.0680    2.2412    1.5152    1.8805    1.1862    0.9870    2.4644    2.9490    1.7461    2.0246    2.3073    2.5202    2.3867    1.1555    1.9500    2.5459    2.4292    0.4320    0.8965    2.7492    2.3788    2.1987    1.9338    3.0563    2.2565    2.9946    2.6858    3.0509    2.8106    1.7526    0.9631    2.4234    2.1525    2.1566    0.8458    1.9186    2.3375    2.6260    2.5062    2.6783    2.5534    2.8414    2.0803    2.7499    2.2892    3.0595    2.1455    2.5114    1.8938    2.2997    2.3914    2.9981    3.0451    3.0970    2.3053    1.3697    1.9349    2.2369    2.8708    0.8217    0.1640    0.8393    0.1288    0.2490    1.3320    1.0955    1.9790    1.1484    2.3523    1.0293    2.9923    0.4266    2.1931    0.3803    1.5206    0.2431    3.0944    0.8165    1.1931    1.5282    2.1139    0.0060    2.5042    2.0429    1.4054    2.7147    1.4074    2.1830    2.9037    2.1901    1.9848    0.7237    2.0306    1.4954    1.6748    0.3074    0.7626    2.1886    0.2270    2.0434    0.9830    2.7229    1.5672    2.4455    1.2502    1.8865    0.9481    1.2411    0.4609    2.1800    1.4580    1.5292    0.1153    2.7751    1.5714    2.2168    0.8860    3.0217    0.7643    2.7808    1.2754    3.0667    1.9190    1.7985    1.2591    2.4888    2.3789    3.0793    0.7350    1.8189    0.3233    2.8091    0.1110    2.9125    0.1373    2.8590    0.6700    2.9597    1.4343    2.0663    2.0791    1.4187    1.0602    1.9810    0.0965    2.2468    0.5956    1.5064    0.6278    1.1609    0.8557    1.6847    0.6274    0.2342    2.2670    2.6157    1.6908    2.5232    2.0741    2.1734    0.9297    0.2830    3.1222    1.8248    2.1191    0.7889    2.7850    2.5707    2.1733    1.7780    2.0861    3.0927    1.7485    2.6975    2.1919    2.7329    3.0743    2.8006    2.4293    3.0290    2.6940    2.1763    3.0619    2.8282    1.8857    2.6408    2.4368    1.6589
    750000    1.0920    2.1010    2.1392    1.7830    2.0469    1.2719    2.0239    1.5336    1.2755    0.1474    1.8142    1.2953    1.9714    0.9013    2.4216    2.1355    2.9322    2.2684    2.9419    1.5952    2.4318    1.4991    2.4559    1.0002    2.5311    0.7787    2.8095    0.1869    2.8322    0.7677    0.1461    0.5214    0.7825    1.3551    0.6965    1.7610    0.5023    1.7101    0.5826    0.8141    1.0193    0.9889    0.9564    0.6063    1.1691    1.3109    1.9590    0.3621    2.1099    1.6890    1.4276    0.7237    0.7824    0.9146    0.5702    1.0763    0.0882    1.0396    1.5674    0.0521    1.5824    1.9321    1.7022    0.2282    1.9282    1.8474    2.1632    1.7253    2.0362    0.9439    2.6499    1.0048    2.5180    1.0578    1.8998    2.2575    1.1527    2.7330    1.1997    2.8139    0.2510    1.8322    0.5947    1.2612    0.2908    3.1058    0.9164    0.7807    1.7360    1.7664    0.4818    1.8470    1.4825    1.3887    1.1112    2.8278    1.6350    2.5999    2.1361    1.7976    1.0264    2.1462    1.4262    1.4806    0.5455    0.4900    2.0928    0.5070    1.1433    1.2432    2.8280    1.4250    3.0579    0.8659    2.0275    0.0314    2.1212    0.1893    2.4073    0.1791    2.7774    0.1606    3.0684    0.8456    2.9302    0.6029    3.0257    0.5615    2.9507    1.8449    3.0805    1.0851    2.2509    0.0458    2.7735    2.2081    2.8855    0.7515    1.3794    0.1828    2.5105    0.3178    2.6183    0.0740    2.6771    0.2111    2.9309    0.9301    2.5677    1.6448    1.5286    0.4130    2.6774    0.1913    2.8215    0.5046    1.6677    1.2089    0.7671    1.1050    1.3173    0.9239    0.4460    1.5081    3.0920    0.9598    1.7396    0.1561    2.5113    0.5313    1.3553    1.7163    1.6643    1.3897    0.1336    1.6671    2.5812    1.3434    2.0354    1.1767    2.5568    0.9087    2.1410    0.4570    2.9994    0.5652    2.9741    0.8917    2.0860    1.8891    1.9617    2.3630    2.2487    1.3025    2.8155    2.2184    0.9869
    760000    1.9722    1.6333    2.2190    2.7109    2.3375    2.4410    1.0476    2.7608    1.9676    1.6900    0.7660    2.8534    1.7220    0.0262    1.7164    2.5721    0.9923    2.7382    1.5733    0.9565    1.8500    0.7761    0.8487    1.0043    1.8725    0.2298    1.6716    0.0073    2.2900    0.2658    0.3438    0.3958    1.9572    0.5741    1.8596    0.1708    1.8383    0.5808    1.8712    0.0686    1.9180    0.5310    2.0000    0.8939    2.8172    0.9596    2.5220    0.9848    2.8438    1.2569    2.3013    0.5682    2.6545    0.6990    2.1669    1.1175    2.9061    0.9284    2.3615    1.1750    2.8033    1.2098    2.4496    0.7643    2.2818    0.2443    1.9110    0.8919    2.8186    2.0611    1.3843    0.1231    0.6099    0.8195    1.2740    2.7979    0.7619    1.6739    0.8066    1.8326    0.8103    1.9041    1.2150    1.4814    0.2524    2.8493    0.2002    1.6427    1.4476    2.0189    0.2132    1.8025    1.0221    1.5977    0.3089    2.2598    1.6156    2.8549    1.8753    2.3534    1.4361    3.0799    1.7478    1.7067    2.2634    2.5838    1.6449    2.1034    0.4164    1.7801    2.7336    1.4043    3.0509    0.8244    1.6169    0.8724    1.1392    0.6949    2.7000    0.8626    0.3291    2.1316    2.9705    2.2798    2.8605    2.5845    3.0374    2.7272    3.0591    3.0742    2.3590    2.1087    2.0797    2.2858    3.1257    2.6892    2.9524    0.7509    0.0331    1.0210    0.8309    1.1590    1.4280    0.2403    1.6145    0.1045    2.4253    0.0308    2.7092    1.9609    2.2904    0.4546    2.7204    0.6167    2.5066    0.3194    2.7829    2.3440    0.0097    1.5882    1.3962    1.5675    0.2718    1.4719    2.0307    0.7705    2.6664    0.0680    2.7333    0.8607    1.6165    1.4361    2.3335    0.4162    3.1377    1.1318    1.7125    0.5829    0.3840    0.6885    0.1341    1.1843    0.4766    1.8260    2.7986    0.0714    2.6226    1.0254    0.3550    2.8879    1.2084    1.9107    1.5666    0.8062    1.5133    1.3022    1.5885
    770000    1.0738    1.5580    2.3975    1.5331    2.2995    0.9301    2.4925    1.8615    1.2381    0.1197    2.1351    1.5103    1.8689    0.1236    1.5706    2.5821    3.0988    2.4276    2.7486    1.7665    2.4679    2.0104    2.2957    1.0929    2.5390    1.9982    1.8242    0.1590    3.0727    1.3927    0.0528    1.1615    0.4238    1.9183    0.2746    2.7036    0.2390    2.5126    0.1963    1.2501    0.9867    1.6298    1.4379    0.6364    0.9697    1.8467    1.9255    3.1006    1.5580    2.1631    1.8346    0.7715    0.4250    1.7359    0.6536    1.5137    1.1632    1.4400    1.7852    2.7534    2.2296    2.6292    2.4332    0.8481    0.4128    2.2685    2.2413    1.8609    1.9030    0.5606    2.6313    1.5285    2.3757    0.8897    1.1780    2.4838    1.1932    2.1853    1.1744    3.1319    0.3766    2.0861    0.5034    1.4284    0.3496    3.0789    0.9356    0.8942    1.6829    1.9418    0.2652    2.1468    1.7494    1.4077    2.4434    1.4833    2.0173    2.7264    2.1781    1.8962    0.7879    1.9423    1.4030    1.6227    0.3289    0.6630    2.2164    0.1069    1.6355    1.0686    2.7837    1.4898    2.7115    1.0311    1.9778    0.1739    1.9664    0.2859    2.2549    0.8086    2.1380    0.1687    2.8914    1.0640    2.7217    0.6600    3.0615    0.6002    3.0306    1.3984    3.0937    1.3276    2.3922    0.9958    2.6437    2.2523    3.0370    0.7493    1.5992    0.0723    3.0960    0.0655    2.9083    0.0914    2.9175    0.4082    2.9866    1.2021    2.2800    1.8226    1.4172    0.5564    2.0597    0.2383    2.1914    0.5829    1.3837    1.0654    0.9706    0.9645    1.6353    0.7021    0.3774    1.8487    2.7284    1.5178    2.6873    0.9051    2.1080    1.2405    1.4370    1.5132    1.4118    1.6278    0.5016    2.3288    2.7561    1.7717    1.9328    1.3703    2.6249    1.3285    2.5747    0.8578    3.1230    0.8802    2.9233    1.0736    1.9301    2.2476    2.6954    2.1496    2.6096    2.1249    2.5405    1.7826    1.8858
    780000    1.0261    1.0986    2.5728    1.1096    2.4676    0.7864    2.3270    1.3357    1.4874    0.0906    2.2106    1.3381    2.0376    0.7811    1.6852    1.8179    2.8259    1.3334    2.3035    3.0744    2.3471    2.9764    1.3269    1.4409    2.4539    3.1297    0.9425    0.6618    2.9834    2.1520    0.6226    1.9075    0.1721    2.5281    0.2715    2.9764    0.4257    3.0738    0.2103    2.2041    0.4876    2.5225    2.1474    0.7723    0.2147    2.6419    1.5453    2.7253    1.3072    2.8029    2.8489    2.3753    2.1195    3.0834    1.3598    1.0461    2.5447    1.9672    2.6684    2.7789    3.0478    2.8740    2.6349    2.3722    0.8075    2.0957    2.2520    2.6625    1.1456    0.3275    0.8143    0.6462    0.3666    0.7609    0.9804    1.6851    1.0357    1.7661    1.2454    2.8591    0.5966    2.3845    0.3308    1.6738    0.3050    3.0334    0.8333    0.9244    1.6866    2.1644    0.0350    2.5190    2.0344    1.3323    2.8100    1.3642    1.8273    2.9234    1.9873    1.8684    0.4794    1.6553    1.0804    1.6905    0.1222    0.8170    2.1275    0.1866    2.0754    0.8932    2.6672    1.5473    2.3791    1.1460    1.9771    0.1262    2.1110    0.3173    2.3175    1.2040    1.8393    0.2366    2.9079    1.1543    2.5050    0.5878    3.1229    0.3784    2.7518    0.8682    2.9907    1.0047    2.3402    0.8633    2.5405    2.2062    2.9236    0.6197    1.5982    0.3606    2.5093    0.1467    2.9374    0.0653    3.0969    0.5672    2.9883    1.2893    2.1426    1.9826    1.3620    0.9255    1.4170    0.6815    2.0104    0.5323    1.2967    0.7660    1.1081    0.7030    1.6704    0.5374    0.1882    2.2850    2.4589    1.6742    2.5870    1.8199    1.5984    1.5679    0.0188    2.8139    1.5883    1.9407    0.6994    2.8270    2.5967    2.1604    1.6948    2.0612    3.1339    1.8031    2.7173    1.7490    2.8736    2.4314    2.9532    3.0161    2.8942    2.4144    2.9580    2.1029    2.8539    2.1373    2.7261    1.5361    2.1890
    790000    1.0354    1.0709    2.5667    0.9815    2.5280    0.7431    2.2822    1.1808    1.5471    0.2108    2.2960    1.4011    1.9617    0.9098    0.8155    2.6757    2.7791    1.1376    2.5363    2.5863    2.2381    2.4831    1.0048    1.7041    2.3276    3.0938    0.9895    0.6466    2.9915    2.1614    0.7821    1.8062    0.3587    2.5044    0.4016    3.0696    0.6022    3.0602    0.2848    2.3683    0.3478    2.6074    2.2212    0.7475    0.1812    2.7082    1.4841    2.7072    1.3515    2.8761    3.0280    2.9428    3.1000    2.9483    1.4499    1.2013    2.6169    2.0137    2.7914    2.8947    3.0371    2.7756    2.6494    2.4560    0.9333    2.0963    2.2821    2.6568    1.1588    0.3338    0.8430    0.6269    0.3655    0.7019    0.9785    1.5829    1.0287    1.6781    1.2529    2.8249    0.6519    2.4721    0.3317    1.7008    0.2793    2.9924    0.7994    0.9437    1.6728    2.2154    0.1340    2.6189    2.0764    1.3465    2.8887    1.4520    1.6129    2.5800    1.9364    1.9054    0.4747    1.6690    1.0522    1.7228    0.0850    0.8582    2.0925    0.2485    2.1566    0.8996    2.6334    1.5671    2.3210    1.1858    1.9491    0.2032    2.0524    0.3167    2.3387    1.2729    1.7872    0.2505    2.9151    1.1989    2.4467    0.6030    3.1198    0.3865    2.7156    0.8256    2.9699    1.0063    2.3252    0.8684    2.5718    2.3019    2.9625    0.6479    1.6430    0.4299    2.5355    0.2442    3.0835    0.0770    3.0464    0.6753    3.0971    1.3099    2.1033    1.9889    1.3030    0.9501    1.2518    0.8159    1.9033    0.5175    1.2793    0.7455    1.1282    0.6663    1.7170    0.5044    0.1340    2.3639    2.4200    1.7237    2.6170    1.7232    1.5939    1.5299    0.1926    3.0655    1.5795    1.9610    0.8785    2.8887    2.5569    2.0976    1.7663    2.0900    3.1207    1.9167    2.8349    2.0625    2.8826    2.7440    3.1304    3.0024    2.9448    3.1206    3.1016    2.7868    3.0987    2.6195    2.6351    1.9608    2.1001
    800000    2.1335    0.9668    2.6190    1.0123    2.5099    0.5316    2.6197    1.4500    1.5695    0.3630    2.8215    1.6268    1.7667    1.0670    0.6329    3.0175    2.6954    1.0504    2.8426    1.9259    2.1009    2.5109    1.0935    1.7675    2.1877    3.0687    1.0621    0.5862    3.0796    2.2460    0.7205    1.9014    0.2729    2.7297    0.2015    2.7481    0.4348    2.8097    0.0310    2.9981    0.0802    3.0235    2.8827    0.3637    0.1253    3.1078    0.8063    2.6342    0.8399    3.1093    2.1783    1.8937    2.1736    2.5037    0.3186    0.3873    2.6989    2.1028    2.9119    2.4554    2.1411    2.6276    2.3820    2.4113    0.6768    2.1112    2.2598    2.8664    1.0051    0.3526    0.7574    0.5168    0.3820    0.5874    0.9131    1.4175    0.9217    1.5165    1.3186    2.7529    0.7412    2.5842    0.2756    1.8575    0.3423    2.8940    0.7444    0.8798    1.7160    2.2630    0.1508    2.6403    2.1049    1.2663    2.9097    1.4308    1.4401    2.3424    1.8581    1.8291    0.4096    1.5431    0.8987    1.7269    0.0210    0.8515    2.0942    0.2354    2.1668    0.8532    2.6181    1.5653    2.2869    1.1111    2.0163    0.2422    2.5279    0.2276    2.4508    1.1974    1.8953    0.3065    2.9822    1.0289    2.5601    0.4958    3.0638    0.2105    2.6892    0.6515    2.8671    0.7870    2.4034    0.7264    2.6292    2.2832    2.8596    0.5919    1.5623    0.4815    2.4748    0.3138    3.0136    0.0341    3.1290    0.6882    2.9282    1.2631    2.0999    1.9811    1.2785    0.9816    1.0830    0.9480    1.7989    0.5220    1.2317    0.7162    1.2076    0.6113    1.7445    0.4241    0.2514    2.2282    2.4510    1.6942    2.5566    1.7767    1.5282    1.6139    0.1422    2.9691    1.5164    1.9717    0.8299    2.8489    2.5889    1.9722    1.7482    2.0897    3.1277    1.8839    2.7963    1.9365    2.9013    2.6172    3.1129    2.8281    2.9045    3.0315    3.0357    2.7718    3.0395    2.7123    2.7207    1.6772    0.0918
    810000    1.1115    1.9214    2.2674    1.7351    2.1589    1.1845    2.2471    1.8279    1.1631    0.2163    2.5810    2.1392    1.4905    0.0617    1.9863    2.2926    2.9893    2.8166    3.1076    1.3010    2.4662    1.7401    2.4057    1.1128    2.4826    0.7968    3.0145    0.0584    3.1058    1.0955    0.1793    0.7503    0.6037    1.5856    0.5087    2.1696    0.3727    2.1190    0.4212    1.0342    0.9593    1.3503    1.3353    0.5872    1.0499    1.6397    1.8476    2.4222    0.8791    1.9569    1.5986    0.8642    0.4077    1.3176    0.4074    1.2301    0.8398    1.2154    1.7027    2.9958    1.8599    2.2878    2.1719    0.4735    0.0930    2.7471    2.2337    1.6123    2.1362    0.6877    2.8117    0.9887    2.6292    0.8379    1.6254    3.1108    1.2749    2.2555    1.2198    2.9943    0.3669    2.0470    0.6052    1.3533    0.3743    3.0260    0.9525    0.8772    1.7159    1.9325    0.2544    2.1099    1.6242    1.4865    2.1012    1.8162    1.7330    2.8077    2.0719    1.8669    0.7998    2.0013    1.3498    1.5475    0.3346    0.7464    2.0152    0.4345    1.2614    1.1835    2.7179    1.5119    2.7635    1.0089    1.9877    0.0550    2.0850    0.2856    2.3313    0.4595    2.4821    0.1535    3.0097    1.0061    2.7291    0.6535    3.0752    0.6527    3.0659    1.5336    3.0261    0.9617    1.4957    0.9813    2.6678    2.3758    2.8821    0.8072    1.5516    0.0435    2.8509    0.1077    2.5898    0.1137    2.5752    0.4158    2.9035    1.0480    2.4245    1.8122    1.5527    0.4979    2.5283    0.1357    2.5730    0.5844    1.4651    1.1947    0.8595    1.0816    1.5292    0.7871    0.3664    1.6628    2.9126    1.4464    2.5745    0.7726    2.3235    1.0107    0.6148    2.5195    1.9434    1.5747    0.0183    2.4114    2.7290    2.6183    1.2451    1.2850    2.5057    0.7193    2.0501    0.7438    3.0706    0.8264    2.9362    0.8298    1.9053    2.2003    2.5106    2.3405    2.2684    2.2327    2.1438    2.0162    0.3168
    820000    1.0640    1.6681    2.3405    1.5718    2.2397    1.0530    2.3059    1.7543    1.2174    0.0768    2.1191    1.6428    1.7873    0.0310    1.9019    2.2818    3.1076    2.7604    3.0371    1.3596    2.5400    1.7292    2.3815    1.1035    2.5380    1.0752    2.7274    0.1337    3.0921    1.1723    0.1466    0.8769    0.4725    1.7017    0.4586    2.3538    0.2632    2.2881    0.3376    1.1421    0.9586    1.5573    1.5206    0.5859    0.9287    1.8065    1.8018    2.5364    1.0364    2.1113    1.6966    0.9069    0.2568    1.5521    0.1242    1.0583    1.1962    1.3333    1.7209    3.0352    1.7570    2.5331    2.3792    0.7257    0.1017    2.5566    2.2467    1.6379    2.1092    0.6234    2.7258    1.0978    2.7128    0.7187    1.6497    3.0650    1.2970    2.0759    1.2704    3.0470    0.4546    2.1361    0.5554    1.3686    0.3063    3.0720    0.9430    0.8601    1.7587    1.9782    0.2202    2.1699    1.6784    1.4758    2.1614    1.7167    1.6997    2.9080    2.0047    1.8492    0.7374    1.9306    1.2508    1.5337    0.3421    0.7302    1.9932    0.3786    1.3715    1.1239    2.6722    1.5073    2.6975    1.0659    1.9880    0.0703    2.0930    0.3377    2.3216    0.4959    2.4593    0.1710    3.0251    1.0149    2.6924    0.6461    3.0849    0.5849    3.0237    1.3937    3.0008    0.1486    2.3249    0.9582    2.5972    2.4404    2.8400    0.8146    1.5324    0.0128    2.8798    0.1262    2.6955    0.1144    2.6809    0.3975    3.0483    1.0450    2.3742    2.0446    1.7116    0.6478    2.9015    0.4718    2.7217    0.5364    1.5151    1.1083    0.8517    1.0710    1.4265    0.8079    0.3586    1.6994    2.9763    1.2698    2.0428    0.2487    2.4541    0.7873    0.5637    2.6081    2.0237    1.5735    0.0710    2.4691    2.5826    2.2967    1.4412    1.4353    2.6837    0.8887    1.9926    0.6543    3.1219    0.7848    2.9837    0.7598    1.9106    1.9992    2.5450    1.7871    2.5183    2.1791    2.1885    2.3767    0.1478
    830000    1.8600    1.9540    2.0629    3.1300    2.2148    2.8502    1.2345    2.7448    1.4778    1.7497    0.2265    2.6114    1.6094    0.0521    1.9189    2.5423    1.4192    3.0409    1.8984    0.6943    2.0443    0.3889    1.4366    0.7905    2.0348    0.0527    2.0369    0.1292    2.4037    0.2237    0.4186    0.5140    2.1615    0.6027    1.7626    0.2380    1.6949    0.6869    1.4555    0.2420    1.5706    0.5380    1.3267    0.3991    2.4367    0.9692    2.3819    1.0121    3.0520    1.3577    1.8710    0.0457    1.9184    0.6518    1.6497    1.6637    0.1727    0.9359    2.0058    1.4334    2.7832    1.3648    2.0931    0.4679    2.2559    0.4090    2.0391    1.0498    2.5222    1.6757    2.0460    0.3121    3.0240    2.7842    1.0715    1.8877    0.5221    2.0663    0.9391    2.2773    0.4047    1.8717    1.0780    1.3196    0.3305    2.8975    0.5082    1.3184    1.5456    1.7879    0.3194    1.7275    1.0768    1.5837    0.3384    2.3708    1.4600    2.8361    1.9103    2.0796    1.2341    2.7758    1.6658    1.5146    2.2326    2.6460    1.5179    1.6690    0.0073    1.6711    2.7386    1.4247    3.0457    0.8509    1.8170    0.5711    1.4896    0.4360    2.6481    0.6778    2.3511    0.2482    2.9469    1.5502    2.8664    1.6030    3.0624    2.0123    3.0995    2.7648    2.5944    1.7515    2.0718    2.4345    2.9483    2.8391    2.7730    0.8101    0.2782    0.5701    1.3635    0.9174    1.5939    0.0740    1.7749    0.1737    2.6014    0.5989    2.8598    2.2590    2.4931    0.4791    2.6165    0.6323    2.4930    0.2969    2.6209    1.9305    0.3078    1.4807    1.3671    1.4266    0.2669    1.4417    2.1883    0.7163    2.9244    0.0936    2.8041    0.2222    1.4660    1.4718    3.1327    1.1749    2.3209    0.0655    2.0520    0.0647    3.0398    0.5652    1.4118    0.1374    1.4295    0.0032    2.5356    0.0877    2.2731    0.1246    1.2906    1.1793    3.0463    0.9524    1.8393    2.8852    1.1472    2.3187    1.5862
    840000    2.0278    0.8228    2.8121    0.8375    2.7056    0.7442    2.4459    1.1015    1.8829    0.1066    2.2710    1.1622    2.3854    0.8708    3.0224    0.2454    2.6348    1.0563    2.2786    0.8493    2.4410    1.6177    1.9611    0.7137    2.6280    2.2562    0.8728    0.1494    2.6848    2.8076    3.0855    2.7766    2.8009    3.0575    2.8832    2.3527    2.8708    2.5877    2.8529    3.0883    2.9072    2.8660    3.0334    2.0324    2.4425    2.5832    2.7013    2.5581    2.9204    2.5384    2.7677    2.9605    2.6926    2.3868    2.7558    2.9484    3.1006    2.7924    3.0326    2.6479    2.7321    2.2248    2.7962    2.8596    1.8184    1.8357    2.4023    1.8570    1.2302    0.5536    0.3636    0.7554    0.3481    1.3814    1.4152    1.4826    1.1863    2.2709    1.3322    2.7879    0.7783    2.6277    0.3610    1.7746    0.3013    2.6101    0.3563    1.4419    1.4213    2.5378    1.3992    2.2956    2.6305    1.2586    2.9479    1.7756    0.3323    1.2679    1.6012    1.8816    0.3421    1.9148    1.1305    1.6265    0.1200    1.1094    1.8539    1.0506    2.9509    0.8855    2.4718    1.7860    1.8866    1.9569    1.2711    2.3596    0.0614    0.4171    2.4143    2.1759    1.0582    0.1267    2.5711    2.4425    1.2414    1.2717    2.8430    0.8123    2.2979    0.8131    2.9365    1.2585    1.8811    2.3229    1.5618    2.8013    2.9973    0.6231    1.9940    0.7639    2.0687    0.4170    2.7674    0.1348    3.0982    1.1412    3.0713    1.6737    1.8291    2.4267    1.3491    2.0347    1.1024    2.9566    1.9284    0.5575    1.5401    0.0260    1.3542    0.0997    1.5013    0.2786    0.4912    2.3010    2.3417    2.2247    2.0548    2.1115    0.4826    2.6931    0.0974    2.5922    1.8254    2.8218    1.2330    3.1349    2.5569    2.7138    1.6804    3.0007    2.8092    2.0834    2.7236    2.6142    3.0118    3.0175    2.5967    2.6465    2.8621    2.4567    2.7110    2.1853    2.5572    3.1265    3.1356    1.7749    1.4081
    850000    1.0575    1.2574    2.5386    1.2325    2.4558    0.8546    2.3406    1.4830    1.4238    0.0640    2.2278    1.5028    2.0210    0.6452    2.5040    0.9154    2.9425    0.8799    2.8441    1.8251    2.3442    2.6277    1.3953    1.4575    2.4538    3.0277    0.8236    0.5337    2.9474    1.9173    0.0094    1.6851    0.0171    2.1806    0.0449    2.9525    0.2924    2.8783    0.3115    1.2018    1.2830    2.2114    2.1639    0.4132    0.5982    2.3658    2.1348    3.0611    1.8873    2.5351    2.5868    1.3499    2.0275    2.3677    2.5132    1.7474    2.2489    1.7367    2.1975    2.6230    2.7764    3.0569    3.0570    2.0383    0.8855    2.1633    2.2535    2.2415    1.5121    0.3576    1.5606    1.8101    0.6964    0.8745    1.0699    1.9987    1.1624    1.9405    1.1865    2.9738    0.5382    2.3100    0.4351    1.5436    0.3071    3.1266    0.8800    0.9957    1.6651    2.1362    0.0033    2.4775    1.9520    1.4235    2.7191    1.3618    1.8340    3.0971    2.0174    1.9084    0.6129    1.8596    1.2333    1.6315    0.2331    0.8125    2.0829    0.0215    1.8419    1.0028    2.6498    1.5753    2.4405    1.2007    1.9256    0.3998    1.7923    0.4176    2.2404    1.1498    1.8418    0.1803    2.8643    1.2952    2.4368    0.7141    3.0782    0.5936    2.8316    1.1231    3.1217    1.2874    2.3445    1.0166    2.5899    2.5278    3.0357    0.7754    1.7185    0.2932    2.7104    0.0130    3.0616    0.1035    3.0999    0.5114    3.1374    1.2816    2.1793    2.0701    1.4755    1.0723    2.8075    0.6625    2.5934    0.5021    1.5987    0.7063    1.0551    0.7930    1.2990    0.7325    0.2910    1.8452    2.8561    1.5774    2.5156    1.7574    1.6658    1.5665    0.4436    2.4609    1.7949    1.9478    1.0503    2.9435    2.3331    1.7443    1.9715    1.8713    2.8454    1.9217    2.9295    1.9759    3.0934    2.1995    3.0299    2.2962    2.5905    2.8594    2.8649    3.0649    2.9211    2.5277    2.5290    1.6184    1.7952
    860000    2.1369    0.6139    2.8456    0.5873    2.8154    0.4997    2.2096    1.2128    1.6518    0.0056    2.0079    0.9143    2.5726    0.5211    2.8398    0.0892    2.3191    0.6905    2.4138    0.2795    2.0761    1.0474    2.3307    0.3473    1.8141    2.1111    0.3802    0.9394    2.0039    3.0293    0.9743    2.0399    0.2584    2.9868    2.4330    1.9372    1.6020    2.2565    2.0803    0.6921    0.3237    2.1813    2.1130    0.1633    1.0706    2.2059    0.5452    2.0144    0.3517    2.3389    0.9729    1.7002    2.0549    1.5114    2.2144    1.7823    3.1163    3.0710    1.6352    2.9024    1.6338    1.7719    2.3912    2.9110    1.3612    2.1294    2.0882    1.5319    0.9321    0.0244    0.9500    0.0041    0.2407    0.5535    1.1406    0.8638    0.5129    1.3395    1.3936    2.4961    0.9246    3.1016    0.1139    2.6994    0.3194    1.8558    0.2850    0.9874    1.6319    2.5610    1.0590    2.6623    2.5097    0.9669    2.9208    2.4741    1.0301    0.9713    1.3472    1.7837    0.2467    1.4088    0.5986    1.8665    0.2300    0.9241    2.0555    0.6028    2.6657    0.7116    2.5058    1.6232    1.9473    1.2036    1.8391    2.4553    1.3354    0.4324    2.9987    1.6204    1.6206    0.4475    2.9697    1.2013    2.3662    0.4663    2.9779    0.1045    2.3666    0.1310    2.3139    0.6055    2.0082    0.1554    2.6587    2.6949    2.1734    0.1450    1.4077    0.9595    1.2033    1.1923    0.3382    0.0692    3.1020    1.3300    2.3968    1.3829    1.9423    2.2242    1.2140    1.7924    0.2075    1.8639    1.5788    0.3848    1.1561    0.2035    1.3118    0.3276    1.6571    0.0526    0.5330    2.4342    2.2181    1.9101    2.0590    2.1617    0.3422    2.8289    0.2133    2.6949    1.4421    2.3593    0.7808    3.0628    2.5087    2.3345    1.3229    3.1357    2.6070    2.3055    2.4567    2.7143    2.7123    2.6770    2.6194    3.0282    2.7615    2.7582    2.5420    2.8412    2.7135    2.3331    2.4073    1.1127    0.6031
    870000    1.1066    1.9373    2.2526    1.6922    2.1788    1.1285    2.2479    1.6958    1.3146    0.2502    2.4725    2.0133    1.5342    0.2179    2.1178    2.4811    3.0238    2.0648    2.6309    2.0564    2.1925    2.9912    1.3034    1.9996    2.2099    1.2484    2.9168    0.1117    3.0944    0.9827    0.2681    0.4911    0.7746    1.5062    0.5533    2.0004    0.5051    2.1044    0.4303    0.9210    1.1896    1.4128    1.4096    0.5312    1.0448    1.6346    1.9457    2.8268    1.2882    1.9707    1.6449    0.7937    0.5203    1.3876    0.5152    1.3332    0.7277    1.2831    1.6879    2.6830    2.1316    2.5132    2.0446    0.4640    0.3041    2.3819    2.2132    1.7669    2.0029    0.7174    2.7330    1.0541    2.6153    0.7860    1.7963    2.8770    1.2972    2.2541    1.2621    2.9407    0.3852    2.0492    0.6170    1.3286    0.3400    3.0419    0.9423    0.8593    1.7411    1.9166    0.2836    2.0801    1.5977    1.4868    1.8806    2.0192    1.6701    2.8235    2.0301    1.8603    0.8256    2.0398    1.3388    1.5134    0.3936    0.6938    2.0060    0.4626    1.2419    1.1889    2.7160    1.5102    2.7939    1.0338    2.0041    0.0509    2.1887    0.3558    2.3422    0.3427    2.5937    0.1302    3.0115    0.9783    2.7628    0.6286    3.0700    0.5530    3.1014    1.5092    3.0424    0.9569    1.5984    0.8515    2.6677    2.3762    2.8594    0.8039    1.5194    0.0777    2.8283    0.2171    2.7274    0.0961    2.7299    0.2807    3.0017    1.0088    2.4545    1.9138    1.6082    0.8820    3.1394    0.7210    2.9889    0.3427    2.1358    0.6450    1.1829    0.9246    1.1930    1.0371    0.2643    1.4356    1.9673    0.6129    1.5198    1.5764    2.8823    0.9019    1.3189    1.6900    2.9324    1.0627    2.4936    0.9766    3.1149    2.1889    0.7854    1.7206    1.1188    3.0090    1.8526    0.8782    2.8739    0.8778    2.8713    0.9963    1.7952    2.6571    2.5166    1.9147    1.2244    1.0357    2.8808    1.5499    0.6244
    880000    0.8140    2.4255    0.8638    2.3989    0.3141    1.7209    0.4668    1.6624    0.5432    2.3698    0.5011    2.1744    1.9246    1.8789    0.6682    1.3304    2.2488    0.3621    1.6778    1.7895    0.3401    1.4691    0.0174    1.6324    0.5070    1.3617    0.5291    1.2063    0.4860    1.1218    0.2095    1.5014    0.1915    1.7399    0.4122    1.8756    0.4591    1.6422    0.6248    2.1998    0.1643    2.4679    0.1607    1.9432    0.2915    1.2411    0.4077    0.7247    0.2096    0.5482    0.0763    1.4276    0.6704    2.5390    0.8066    2.7846    0.4013    1.8258    0.3560    1.7728    0.3622    1.3689    0.5485    1.4059    1.9796    1.8298    2.8709    2.0984    0.1931    1.7820    1.0085    1.4105    0.3459    2.1620    1.0621    1.2567    1.5740    3.1209    1.5860    2.5710    2.7281    2.2952    2.2696    2.0782    1.0068    2.4072    1.2963    1.2621    0.1740    1.1362    1.2512    1.4608    0.2539    0.3161    0.3899    0.1564    0.9116    0.9115    3.0115    0.0020    2.4736    0.0048    2.7019    0.3060    0.5813    0.4073    0.2952    1.8533    0.0540    2.8017    0.9429    1.7263    0.2815    1.3334    1.8020    3.0443    1.3886    1.7124    1.7963    3.0268    0.0596    2.3459    0.0518    2.7683    0.1931    2.7329    1.4347    2.7757    0.0820    0.8400    0.5610    1.0085    0.1942    0.8044    3.0046    0.6547    3.1165    1.1368    3.0334    0.8214    1.3062    0.2146    2.0654    0.4961    2.1628    2.8042    1.8968    2.3574    2.7377    1.1789    1.6368    1.4250    0.6928    1.5752    0.3551    0.1036    2.2885    1.2809    0.6557    1.4594    1.2088    0.4584    0.7486    0.0144    2.1411    0.4739    2.2549    2.1356    2.1663    1.3024    2.6090    0.4817    2.1416    0.9213    2.8451    2.3555    0.4847    1.4884    1.1867    1.1618    0.0334    2.9756    0.5884    2.4245    1.3550    1.1674    0.7655    1.1872    2.4193    1.1914    3.0909    1.3309    0.6299    3.1312    0.8896    0.4362    0.4057
    890000    0.8965    2.2565    1.2999    2.2680    0.1533    1.9321    0.8340    1.4311    0.3349    2.2060    1.0279    1.9504    1.8597    1.9313    0.9827    1.3665    1.9063    0.8972    2.6717    1.4476    1.0943    1.0478    1.0325    1.4968    0.4087    1.6116    0.2562    1.3170    0.1812    1.3467    0.2067    2.0534    0.1416    2.2963    0.4270    2.4107    0.3366    2.0226    0.6396    2.7004    0.1414    2.9409    0.1585    2.4192    0.1246    1.7927    0.2943    1.2935    0.5520    1.0549    0.1665    1.8420    1.1443    2.8144    1.2574    3.1161    0.4341    2.2866    0.3495    2.2963    0.1659    1.8496    0.4086    1.9279    1.5947    0.8604    2.3897    2.3489    0.0764    1.7857    0.9096    1.5318    0.5078    2.2088    1.1896    1.3429    2.0270    2.6751    2.2650    2.9580    1.9265    2.0568    2.3717    1.9590    1.5585    2.9666    1.2618    1.6597    0.0696    1.6261    1.3921    2.1002    0.6200    1.2050    0.0143    0.5544    1.2866    1.4343    2.9867    0.3309    2.9783    0.0744    3.0111    0.2014    0.8837    0.1905    0.1666    2.9314    0.1354    0.5971    0.3279    1.1191    1.0644    2.4398    0.7104    2.9024    1.2358    2.0157    0.9449    2.8870    0.0546    2.3258    0.4872    2.4344    0.6333    2.5474    1.5966    2.8262    0.5032    1.1252    0.4607    1.2645    0.2396    1.1286    2.8970    0.9308    2.1040    0.5542    2.9043    0.6860    1.7355    0.3058    2.3123    0.5994    2.2477    2.3979    2.1602    2.4766    1.3893    1.7458    0.1937    1.8578    1.6387    2.5492    0.8460    0.1072    2.0825    0.9803    0.2694    1.4465    1.8107    0.1734    1.7120    2.5962    0.1046    1.2729    1.6090    2.0837    1.9110    1.7521    2.8595    1.4447    1.6461    0.5824    3.0275    2.5395    0.3673    1.9937    0.8633    1.7301    0.0827    2.0357    1.4374    2.6508    1.2196    0.9004    0.7986    1.0167    0.8775    0.4758    2.7438    0.1317    2.0915    2.2447    1.6552    1.2497    1.3604
    900000    0.9028    1.9928    0.9476    2.1056    0.3285    1.4063    0.1286    1.4101    0.7126    2.0331    0.0905    1.7214    2.0355    1.6765    0.9926    1.3667    0.2378    1.6149    0.4278    1.9011    0.2740    1.6524    0.0104    1.9580    0.7203    1.5891    0.7529    1.2353    0.7863    0.9826    0.4749    1.1802    0.5453    1.1212    0.8100    1.2966    0.7873    1.0843    0.8715    1.6535    0.5896    1.5793    0.4230    1.4202    0.3399    0.8831    0.4839    0.4246    0.1170    0.3086    0.1731    1.0067    0.3220    2.1591    0.6389    2.0187    0.0940    1.3530    0.4009    1.1980    0.6186    0.8499    0.7160    0.8702    2.3034    1.2496    2.9762    1.8075    0.2195    2.0413    1.5112    1.2916    0.8570    2.9585    1.1104    1.1250    2.0915    2.3849    1.5225    1.9774    2.8590    2.5753    2.5758    1.9639    1.3958    3.0465    1.5385    1.3960    0.0537    1.0426    1.6302    0.8506    0.2070    0.6311    0.4950    0.4505    0.6261    0.8433    2.8418    0.1761    2.1296    0.0129    2.4621    0.3775    0.7201    0.9045    0.3247    1.8001    0.2179    2.6986    0.5309    1.5911    0.0511    1.0842    1.7930    2.8421    1.4455    1.8033    1.7971    2.6915    0.4861    2.0000    0.3216    2.9713    0.2063    3.0840    1.0761    2.6505    0.1633    0.6792    0.5648    0.8010    0.3443    0.5955    2.8494    0.4812    2.7908    1.5922    2.8961    1.0395    1.8473    0.8208    2.8672    0.3541    2.6084    2.4682    2.3797    2.4215    2.8746    1.5074    1.8603    1.3600    0.7787    1.8359    0.6241    0.0036    1.8907    1.6037    1.0506    1.9807    1.1207    0.5495    0.2801    0.3216    1.0788    3.0512    0.3166    1.9549    2.0378    1.3728    2.5444    1.3029    2.0730    0.1038    3.0308    3.0663    0.1685    2.1960    1.1284    1.2720    0.1359    1.1855    1.5517    2.8355    2.2436    1.0962    2.4234    1.3512    2.8210    0.2111    2.4848    0.2144    1.2203    2.4541    0.8958    2.4484    0.7804
    910000    0.8252    2.1732    0.7873    2.4988    0.2610    1.7816    0.1106    2.0531    0.9511    3.1032    0.4321    2.4228    1.5991    2.1551    0.4033    1.1545    0.6305    1.3090    0.1743    1.7126    0.5848    1.3184    0.0241    1.8606    1.1517    1.2446    0.8018    1.1886    1.0514    0.8162    0.4038    1.0016    0.6423    0.9951    0.7791    1.1240    0.7892    0.9808    0.8141    1.4784    0.6235    1.4341    0.3911    1.2215    0.4161    0.7261    0.4989    0.2669    0.1832    0.1512    0.1675    0.8653    0.1784    2.0072    0.4756    1.8311    0.0609    1.1822    0.3995    1.0330    0.6551    0.7137    0.7254    0.6997    2.3338    1.1341    2.8342    1.6652    0.1716    2.0551    1.5277    1.2598    0.6751    2.8382    0.9325    1.1109    1.9421    2.7369    1.0310    1.7276    2.6273    2.5981    2.4761    2.1769    1.0916    2.6870    1.5724    1.1870    0.2054    1.1774    1.5819    0.3773    0.3279    0.6839    0.3911    0.5697    0.5518    0.5589    3.0288    0.2786    2.0158    0.0505    2.3999    0.4229    0.5617    0.8470    0.4115    1.8219    0.0482    2.3853    0.7838    1.9303    0.1867    0.8858    1.9750    2.7049    1.5211    1.5375    2.0268    2.6357    0.5342    1.7409    0.5854    2.9228    0.3946    2.5137    0.6017    2.5929    0.4152    0.5653    0.6823    0.6485    0.5960    0.4327    2.8879    0.3208    2.6716    1.3754    2.9276    0.9893    1.7643    0.8785    3.1291    0.3600    2.7393    2.3008    2.3662    2.1754    2.9102    1.8410    2.0333    1.1395    0.8894    2.1901    0.9138    0.1776    1.7307    1.5120    1.2534    2.1868    1.1050    0.6563    0.2769    0.5563    1.3278    3.0481    0.3650    1.5556    2.2941    1.1258    2.5963    1.0876    2.3184    0.0749    2.8332    0.7631    2.5178    2.1786    1.1201    1.3344    0.3508    1.3067    2.6405    2.3403    2.3291    0.5110    2.1108    1.5316    3.0963    0.3322    2.0720    0.2550    0.9128    2.9399    1.0797    2.5801    1.3811
    920000    1.3806    0.7179    1.6040    1.5706    0.8677    0.7110    0.1706    0.1074    1.6056    0.0505    2.7861    0.2523    1.9243    0.7743    1.5121    0.5828    0.4022    0.6961    0.5215    0.7450    0.4021    0.4342    0.4519    0.6918    0.0503    1.0042    0.5717    0.8755    0.2786    0.8557    2.0572    0.3435    2.9641    0.4390    2.7101    0.6480    3.0302    0.4864    2.9286    0.6027    2.7840    0.4411    3.0216    0.5372    2.9293    0.3409    1.1734    0.0220    2.3671    0.0606    2.9131    0.1154    2.8991    0.1407    2.3732    0.4875    2.1536    0.3009    2.2468    0.4188    2.8051    0.0354    2.2546    0.1133    2.9502    0.5677    2.8320    0.1356    2.6010    0.5570    2.5285    0.2180    1.6293    0.5955    2.6359    0.2394    2.5195    0.5370    2.5983    3.0727    2.2756    2.5002    2.0308    1.0120    0.5959    1.2265    1.1715    1.4090    1.3388    2.1617    2.1273    0.1313    1.4291    0.4815    0.3725    0.7560    0.8262    2.3366    0.0025    0.8853    0.6668    1.8516    0.4067    1.5842    1.3619    3.0042    0.0649    2.0319    1.0138    1.5592    0.1762    1.0563    0.7680    1.2499    1.3901    2.4711    1.2827    2.8221    1.3484    2.3529    1.0850    2.1698    2.1164    2.9297    0.4957    1.6700    0.5759    0.1007    0.5233    0.2156    0.0770    0.0136    0.1410    0.1131    0.1466    2.9378    0.3322    0.8985    1.1269    2.3024    0.6941    2.9756    0.9219    0.3152    1.7019    2.7053    1.0343    1.9992    0.7745    2.3646    0.7223    1.8091    0.6710    2.5521    0.7904    0.5728    1.4578    2.6678    1.0810    2.8615    0.9908    0.5377    0.7187    2.7784    0.7701    2.1846    0.7419    1.8846    0.9972    2.6217    0.9608    2.5276    1.5320    1.9247    1.4168    2.4742    1.1632    2.3651    3.1051    0.3072    2.2772    1.2475    1.4314    0.5010    2.2805    1.4004    1.8842    1.2102    1.1356    0.0538    0.3952    0.1059    0.2764    2.0769    2.4238    0.1980    0.3334
    930000    1.1147    1.1583    1.1224    2.7105    0.4198    1.3079    1.0269    0.7486    0.5677    1.4332    2.5760    0.1961    2.4810    0.9545    2.9706    1.2463    2.6721    1.1066    1.9633    1.7426    2.2959    0.9090    2.1284    2.3931    1.7320    1.2965    2.5846    1.2840    2.8111    1.2704    2.8229    1.4992    2.3106    1.0395    2.2746    1.5390    2.2878    0.6496    2.5511    1.7866    2.1540    0.9440    2.3612    1.6370    2.7936    1.0881    2.4551    0.8925    2.9913    0.7526    2.4517    1.1601    2.2864    2.0098    1.8829    1.7126    0.6726    0.9485    0.9720    1.2363    1.3080    0.5774    1.2312    1.0350    2.6856    0.6425    3.0699    1.6394    3.1216    0.9597    2.3210    1.1766    1.9715    1.3536    2.7431    1.1494    3.0350    1.2693    3.0289    2.6405    3.0729    2.8474    3.1093    2.0517    2.0929    1.9113    1.2865    2.9719    1.0929    3.1036    2.7535    1.5899    1.2627    0.0335    1.7257    0.4671    1.3999    2.7641    1.6097    0.8397    2.6068    0.0704    2.3164    0.3504    2.9846    0.3558    2.2973    3.0819    0.2183    1.5425    0.6675    0.5912    0.0824    2.4461    0.9334    2.9245    1.1556    2.6993    1.1272    3.1156    0.7095    1.6717    0.1831    2.5410    0.1384    3.0950    1.2019    2.0895    0.3779    0.8404    0.1826    0.9293    0.3983    0.9671    1.1075    2.2950    2.8181    0.6011    2.4496    1.2108    1.9285    1.5388    2.8423    0.1627    3.1280    2.1130    2.9214    2.4355    0.9442    2.6030    0.7027    2.2172    1.0780    2.3396    0.7929    0.4409    1.2145    2.7331    1.0031    2.3804    1.1882    0.0091    1.0538    2.0139    0.2688    1.4384    1.1543    2.7401    1.1859    2.1188    1.7761    2.5375    1.8693    1.4618    1.8817    2.7030    0.6487    2.9865    1.2045    2.1143    1.3372    1.4108    2.1535    2.4396    2.8400    0.9196    3.1109    1.6404    2.7269    0.8290    3.0420    1.1109    1.6609    2.9962    1.6554    1.7871    1.6314
    940000    1.1594    0.6348    1.3418    1.3875    1.1390    0.4970    0.0117    0.2881    1.1548    0.3094    2.2338    0.1432    1.9712    0.9016    2.0403    0.9063    0.4413    0.8614    0.7237    1.0194    0.3757    0.6637    0.6631    1.0591    0.1161    1.1075    1.1372    1.0395    0.4173    0.9839    2.3211    0.5900    2.8473    0.4263    2.3711    0.8961    2.7013    0.4296    2.6492    0.9226    2.4000    0.4483    2.4635    0.9075    2.8819    0.5302    1.7689    0.2194    3.0583    0.1802    2.6928    0.4409    2.1937    0.1150    1.8191    0.6831    1.4123    0.1328    1.5364    0.6451    1.9961    0.1871    1.6266    0.3190    2.7054    0.3215    3.1056    0.4511    2.7773    0.7626    2.9205    0.4613    1.7578    0.8261    2.6455    0.5070    2.6815    0.7701    2.7545    2.5039    2.6000    2.6524    2.1967    2.3102    0.6111    1.6364    1.2066    2.2280    1.6543    2.1107    2.1877    0.2977    1.1501    0.4008    0.5948    0.5710    0.1013    2.8299    0.3926    0.4227    1.1479    1.0444    0.6660    0.9549    1.9636    3.0827    0.0832    2.1023    0.6639    2.1315    0.1361    0.9971    0.6149    1.3833    1.3266    2.8116    1.4057    2.9786    1.3464    2.5955    1.0645    1.9078    0.3290    2.6796    0.5220    2.6182    0.9373    1.1134    0.1001    0.1013    0.1501    0.2772    0.0693    0.1562    0.1776    2.6481    0.4597    0.9111    1.6356    1.8890    1.0970    2.8308    1.3840    0.1780    2.1940    2.9795    1.9426    2.2988    0.5983    2.3347    0.5856    1.9896    0.5678    2.8302    0.7304    0.6332    1.3687    2.6517    0.9742    2.4222    0.9659    0.5032    0.7546    2.1536    1.1222    2.4920    0.9309    1.8940    0.6044    2.8895    0.6374    1.9327    1.8980    1.8925    1.6197    2.2266    0.9943    1.9914    1.9240    0.7105    2.0867    1.5482    2.3770    0.7912    2.1390    1.1596    2.5427    1.3873    2.3289    0.1713    1.3230    0.5518    0.9514    3.1345    1.6058    1.7409    2.3496
    950000    0.8537    2.4232    0.9770    2.7045    0.6577    1.5546    0.1916    2.3337    0.9354    2.5140    0.5039    3.1273    1.8613    1.9345    0.0817    1.3544    1.3094    2.2013    0.3357    1.2361    0.6420    1.2729    0.0608    1.2155    0.6930    1.1050    0.2379    1.1441    0.6021    1.2340    0.0326    2.2460    0.2941    2.5543    0.1431    2.0282    0.2377    2.9278    0.2198    2.7485    0.3463    2.2410    0.0028    3.1118    0.1744    2.4132    0.1123    1.5228    0.5703    0.9861    0.4630    2.1667    0.7167    2.9114    0.9174    2.5254    1.0613    2.2637    0.6587    2.8215    0.2634    3.1314    0.0077    2.8159    1.1105    1.7124    1.7440    2.5199    0.4853    1.6057    0.1482    1.4259    0.3220    1.1672    0.7777    1.2041    0.4915    1.0230    1.9967    1.4559    0.9084    0.4573    1.6045    1.2291    2.5882    1.2816    0.6891    0.7785    0.8139    1.1323    0.4327    2.0823    0.4228    0.1240    0.2131    0.1803    1.5530    0.6782    2.9015    0.0479    2.6616    0.0178    2.8654    0.3027    0.7955    0.1774    2.3612    0.3140    2.7381    0.2297    2.7746    0.0436    2.5688    1.0759    2.4005    2.7416    2.4030    2.9983    2.4674    1.7629    1.7203    0.8981    2.8887    1.2678    1.5715    1.6218    2.3388    2.6314    0.3073    0.8126    0.7564    0.9788    0.4438    0.8406    2.7203    0.7327    0.3466    0.9154    0.2553    0.1905    0.2453    0.1214    0.8300    0.7251    1.0963    1.5644    0.1517    1.3935    2.5302    1.0189    2.3113    0.7808    2.5211    0.6495    3.0577    0.2777    2.9777    0.4123    0.0289    0.2475    0.6009    0.4946    0.1796    1.0196    1.3900    0.3259    1.4609    0.3317    2.3959    1.5899    1.3483    0.8400    2.3470    0.8856    2.3833    0.5150    1.8176    2.4422    0.8687    0.2388    0.3073    2.8100    0.4329    2.8265    1.0456    0.1340    1.0054    0.8981    2.0833    0.7637    2.3629    0.7208    1.6440    2.4415    0.7986    1.6141    1.4792
    960000    0.9635    2.1978    0.5644    2.2283    0.6801    1.1087    0.6176    1.7620    0.6327    2.2703    0.1485    2.8620    2.1354    1.6676    0.3326    0.8912    1.7609    1.9757    0.2061    1.0645    0.9613    1.1030    0.2538    1.1005    1.0183    0.8813    0.5660    0.8629    0.8672    0.8812    0.2000    1.3500    0.1121    2.7327    0.3625    0.6950    0.6539    2.3466    0.1759    1.5862    0.2616    2.6289    0.0038    2.0751    0.7463    1.1484    0.2964    0.2563    0.3748    0.0493    0.4731    1.4412    0.5791    2.9810    0.7396    2.6873    1.1323    1.8832    0.6919    2.9349    0.1457    3.0135    0.1731    2.4314    1.0409    2.5960    3.0955    2.2343    0.5043    1.4143    0.1709    1.3057    0.4486    1.0796    0.6216    1.0778    0.3977    0.8773    2.8069    1.5999    2.1322    0.4624    1.1774    0.4068    2.9544    1.2230    0.0319    0.1371    1.8621    0.5643    0.9391    0.9201    0.8946    0.4146    0.2432    0.2710    1.2814    0.4028    3.1300    0.1193    2.0068    0.1795    2.4269    0.3203    0.6744    0.4085    2.3274    0.0578    2.3327    0.4794    2.9532    0.9868    3.1321    0.4294    2.6740    0.7122    1.9305    0.7449    2.4222    1.0035    2.2392    0.0244    2.8205    0.2627    2.3743    0.0185    2.4509    1.9696    1.2754    0.4786    0.9806    0.6671    1.1061    0.4516    2.7401    0.2785    1.0703    0.2984    0.3881    0.1133    0.0553    0.2059    0.3669    0.5988    0.6058    0.8857    0.0185    0.6878    2.5262    1.0432    2.7178    0.4620    2.5581    0.0036    3.0783    0.8949    1.6530    0.5588    0.3589    0.1862    0.3392    0.5233    0.0179    0.7582    2.8212    0.4393    0.7391    0.0832    3.1345    0.5102    1.9393    0.3779    2.5248    1.2164    1.6806    0.2077    3.0913    0.5832    0.8341    0.3761    0.0409    0.5921    0.7249    0.9256    1.2648    0.2599    1.0877    0.9275    1.9960    0.0952    2.8111    0.4795    1.1954    2.4636    1.2780    1.4049    1.7175
    970000    1.2025    2.7295    1.9492    2.2894    1.8419    1.7628    1.8439    1.6827    1.2499    0.6410    1.4323    1.6548    1.8464    0.5846    2.1790    2.2524    2.7238    2.8911    2.9062    1.2800    2.2753    1.0648    3.0834    0.8505    2.4231    0.2128    2.6666    0.0157    2.9208    0.5127    0.5978    0.2252    1.6285    0.9682    1.4743    0.9098    0.8632    1.2553    1.0397    0.4317    1.4039    0.7305    1.3432    0.0628    1.9863    1.0903    2.5169    1.2651    3.0781    1.6092    1.7829    0.0551    1.5694    0.8299    1.2327    1.8400    0.3307    1.0831    1.6989    1.5122    2.9152    2.0751    1.6578    0.0226    1.4791    1.4796    2.1376    1.7420    2.0347    1.1509    2.4480    1.0256    2.4414    0.3307    2.8807    1.6418    1.5183    2.1265    1.4619    2.6374    0.3528    2.0050    0.7419    1.1976    0.3529    3.0152    0.9544    0.8001    1.6791    1.7556    0.4167    1.8484    1.4469    1.4666    1.2470    2.7830    1.6151    2.7340    2.1189    1.9597    1.0857    2.1764    1.5106    1.5792    0.3630    0.6509    2.1537    0.4260    1.1458    1.3624    2.9003    1.4979    3.0036    0.9088    1.9686    0.0205    2.0703    0.2710    2.3149    0.3122    2.5584    0.0226    2.9010    0.9547    2.9338    0.7716    2.9954    0.7116    2.9642    1.8120    3.0586    1.3596    0.4601    1.5736    2.7548    2.3592    2.8249    0.8698    1.6323    0.1933    2.8761    0.2651    2.6632    0.0844    2.6562    0.2414    2.8381    0.9804    2.6068    1.7552    1.4998    1.2784    2.5611    0.0501    2.5244    0.5655    1.8126    1.3143    3.0679    0.4949    2.6582    0.7674    3.0312    0.7923    1.8674    1.4034    0.7490    1.2104    3.1141    1.3392    2.6087    0.4917    1.2927    1.1879    1.6747    0.3054    2.6540    0.9868    1.6804    1.7889    0.6692    0.5351    1.8325    2.8511    2.9554    2.7336    2.6244    3.0382    2.7865    0.9919    2.4175    1.0024    1.7020    1.8669    1.8610    1.6904    0.2378
    980000    2.0044    1.2936    2.4373    2.1507    2.3965    1.8869    0.7748    2.3001    3.0946    0.3282    0.8420    3.0969    1.6163    0.3206    1.2339    2.4919    0.3128    2.1789    1.3007    0.6785    1.3963    1.0165    0.4262    0.8741    1.5568    0.2470    1.3964    0.0711    1.7595    0.2015    0.2723    0.5024    2.5144    0.3430    2.4675    0.1170    2.5374    0.2967    2.3229    0.0089    2.3519    0.2940    1.9810    0.5465    2.8016    0.7086    2.7943    0.8008    2.8421    0.8764    2.6936    0.4456    2.6774    0.4737    2.3341    0.3431    2.7526    0.6489    2.5178    0.7986    3.1203    0.9556    2.5010    0.3423    2.3365    0.0911    1.8924    1.2076    0.7555    2.0067    1.3549    0.3473    0.4212    0.2916    1.0469    1.5158    0.0272    1.4676    1.0305    2.0432    0.4154    1.7327    1.2682    1.3801    0.3355    2.9881    0.3300    1.2827    1.4147    1.7108    0.3216    1.5497    0.7815    1.4956    0.1091    2.0092    1.3715    2.8138    1.7597    2.0801    1.2066    2.9190    1.6345    1.5426    2.0047    2.6490    1.2242    1.9728    0.3390    1.8867    2.9366    1.5256    2.8372    0.6979    1.9908    0.1777    1.9064    0.6098    2.9600    1.0084    1.4355    2.7517    2.7077    1.5200    3.1406    1.6462    3.0246    2.3083    2.9803    2.9977    2.7921    1.4906    2.2060    1.9518    3.1027    2.5890    2.8204    0.8364    0.1556    0.9134    1.1757    1.0852    1.5894    0.2241    1.7081    0.2676    2.4294    0.0770    2.4421    1.6441    2.0242    0.9216    2.3416    0.6707    3.0190    1.3443    1.9582    1.7797    2.4812    1.0985    1.8791    2.0749    0.2584    1.2844    1.8684    1.0775    2.4267    0.0562    2.3922    0.9661    1.6301    1.0702    1.9221    0.4928    3.0653    0.1217    0.7233    2.0134    1.2285    0.0304    0.1804    0.0343    1.4619    0.8681    2.5351    0.2049    1.6683    0.4306    0.6672    0.8785    0.3508    0.0587    1.1969    2.7220    1.2848    2.5466    1.3024
    990000    1.3199    3.1263    1.8764    2.5571    1.7596    2.0654    1.6761    1.6591    1.3649    0.6208    1.4053    1.5656    1.9384    0.7959    2.2750    2.1851    2.5377    2.9403    2.6785    1.0023    2.2442    2.0015    2.1595    1.0412    2.2876    0.1875    2.5536    0.0067    2.9020    0.5276    0.4270    0.0211    1.3785    0.8934    1.4006    0.7601    1.0176    1.0966    1.0569    0.4224    1.3675    0.6568    1.2366    0.0187    1.9005    1.0237    2.4591    0.9673    2.8088    1.4959    1.7832    0.0584    1.6104    0.7507    1.0747    1.3934    0.1111    0.9609    1.7318    0.9306    2.8245    1.8545    1.6766    0.1869    2.8857    0.5335    2.1096    1.7237    2.0178    1.3872    2.2536    0.9782    2.2308    0.6652    2.3240    1.5662    1.3118    2.5691    1.4613    2.5431    0.2438    1.8549    0.8024    1.1994    0.3983    3.0151    0.9377    0.7842    1.6700    1.7263    0.4321    1.8003    1.3529    1.4451    0.7807    3.0068    1.5103    2.6554    2.1045    1.8736    1.1148    2.2978    1.5592    1.4918    0.3911    0.7231    2.0213    0.6901    0.8379    1.4657    2.9190    1.5174    3.0986    0.8556    2.0176    0.1550    2.2275    0.2695    2.4120    0.0310    2.8293    0.0051    2.9850    0.8660    2.9665    0.6757    3.0035    0.6282    2.8732    2.0197    3.1286    1.3413    2.8852    1.3564    2.8403    2.1807    2.8829    0.7849    1.5273    0.2361    2.8500    0.3165    2.7860    0.0475    2.7743    0.0908    2.7850    0.8723    2.7631    1.5913    1.4248    0.9840    2.6772    0.1508    1.9387    0.8336    2.9749    0.4559    1.3647    0.9426    1.1950    1.1654    0.3784    1.3861    2.6918    0.2928    2.7587    0.1982    2.1584    0.2966    0.5416    1.6994    2.3399    1.0931    1.9822    0.0524    1.5730    1.7902    1.8449    0.7443    1.8904    0.8398    1.4878    0.5785    2.6605    0.9656    1.2094    2.0862    1.8129    0.2741    1.9363    0.3440    1.8821    1.0397    0.1504    2.8696    1.6896
   1000000    1.8569    1.5885    2.1792    2.4672    2.1555    2.3386    1.0346    1.7847    1.9496    0.7512    0.8642    2.1467    2.2972    1.2970    2.0217    2.2606    1.5512    2.8105    1.7952    0.6062    1.7587    1.0199    0.8047    0.7384    1.8262    0.0996    1.8596    0.0658    2.2633    0.0713    0.0111    0.2676    1.9344    0.4370    1.8788    0.1755    1.7592    0.4514    1.6736    0.1392    1.7820    0.3414    1.4204    0.3986    2.7295    0.7461    2.5626    0.7766    3.1225    1.0955    2.1165    0.1715    2.1733    0.4656    1.7362    0.7812    1.2098    0.6800    2.1617    0.7895    2.9584    1.1384    2.1468    0.0538    2.6068    0.2295    2.0100    1.4011    2.0087    2.5461    1.6336    0.5964    0.1512    0.0291    0.8726    1.2499    0.1121    1.7511    1.1961    2.1975    0.1903    1.6403    1.1078    1.2318    0.3661    3.0149    0.6221    0.9980    1.5168    1.6155    0.4232    1.5568    0.9237    1.4719    0.1777    2.1440    1.2835    2.7383    1.8487    1.9034    1.2037    2.7425    1.6247    1.4224    2.1358    2.6654    1.3072    1.6894    0.0363    1.8332    3.0019    1.5368    2.7806    0.6669    2.0339    0.0051    2.1628    0.3255    2.7989    0.6196    2.9564    0.7513    2.9162    1.1131    3.0649    1.0603    3.0344    1.4860    2.7784    3.0689    3.0151    1.2951    2.3686    1.7897    3.0768    2.2814    2.7336    0.7865    0.6713    0.3046    1.7270    0.7785    1.9870    0.0984    2.0682    0.2165    2.3919    0.0003    2.4470    1.3551    1.6502    0.7673    2.7489    0.3332    2.1292    1.0448    2.3824    1.3109    2.8634    1.1173    1.5269    1.6848    0.3791    1.2600    2.0826    0.8695    2.5549    0.0231    2.3114    0.3728    1.0414    1.1992    1.9590    0.8340    3.0701    0.1713    1.2337    2.9194    1.5566    0.1786    1.5186    0.6267    0.4781    0.5836    2.7823    0.1766    0.9219    0.1438    0.9912    0.4299    1.5873    0.7353    0.2060    2.3429    0.2324    2.6241    0.2626
